Thu May 07 2020 20:51:15 GMT+0800 (GMT+08:00) -- login success
Fri May 08 2020 16:30:35 GMT+0800 (GMT+08:00) -- login success
Fri May 08 2020 16:30:40 GMT+0800 (GMT+08:00) -- login success
Fri May 08 2020 16:32:14 GMT+0800 (GMT+08:00) -- login success
Fri May 08 2020 16:38:42 GMT+0800 (GMT+08:00) -- login success
Fri May 08 2020 16:46:41 GMT+0800 (GMT+08:00) -- login success
Fri May 08 2020 16:46:46 GMT+0800 (GMT+08:00) -- login success
Fri May 08 2020 16:46:54 GMT+0800 (GMT+08:00) -- login success
Fri May 08 2020 16:56:25 GMT+0800 (GMT+08:00) -- login success
Fri May 08 2020 16:56:32 GMT+0800 (GMT+08:00) -- login success
Fri May 08 2020 16:56:39 GMT+0800 (GMT+08:00) -- login success
Fri May 08 2020 16:56:44 GMT+0800 (GMT+08:00) -- login success
Fri May 08 2020 16:56:56 GMT+0800 (GMT+08:00) -- login success
Fri May 08 2020 16:56:58 GMT+0800 (GMT+08:00) -- login success
Fri May 08 2020 17:01:57 GMT+0800 (GMT+08:00) -- login success
Fri May 08 2020 17:04:30 GMT+0800 (GMT+08:00) -- login success
Fri May 08 2020 17:04:41 GMT+0800 (GMT+08:00) -- login success
Fri May 08 2020 17:05:03 GMT+0800 (GMT+08:00) -- login success
Fri May 08 2020 17:05:09 GMT+0800 (GMT+08:00) -- login success
Fri May 08 2020 17:05:54 GMT+0800 (GMT+08:00) -- login success
Fri May 08 2020 17:06:24 GMT+0800 (GMT+08:00) -- login success
Fri May 08 2020 17:07:07 GMT+0800 (GMT+08:00) -- login success
Fri May 08 2020 17:07:53 GMT+0800 (GMT+08:00) -- login success
Fri May 08 2020 17:08:01 GMT+0800 (GMT+08:00) -- login success
Fri May 08 2020 17:08:06 GMT+0800 (GMT+08:00) -- login success
Fri May 08 2020 17:08:29 GMT+0800 (GMT+08:00) -- login success
Fri May 08 2020 17:08:43 GMT+0800 (GMT+08:00) -- login success
Fri May 08 2020 17:08:48 GMT+0800 (GMT+08:00) -- login success
Fri May 08 2020 17:08:50 GMT+0800 (GMT+08:00) -- login success
Fri May 08 2020 17:10:52 GMT+0800 (GMT+08:00) -- login success
Fri May 08 2020 17:11:19 GMT+0800 (GMT+08:00) -- login success
Fri May 08 2020 17:11:54 GMT+0800 (GMT+08:00) -- login success
Fri May 08 2020 17:14:35 GMT+0800 (GMT+08:00) -- login success
Fri May 08 2020 17:22:58 GMT+0800 (GMT+08:00) -- login success
Fri May 08 2020 17:23:00 GMT+0800 (GMT+08:00) -- login success
Fri May 08 2020 17:25:57 GMT+0800 (GMT+08:00) -- login success
Fri May 08 2020 17:26:40 GMT+0800 (GMT+08:00) -- login success
Fri May 08 2020 17:28:45 GMT+0800 (GMT+08:00) -- login success
Fri May 08 2020 17:28:47 GMT+0800 (GMT+08:00) -- login success
Fri May 08 2020 17:29:27 GMT+0800 (GMT+08:00) -- login success
Fri May 08 2020 17:29:36 GMT+0800 (GMT+08:00) -- login success
Fri May 08 2020 17:29:42 GMT+0800 (GMT+08:00) -- login success
Fri May 08 2020 17:30:11 GMT+0800 (GMT+08:00) -- login success
Fri May 08 2020 17:30:30 GMT+0800 (GMT+08:00) -- login success
Fri May 08 2020 17:31:11 GMT+0800 (GMT+08:00) -- login success
Fri May 08 2020 17:31:28 GMT+0800 (GMT+08:00) -- login success
Fri May 08 2020 17:31:58 GMT+0800 (GMT+08:00) -- login success
Fri May 08 2020 17:32:04 GMT+0800 (GMT+08:00) -- login success
Fri May 08 2020 17:32:11 GMT+0800 (GMT+08:00) -- login success
Fri May 08 2020 17:33:44 GMT+0800 (GMT+08:00) -- login success
Fri May 08 2020 17:34:09 GMT+0800 (GMT+08:00) -- login success
Fri May 08 2020 17:35:54 GMT+0800 (GMT+08:00) -- login success
Fri May 08 2020 17:39:21 GMT+0800 (GMT+08:00) -- login success
Fri May 08 2020 17:42:24 GMT+0800 (GMT+08:00) -- login success
Fri May 08 2020 17:47:26 GMT+0800 (GMT+08:00) -- login success
Fri May 08 2020 17:47:35 GMT+0800 (GMT+08:00) -- login success
Fri May 08 2020 17:47:37 GMT+0800 (GMT+08:00) -- login success
Fri May 08 2020 17:53:21 GMT+0800 (GMT+08:00) -- login success
Fri May 08 2020 17:55:37 GMT+0800 (GMT+08:00) -- login success
Fri May 08 2020 17:56:21 GMT+0800 (GMT+08:00) -- login success
Fri May 08 2020 17:59:38 GMT+0800 (GMT+08:00) -- login success
Fri May 08 2020 18:00:05 GMT+0800 (GMT+08:00) -- login success
Fri May 08 2020 18:00:18 GMT+0800 (GMT+08:00) -- login success
Fri May 08 2020 18:04:09 GMT+0800 (GMT+08:00) -- login success
Fri May 08 2020 18:04:31 GMT+0800 (GMT+08:00) -- login success
Fri May 08 2020 18:05:27 GMT+0800 (GMT+08:00) -- login success
Fri May 08 2020 18:05:39 GMT+0800 (GMT+08:00) -- login success
Fri May 08 2020 18:06:57 GMT+0800 (GMT+08:00) -- login success
Fri May 08 2020 18:14:24 GMT+0800 (GMT+08:00) -- login success
Fri May 08 2020 18:15:13 GMT+0800 (GMT+08:00) -- login success
Fri May 08 2020 18:15:33 GMT+0800 (GMT+08:00) -- login success
Fri May 08 2020 18:44:28 GMT+0800 (GMT+08:00) -- login success
Sat May 09 2020 03:54:07 GMT+0800 (GMT+08:00) -- login success
Sat May 09 2020 03:55:28 GMT+0800 (GMT+08:00) -- login success
Sat May 09 2020 03:56:27 GMT+0800 (GMT+08:00) -- login success
Sat May 09 2020 21:34:08 GMT+0800 (GMT+08:00) -- login success
Sat May 09 2020 22:14:00 GMT+0800 (GMT+08:00) -- login refresh error -- reason:Error: socket hang up
Sat May 09 2020 23:10:58 GMT+0800 (GMT+08:00) -- login error -- reason:Error: connect ECONNREFUSED 127.0.0.1:3000
Sun May 10 2020 00:41:05 GMT+0800 (GMT+08:00) -- login success
Sun May 10 2020 23:39:58 GMT+0800 (GMT+08:00) -- login error -- reason:Error: connect ECONNREFUSED 127.0.0.1:3000
Mon May 11 2020 11:32:27 GMT+0800 (GMT+08:00) -- login success
Mon May 11 2020 13:56:17 GMT+0800 (GMT+08:00) -- login success
Mon May 11 2020 13:56:24 GMT+0800 (GMT+08:00) -- login success
Mon May 11 2020 13:58:21 GMT+0800 (GMT+08:00) -- login success
Mon May 11 2020 14:07:52 GMT+0800 (GMT+08:00) -- login success
Mon May 11 2020 14:17:24 GMT+0800 (GMT+08:00) -- login success
Mon May 11 2020 14:24:12 GMT+0800 (GMT+08:00) -- login success
Mon May 11 2020 14:24:41 GMT+0800 (GMT+08:00) -- login success
Mon May 11 2020 14:29:44 GMT+0800 (GMT+08:00) -- login success
Mon May 11 2020 14:31:34 GMT+0800 (GMT+08:00) -- login success
Mon May 11 2020 14:31:45 GMT+0800 (GMT+08:00) -- login success
Mon May 11 2020 14:31:54 GMT+0800 (GMT+08:00) -- login success
Mon May 11 2020 15:53:14 GMT+0800 (GMT+08:00) -- login success
Mon May 11 2020 16:01:50 GMT+0800 (GMT+08:00) -- login success
Mon May 11 2020 16:08:51 GMT+0800 (GMT+08:00) -- login success
Mon May 11 2020 16:10:38 GMT+0800 (GMT+08:00) -- login success
Mon May 11 2020 16:11:24 GMT+0800 (GMT+08:00) -- login success
Mon May 11 2020 16:11:55 GMT+0800 (GMT+08:00) -- login success
Mon May 11 2020 16:13:31 GMT+0800 (GMT+08:00) -- login success
Mon May 11 2020 16:14:34 GMT+0800 (GMT+08:00) -- login success
Mon May 11 2020 16:15:16 GMT+0800 (GMT+08:00) -- login success
Mon May 11 2020 16:16:27 GMT+0800 (GMT+08:00) -- login success
Mon May 11 2020 16:16:31 GMT+0800 (GMT+08:00) -- login success
Mon May 11 2020 16:17:58 GMT+0800 (GMT+08:00) -- login success
Mon May 11 2020 16:18:11 GMT+0800 (GMT+08:00) -- login success
Mon May 11 2020 16:18:46 GMT+0800 (GMT+08:00) -- login success
Mon May 11 2020 16:19:18 GMT+0800 (GMT+08:00) -- login success
Mon May 11 2020 16:20:26 GMT+0800 (GMT+08:00) -- login success
Mon May 11 2020 16:20:58 GMT+0800 (GMT+08:00) -- login success
Mon May 11 2020 16:22:09 GMT+0800 (GMT+08:00) -- login success
Mon May 11 2020 16:22:23 GMT+0800 (GMT+08:00) -- login success
Mon May 11 2020 16:23:52 GMT+0800 (GMT+08:00) -- login success
Mon May 11 2020 16:24:47 GMT+0800 (GMT+08:00) -- login success
Mon May 11 2020 16:27:10 GMT+0800 (GMT+08:00) -- login success
Mon May 11 2020 16:29:05 GMT+0800 (GMT+08:00) -- login success
Mon May 11 2020 16:36:07 GMT+0800 (GMT+08:00) -- login success
Mon May 11 2020 16:39:50 GMT+0800 (GMT+08:00) -- login success
Mon May 11 2020 16:40:11 GMT+0800 (GMT+08:00) -- login success
Mon May 11 2020 16:40:55 GMT+0800 (GMT+08:00) -- login success
Mon May 11 2020 16:41:37 GMT+0800 (GMT+08:00) -- login success
Mon May 11 2020 16:42:56 GMT+0800 (GMT+08:00) -- login success
Mon May 11 2020 16:43:17 GMT+0800 (GMT+08:00) -- login success
Mon May 11 2020 16:43:24 GMT+0800 (GMT+08:00) -- login success
Mon May 11 2020 16:43:40 GMT+0800 (GMT+08:00) -- login success
Mon May 11 2020 16:44:26 GMT+0800 (GMT+08:00) -- login success
Mon May 11 2020 16:45:39 GMT+0800 (GMT+08:00) -- login success
Mon May 11 2020 16:46:39 GMT+0800 (GMT+08:00) -- login success
Mon May 11 2020 16:47:44 GMT+0800 (GMT+08:00) -- login success
Mon May 11 2020 16:48:02 GMT+0800 (GMT+08:00) -- login success
Mon May 11 2020 16:48:18 GMT+0800 (GMT+08:00) -- login success
Mon May 11 2020 16:48:34 GMT+0800 (GMT+08:00) -- login success
Mon May 11 2020 16:50:35 GMT+0800 (GMT+08:00) -- login success
Mon May 11 2020 16:51:31 GMT+0800 (GMT+08:00) -- login success
Mon May 11 2020 16:51:58 GMT+0800 (GMT+08:00) -- login success
Mon May 11 2020 16:52:18 GMT+0800 (GMT+08:00) -- login success
Mon May 11 2020 16:52:49 GMT+0800 (GMT+08:00) -- login success
Mon May 11 2020 16:53:30 GMT+0800 (GMT+08:00) -- login success
Mon May 11 2020 16:58:52 GMT+0800 (GMT+08:00) -- login success
Mon May 11 2020 18:19:02 GMT+0800 (GMT+08:00) -- login success
Mon May 11 2020 18:25:25 GMT+0800 (GMT+08:00) -- login success
Mon May 11 2020 18:35:33 GMT+0800 (GMT+08:00) -- login success
Mon May 11 2020 18:35:40 GMT+0800 (GMT+08:00) -- login success
Mon May 11 2020 18:36:06 GMT+0800 (GMT+08:00) -- login success
Mon May 11 2020 18:37:20 GMT+0800 (GMT+08:00) -- login success
Mon May 11 2020 18:38:31 GMT+0800 (GMT+08:00) -- login success
Mon May 11 2020 18:39:36 GMT+0800 (GMT+08:00) -- login success
Mon May 11 2020 18:41:03 GMT+0800 (GMT+08:00) -- login success
Mon May 11 2020 18:41:12 GMT+0800 (GMT+08:00) -- login success
Mon May 11 2020 18:41:45 GMT+0800 (GMT+08:00) -- login success
Mon May 11 2020 18:44:20 GMT+0800 (GMT+08:00) -- login success
Mon May 11 2020 18:47:38 GMT+0800 (GMT+08:00) -- login success
Mon May 11 2020 18:59:16 GMT+0800 (GMT+08:00) -- login success
Mon May 11 2020 18:59:23 GMT+0800 (GMT+08:00) -- login success
Mon May 11 2020 19:00:14 GMT+0800 (GMT+08:00) -- login success
Mon May 11 2020 19:00:44 GMT+0800 (GMT+08:00) -- login success
Mon May 11 2020 19:41:40 GMT+0800 (GMT+08:00) -- login success
Mon May 11 2020 19:42:03 GMT+0800 (GMT+08:00) -- login success
Mon May 11 2020 19:47:22 GMT+0800 (GMT+08:00) -- login success
Mon May 11 2020 19:49:24 GMT+0800 (GMT+08:00) -- login success
Mon May 11 2020 19:50:38 GMT+0800 (GMT+08:00) -- login success
Mon May 11 2020 19:53:18 GMT+0800 (GMT+08:00) -- login success
Mon May 11 2020 19:54:29 GMT+0800 (GMT+08:00) -- login success
Mon May 11 2020 19:57:20 GMT+0800 (GMT+08:00) -- login success
Mon May 11 2020 19:59:00 GMT+0800 (GMT+08:00) -- login success
Mon May 11 2020 20:02:06 GMT+0800 (GMT+08:00) -- login success
Mon May 11 2020 20:16:10 GMT+0800 (GMT+08:00) -- login success
Mon May 11 2020 20:19:05 GMT+0800 (GMT+08:00) -- login success
Mon May 11 2020 20:20:20 GMT+0800 (GMT+08:00) -- login success
Mon May 11 2020 20:21:55 GMT+0800 (GMT+08:00) -- login success
Mon May 11 2020 20:22:25 GMT+0800 (GMT+08:00) -- login success
Mon May 11 2020 20:22:51 GMT+0800 (GMT+08:00) -- login success
Mon May 11 2020 20:54:17 GMT+0800 (GMT+08:00) -- login success
Mon May 11 2020 20:56:30 GMT+0800 (GMT+08:00) -- login success
Mon May 11 2020 20:58:01 GMT+0800 (GMT+08:00) -- login success
Mon May 11 2020 21:04:15 GMT+0800 (GMT+08:00) -- login success
Mon May 11 2020 21:05:25 GMT+0800 (GMT+08:00) -- login success
Mon May 11 2020 21:06:07 GMT+0800 (GMT+08:00) -- login success
Mon May 11 2020 21:12:24 GMT+0800 (GMT+08:00) -- login success
Mon May 11 2020 21:13:06 GMT+0800 (GMT+08:00) -- login success
Mon May 11 2020 21:15:35 GMT+0800 (GMT+08:00) -- login success
Mon May 11 2020 21:16:24 GMT+0800 (GMT+08:00) -- login success
Mon May 11 2020 21:16:46 GMT+0800 (GMT+08:00) -- login success
Mon May 11 2020 21:17:31 GMT+0800 (GMT+08:00) -- login success
Mon May 11 2020 21:19:18 GMT+0800 (GMT+08:00) -- login success
Mon May 11 2020 21:19:50 GMT+0800 (GMT+08:00) -- login success
Mon May 11 2020 21:21:49 GMT+0800 (GMT+08:00) -- login success
Mon May 11 2020 21:22:42 GMT+0800 (GMT+08:00) -- login success
Mon May 11 2020 21:23:43 GMT+0800 (GMT+08:00) -- login success
Mon May 11 2020 21:24:50 GMT+0800 (GMT+08:00) -- login success
Mon May 11 2020 21:27:13 GMT+0800 (GMT+08:00) -- login success
Mon May 11 2020 21:27:53 GMT+0800 (GMT+08:00) -- login success
Mon May 11 2020 21:29:50 GMT+0800 (GMT+08:00) -- login success
Mon May 11 2020 21:29:53 GMT+0800 (GMT+08:00) -- login success
Mon May 11 2020 21:29:59 GMT+0800 (GMT+08:00) -- login success
Mon May 11 2020 21:30:44 GMT+0800 (GMT+08:00) -- login success
Mon May 11 2020 21:31:39 GMT+0800 (GMT+08:00) -- login success
Mon May 11 2020 21:31:43 GMT+0800 (GMT+08:00) -- login success
Mon May 11 2020 21:34:14 GMT+0800 (GMT+08:00) -- login success
Mon May 11 2020 21:34:59 GMT+0800 (GMT+08:00) -- login success
Mon May 11 2020 21:35:23 GMT+0800 (GMT+08:00) -- login success
Mon May 11 2020 21:35:50 GMT+0800 (GMT+08:00) -- login success
Mon May 11 2020 21:35:57 GMT+0800 (GMT+08:00) -- login success
Mon May 11 2020 21:38:10 GMT+0800 (GMT+08:00) -- login success
Mon May 11 2020 21:38:18 GMT+0800 (GMT+08:00) -- login success
Mon May 11 2020 21:38:23 GMT+0800 (GMT+08:00) -- login success
Mon May 11 2020 21:39:34 GMT+0800 (GMT+08:00) -- login success
Mon May 11 2020 21:44:01 GMT+0800 (GMT+08:00) -- login success
Mon May 11 2020 21:44:05 GMT+0800 (GMT+08:00) -- login success
Mon May 11 2020 21:48:40 GMT+0800 (GMT+08:00) -- login success
Mon May 11 2020 21:49:16 GMT+0800 (GMT+08:00) -- login success
Tue May 12 2020 10:18:55 GMT+0800 (GMT+08:00) -- login success
Tue May 12 2020 21:15:07 GMT+0800 (GMT+08:00) -- login error -- reason:Error: connect ECONNREFUSED 127.0.0.1:3000
Tue May 12 2020 21:59:04 GMT+0800 (GMT+08:00) -- login success
Tue May 12 2020 22:51:01 GMT+0800 (GMT+08:00) -- login success
Tue May 12 2020 23:32:02 GMT+0800 (GMT+08:00) -- login success
Thu May 14 2020 08:54:45 GMT+0800 (GMT+08:00) -- login success
Thu May 14 2020 09:04:57 GMT+0800 (GMT+08:00) -- login success
Thu May 14 2020 09:05:56 GMT+0800 (GMT+08:00) -- login success
Thu May 14 2020 09:07:10 GMT+0800 (GMT+08:00) -- login success
Thu May 14 2020 09:07:14 GMT+0800 (GMT+08:00) -- login success
Thu May 14 2020 09:09:15 GMT+0800 (GMT+08:00) -- login success
Thu May 14 2020 09:09:45 GMT+0800 (GMT+08:00) -- login success
Thu May 14 2020 09:10:29 GMT+0800 (GMT+08:00) -- login success
Thu May 14 2020 09:12:03 GMT+0800 (GMT+08:00) -- login success
Thu May 14 2020 09:12:52 GMT+0800 (GMT+08:00) -- login success
Thu May 14 2020 09:16:57 GMT+0800 (GMT+08:00) -- login success
Thu May 14 2020 09:27:29 GMT+0800 (GMT+08:00) -- login success
Thu May 14 2020 21:38:47 GMT+0800 (GMT+08:00) -- login success
Thu May 14 2020 23:55:23 GMT+0800 (GMT+08:00) -- login error -- reason:Error: connect ECONNREFUSED 127.0.0.1:3000
Thu Aug 13 2020 00:14:07 GMT+0800 (GMT+08:00) -- login success
Thu Aug 13 2020 02:34:32 GMT+0800 (GMT+08:00) -- login success
Thu Aug 13 2020 02:35:32 GMT+0800 (GMT+08:00) -- login success
Thu Aug 13 2020 02:36:25 GMT+0800 (GMT+08:00) -- login success
Thu Aug 13 2020 02:41:33 GMT+0800 (GMT+08:00) -- login success
Thu Aug 13 2020 02:57:02 GMT+0800 (GMT+08:00) -- login success
Thu Aug 13 2020 03:00:30 GMT+0800 (GMT+08:00) -- login success
Thu Aug 13 2020 03:01:24 GMT+0800 (GMT+08:00) -- login success
Thu Aug 13 2020 03:05:59 GMT+0800 (GMT+08:00) -- login success
Thu Aug 13 2020 03:09:57 GMT+0800 (GMT+08:00) -- login success
Thu Aug 13 2020 03:14:01 GMT+0800 (GMT+08:00) -- login success
Thu Aug 13 2020 03:20:25 GMT+0800 (GMT+08:00) -- login success
Thu Aug 13 2020 03:21:28 GMT+0800 (GMT+08:00) -- login success
Thu Aug 13 2020 03:22:21 GMT+0800 (GMT+08:00) -- login success
Thu Aug 13 2020 03:24:08 GMT+0800 (GMT+08:00) -- login success
Thu Aug 13 2020 03:24:29 GMT+0800 (GMT+08:00) -- login success
Thu Aug 13 2020 03:39:46 GMT+0800 (GMT+08:00) -- login success
Thu Aug 13 2020 03:54:16 GMT+0800 (GMT+08:00) -- login success
Thu Aug 13 2020 03:54:39 GMT+0800 (GMT+08:00) -- login success
Thu Aug 13 2020 03:55:17 GMT+0800 (GMT+08:00) -- login success
Thu Aug 13 2020 03:56:29 GMT+0800 (GMT+08:00) -- login success
Thu Aug 13 2020 03:56:52 GMT+0800 (GMT+08:00) -- login success
Thu Aug 13 2020 04:00:10 GMT+0800 (GMT+08:00) -- login error -- reason:Error: Bad Request
Thu Aug 13 2020 04:03:38 GMT+0800 (GMT+08:00) -- login success
Thu Aug 13 2020 04:09:09 GMT+0800 (GMT+08:00) -- login success
Thu Aug 13 2020 04:12:33 GMT+0800 (GMT+08:00) -- login success
Thu Aug 13 2020 04:13:13 GMT+0800 (GMT+08:00) -- login success
Thu Aug 13 2020 04:17:34 GMT+0800 (GMT+08:00) -- login success
Thu Aug 13 2020 04:25:10 GMT+0800 (GMT+08:00) -- login success
Thu Aug 13 2020 13:41:37 GMT+0800 (GMT+08:00) -- login success
Thu Aug 13 2020 13:42:21 GMT+0800 (GMT+08:00) -- login success
Thu Aug 13 2020 13:43:00 GMT+0800 (GMT+08:00) -- login success
Thu Aug 13 2020 13:55:51 GMT+0800 (GMT+08:00) -- login success
Thu Aug 13 2020 13:55:52 GMT+0800 (GMT+08:00) -- login success
Thu Aug 13 2020 13:56:44 GMT+0800 (GMT+08:00) -- login success
Thu Aug 13 2020 13:59:16 GMT+0800 (GMT+08:00) -- login success
Thu Aug 13 2020 14:00:17 GMT+0800 (GMT+08:00) -- login success
Thu Aug 13 2020 14:02:18 GMT+0800 (GMT+08:00) -- login success
Thu Aug 13 2020 14:02:21 GMT+0800 (GMT+08:00) -- login success
Thu Aug 13 2020 14:49:53 GMT+0800 (GMT+08:00) -- login success
Thu Aug 13 2020 15:28:09 GMT+0800 (GMT+08:00) -- login success
Thu Aug 13 2020 16:16:33 GMT+0800 (GMT+08:00) -- login success
Thu Aug 13 2020 16:39:21 GMT+0800 (GMT+08:00) -- login success
Thu Aug 13 2020 16:39:22 GMT+0800 (GMT+08:00) -- login success
Thu Aug 13 2020 16:45:04 GMT+0800 (GMT+08:00) -- login success
Thu Aug 13 2020 16:48:06 GMT+0800 (GMT+08:00) -- login success
Thu Aug 13 2020 16:58:07 GMT+0800 (GMT+08:00) -- login success
Thu Aug 13 2020 17:00:45 GMT+0800 (GMT+08:00) -- login success
Thu Aug 13 2020 17:23:18 GMT+0800 (GMT+08:00) -- login success
Thu Aug 13 2020 17:50:40 GMT+0800 (GMT+08:00) -- login success
Thu Aug 13 2020 17:57:43 GMT+0800 (GMT+08:00) -- login success
Thu Aug 13 2020 18:00:56 GMT+0800 (GMT+08:00) -- login success
Thu Aug 13 2020 18:03:39 GMT+0800 (GMT+08:00) -- login success
Thu Aug 13 2020 18:03:49 GMT+0800 (GMT+08:00) -- login success
Thu Aug 13 2020 18:10:47 GMT+0800 (GMT+08:00) -- login success
Thu Aug 13 2020 18:12:25 GMT+0800 (GMT+08:00) -- login success
Thu Aug 13 2020 18:15:20 GMT+0800 (GMT+08:00) -- login success
Thu Aug 13 2020 18:17:16 GMT+0800 (GMT+08:00) -- login success
Thu Aug 13 2020 21:28:18 GMT+0800 (GMT+08:00) -- login success
Thu Aug 13 2020 21:31:53 GMT+0800 (GMT+08:00) -- login success
Thu Aug 13 2020 21:33:50 GMT+0800 (GMT+08:00) -- login success
Thu Aug 13 2020 21:34:34 GMT+0800 (GMT+08:00) -- login success
Thu Aug 13 2020 21:35:11 GMT+0800 (GMT+08:00) -- login success
Thu Aug 13 2020 21:37:49 GMT+0800 (GMT+08:00) -- login success
Thu Aug 13 2020 21:41:26 GMT+0800 (GMT+08:00) -- login success
Thu Aug 13 2020 22:03:57 GMT+0800 (GMT+08:00) -- login success
Thu Aug 13 2020 22:23:52 GMT+0800 (GMT+08:00) -- login success
Thu Aug 13 2020 22:23:56 GMT+0800 (GMT+08:00) -- login success
Thu Aug 13 2020 22:25:18 GMT+0800 (GMT+08:00) -- login success
Thu Aug 13 2020 22:26:21 GMT+0800 (GMT+08:00) -- login success
Thu Aug 13 2020 22:27:27 GMT+0800 (GMT+08:00) -- login success
Thu Aug 13 2020 22:28:10 GMT+0800 (GMT+08:00) -- login success
Thu Aug 13 2020 22:28:49 GMT+0800 (GMT+08:00) -- login success
Thu Aug 13 2020 22:38:39 GMT+0800 (GMT+08:00) -- login success
Thu Aug 13 2020 22:39:52 GMT+0800 (GMT+08:00) -- login success
Thu Aug 13 2020 22:40:25 GMT+0800 (GMT+08:00) -- login success
Thu Aug 13 2020 22:41:01 GMT+0800 (GMT+08:00) -- login success
Thu Aug 13 2020 22:54:48 GMT+0800 (GMT+08:00) -- login success
Thu Aug 13 2020 23:05:39 GMT+0800 (GMT+08:00) -- login error -- reason:Error: connect ECONNREFUSED 127.0.0.1:3000
Fri Aug 14 2020 01:37:46 GMT+0800 (GMT+08:00) -- login success
Fri Aug 14 2020 11:50:00 GMT+0800 (GMT+08:00) -- login refresh error -- reason:Error: No location header for redirect
Fri Aug 14 2020 11:52:00 GMT+0800 (GMT+08:00) -- login refresh error -- reason:Error: No location header for redirect
Fri Aug 14 2020 11:54:00 GMT+0800 (GMT+08:00) -- login refresh error -- reason:Error: No location header for redirect
Fri Aug 14 2020 11:56:00 GMT+0800 (GMT+08:00) -- login refresh error -- reason:Error: No location header for redirect
Fri Aug 14 2020 11:58:00 GMT+0800 (GMT+08:00) -- login refresh error -- reason:Error: No location header for redirect
Fri Aug 14 2020 12:00:00 GMT+0800 (GMT+08:00) -- login refresh error -- reason:Error: No location header for redirect
Fri Aug 14 2020 12:02:00 GMT+0800 (GMT+08:00) -- login refresh error -- reason:Error: No location header for redirect
Fri Aug 14 2020 12:04:00 GMT+0800 (GMT+08:00) -- login refresh error -- reason:Error: No location header for redirect
Fri Aug 14 2020 12:06:00 GMT+0800 (GMT+08:00) -- login refresh error -- reason:Error: No location header for redirect
Fri Aug 14 2020 12:08:00 GMT+0800 (GMT+08:00) -- login refresh error -- reason:Error: No location header for redirect
Fri Aug 14 2020 12:10:00 GMT+0800 (GMT+08:00) -- login refresh error -- reason:Error: No location header for redirect
Fri Aug 14 2020 12:12:00 GMT+0800 (GMT+08:00) -- login refresh error -- reason:Error: No location header for redirect
Fri Aug 14 2020 12:14:00 GMT+0800 (GMT+08:00) -- login refresh error -- reason:Error: No location header for redirect
Fri Aug 14 2020 12:16:00 GMT+0800 (GMT+08:00) -- login refresh error -- reason:Error: No location header for redirect
Fri Aug 14 2020 12:18:00 GMT+0800 (GMT+08:00) -- login refresh error -- reason:Error: No location header for redirect
Fri Aug 14 2020 12:20:00 GMT+0800 (GMT+08:00) -- login refresh error -- reason:Error: No location header for redirect
Fri Aug 14 2020 12:22:00 GMT+0800 (GMT+08:00) -- login refresh error -- reason:Error: No location header for redirect
Fri Aug 14 2020 12:24:00 GMT+0800 (GMT+08:00) -- login refresh error -- reason:Error: No location header for redirect
Fri Aug 14 2020 12:26:00 GMT+0800 (GMT+08:00) -- login refresh error -- reason:Error: No location header for redirect
Fri Aug 14 2020 12:28:00 GMT+0800 (GMT+08:00) -- login refresh error -- reason:Error: No location header for redirect
Fri Aug 14 2020 12:30:00 GMT+0800 (GMT+08:00) -- login refresh error -- reason:Error: No location header for redirect
Fri Aug 14 2020 12:32:00 GMT+0800 (GMT+08:00) -- login refresh error -- reason:Error: No location header for redirect
Fri Aug 14 2020 12:34:00 GMT+0800 (GMT+08:00) -- login refresh error -- reason:Error: No location header for redirect
Fri Aug 14 2020 12:36:00 GMT+0800 (GMT+08:00) -- login refresh error -- reason:Error: No location header for redirect
Fri Aug 14 2020 12:38:00 GMT+0800 (GMT+08:00) -- login refresh error -- reason:Error: No location header for redirect
Fri Aug 14 2020 12:40:00 GMT+0800 (GMT+08:00) -- login refresh error -- reason:Error: No location header for redirect
Fri Aug 14 2020 12:44:00 GMT+0800 (GMT+08:00) -- login refresh error -- reason:Error: socket hang up
Fri Aug 14 2020 12:44:00 GMT+0800 (GMT+08:00) -- login refresh error -- reason:Error: No location header for redirect
Fri Aug 14 2020 12:46:00 GMT+0800 (GMT+08:00) -- login refresh error -- reason:Error: No location header for redirect
Fri Aug 14 2020 12:48:00 GMT+0800 (GMT+08:00) -- login refresh error -- reason:Error: No location header for redirect
Fri Aug 14 2020 12:50:00 GMT+0800 (GMT+08:00) -- login refresh error -- reason:Error: No location header for redirect
Fri Aug 14 2020 12:52:00 GMT+0800 (GMT+08:00) -- login refresh error -- reason:Error: No location header for redirect
Fri Aug 14 2020 12:54:00 GMT+0800 (GMT+08:00) -- login refresh error -- reason:Error: No location header for redirect
Fri Aug 14 2020 12:56:00 GMT+0800 (GMT+08:00) -- login refresh error -- reason:Error: No location header for redirect
Fri Aug 14 2020 12:58:00 GMT+0800 (GMT+08:00) -- login refresh error -- reason:Error: No location header for redirect
Fri Aug 14 2020 13:00:00 GMT+0800 (GMT+08:00) -- login refresh error -- reason:Error: No location header for redirect
Fri Aug 14 2020 13:02:00 GMT+0800 (GMT+08:00) -- login refresh error -- reason:Error: No location header for redirect
Fri Aug 14 2020 13:04:00 GMT+0800 (GMT+08:00) -- login refresh error -- reason:Error: No location header for redirect
Fri Aug 14 2020 13:06:00 GMT+0800 (GMT+08:00) -- login refresh error -- reason:Error: No location header for redirect
Fri Aug 14 2020 13:08:00 GMT+0800 (GMT+08:00) -- login refresh error -- reason:Error: No location header for redirect
Fri Aug 14 2020 13:10:00 GMT+0800 (GMT+08:00) -- login refresh error -- reason:Error: No location header for redirect
Fri Aug 14 2020 13:12:00 GMT+0800 (GMT+08:00) -- login refresh error -- reason:Error: No location header for redirect
Fri Aug 14 2020 13:14:00 GMT+0800 (GMT+08:00) -- login refresh error -- reason:Error: No location header for redirect
Fri Aug 14 2020 13:16:00 GMT+0800 (GMT+08:00) -- login refresh error -- reason:Error: No location header for redirect
Fri Aug 14 2020 13:18:00 GMT+0800 (GMT+08:00) -- login refresh error -- reason:Error: No location header for redirect
Fri Aug 14 2020 13:20:00 GMT+0800 (GMT+08:00) -- login refresh error -- reason:Error: No location header for redirect
Fri Aug 14 2020 13:22:00 GMT+0800 (GMT+08:00) -- login refresh error -- reason:Error: No location header for redirect
Fri Aug 14 2020 13:24:00 GMT+0800 (GMT+08:00) -- login refresh error -- reason:Error: No location header for redirect
Fri Aug 14 2020 13:26:00 GMT+0800 (GMT+08:00) -- login refresh error -- reason:Error: No location header for redirect
Fri Aug 14 2020 13:28:00 GMT+0800 (GMT+08:00) -- login refresh error -- reason:Error: No location header for redirect
Fri Aug 14 2020 13:30:00 GMT+0800 (GMT+08:00) -- login refresh error -- reason:Error: No location header for redirect
Fri Aug 14 2020 13:32:00 GMT+0800 (GMT+08:00) -- login refresh error -- reason:Error: No location header for redirect
Fri Aug 14 2020 13:34:00 GMT+0800 (GMT+08:00) -- login refresh error -- reason:Error: No location header for redirect
Fri Aug 14 2020 13:36:00 GMT+0800 (GMT+08:00) -- login refresh error -- reason:Error: No location header for redirect
Fri Aug 14 2020 13:38:00 GMT+0800 (GMT+08:00) -- login refresh error -- reason:Error: No location header for redirect
Fri Aug 14 2020 13:40:00 GMT+0800 (GMT+08:00) -- login refresh error -- reason:Error: No location header for redirect
Fri Aug 14 2020 13:42:00 GMT+0800 (GMT+08:00) -- login refresh error -- reason:Error: No location header for redirect
Fri Aug 14 2020 13:44:00 GMT+0800 (GMT+08:00) -- login refresh error -- reason:Error: No location header for redirect
Fri Aug 14 2020 13:46:00 GMT+0800 (GMT+08:00) -- login refresh error -- reason:Error: No location header for redirect
Fri Aug 14 2020 13:48:00 GMT+0800 (GMT+08:00) -- login refresh error -- reason:Error: No location header for redirect
Fri Aug 14 2020 13:50:00 GMT+0800 (GMT+08:00) -- login refresh error -- reason:Error: No location header for redirect
Fri Aug 14 2020 13:52:00 GMT+0800 (GMT+08:00) -- login refresh error -- reason:Error: No location header for redirect
Fri Aug 14 2020 13:54:00 GMT+0800 (GMT+08:00) -- login refresh error -- reason:Error: No location header for redirect
Fri Aug 14 2020 13:56:00 GMT+0800 (GMT+08:00) -- login refresh error -- reason:Error: No location header for redirect
Fri Aug 14 2020 13:58:00 GMT+0800 (GMT+08:00) -- login refresh error -- reason:Error: No location header for redirect
Fri Aug 14 2020 14:00:00 GMT+0800 (GMT+08:00) -- login refresh error -- reason:Error: No location header for redirect
Fri Aug 14 2020 14:02:00 GMT+0800 (GMT+08:00) -- login refresh error -- reason:Error: No location header for redirect
Fri Aug 14 2020 14:04:00 GMT+0800 (GMT+08:00) -- login refresh error -- reason:Error: No location header for redirect
Fri Aug 14 2020 14:06:00 GMT+0800 (GMT+08:00) -- login refresh error -- reason:Error: No location header for redirect
Fri Aug 14 2020 14:08:00 GMT+0800 (GMT+08:00) -- login refresh error -- reason:Error: No location header for redirect
Fri Aug 14 2020 14:10:00 GMT+0800 (GMT+08:00) -- login refresh error -- reason:Error: No location header for redirect
Fri Aug 14 2020 14:12:00 GMT+0800 (GMT+08:00) -- login refresh error -- reason:Error: No location header for redirect
Fri Aug 14 2020 14:14:00 GMT+0800 (GMT+08:00) -- login refresh error -- reason:Error: No location header for redirect
Fri Aug 14 2020 14:16:00 GMT+0800 (GMT+08:00) -- login refresh error -- reason:Error: No location header for redirect
Fri Aug 14 2020 14:18:00 GMT+0800 (GMT+08:00) -- login refresh error -- reason:Error: No location header for redirect
Fri Aug 14 2020 14:20:00 GMT+0800 (GMT+08:00) -- login refresh error -- reason:Error: No location header for redirect
Fri Aug 14 2020 14:22:00 GMT+0800 (GMT+08:00) -- login refresh error -- reason:Error: No location header for redirect
Fri Aug 14 2020 14:24:00 GMT+0800 (GMT+08:00) -- login refresh error -- reason:Error: No location header for redirect
Fri Aug 14 2020 14:26:00 GMT+0800 (GMT+08:00) -- login refresh error -- reason:Error: No location header for redirect
Fri Aug 14 2020 14:28:00 GMT+0800 (GMT+08:00) -- login refresh error -- reason:Error: No location header for redirect
Fri Aug 14 2020 14:30:00 GMT+0800 (GMT+08:00) -- login refresh error -- reason:Error: No location header for redirect
Fri Aug 14 2020 14:32:00 GMT+0800 (GMT+08:00) -- login refresh error -- reason:Error: No location header for redirect
Fri Aug 14 2020 14:34:00 GMT+0800 (GMT+08:00) -- login refresh error -- reason:Error: No location header for redirect
Fri Aug 14 2020 14:36:00 GMT+0800 (GMT+08:00) -- login refresh error -- reason:Error: No location header for redirect
Fri Aug 14 2020 14:38:00 GMT+0800 (GMT+08:00) -- login refresh error -- reason:Error: No location header for redirect
Fri Aug 14 2020 14:40:00 GMT+0800 (GMT+08:00) -- login refresh error -- reason:Error: No location header for redirect
Fri Aug 14 2020 14:42:00 GMT+0800 (GMT+08:00) -- login refresh error -- reason:Error: No location header for redirect
Fri Aug 14 2020 14:44:00 GMT+0800 (GMT+08:00) -- login refresh error -- reason:Error: No location header for redirect
Fri Aug 14 2020 14:46:00 GMT+0800 (GMT+08:00) -- login refresh error -- reason:Error: No location header for redirect
Fri Aug 14 2020 14:48:00 GMT+0800 (GMT+08:00) -- login refresh error -- reason:Error: No location header for redirect
Fri Aug 14 2020 14:50:00 GMT+0800 (GMT+08:00) -- login refresh error -- reason:Error: No location header for redirect
Fri Aug 14 2020 14:52:00 GMT+0800 (GMT+08:00) -- login refresh error -- reason:Error: No location header for redirect
Fri Aug 14 2020 14:54:00 GMT+0800 (GMT+08:00) -- login refresh error -- reason:Error: No location header for redirect
Fri Aug 14 2020 14:56:00 GMT+0800 (GMT+08:00) -- login refresh error -- reason:Error: No location header for redirect
Fri Aug 14 2020 14:57:20 GMT+0800 (GMT+08:00) -- login success
Fri Aug 14 2020 14:58:00 GMT+0800 (GMT+08:00) -- login refresh error -- reason:Error: No location header for redirect
Fri Aug 14 2020 15:00:00 GMT+0800 (GMT+08:00) -- login refresh error -- reason:Error: No location header for redirect
Fri Aug 14 2020 15:02:00 GMT+0800 (GMT+08:00) -- login refresh error -- reason:Error: No location header for redirect
Fri Aug 14 2020 15:04:00 GMT+0800 (GMT+08:00) -- login refresh error -- reason:Error: No location header for redirect
Fri Aug 14 2020 15:06:00 GMT+0800 (GMT+08:00) -- login refresh error -- reason:Error: No location header for redirect
Fri Aug 14 2020 15:08:00 GMT+0800 (GMT+08:00) -- login refresh error -- reason:Error: No location header for redirect
Fri Aug 14 2020 15:10:00 GMT+0800 (GMT+08:00) -- login refresh error -- reason:Error: No location header for redirect
Fri Aug 14 2020 15:12:00 GMT+0800 (GMT+08:00) -- login refresh error -- reason:Error: No location header for redirect
Fri Aug 14 2020 15:14:00 GMT+0800 (GMT+08:00) -- login refresh error -- reason:Error: No location header for redirect
Fri Aug 14 2020 15:16:00 GMT+0800 (GMT+08:00) -- login refresh error -- reason:Error: No location header for redirect
Fri Aug 14 2020 15:17:05 GMT+0800 (GMT+08:00) -- login success
Fri Aug 14 2020 15:18:00 GMT+0800 (GMT+08:00) -- login refresh error -- reason:Error: No location header for redirect
Fri Aug 14 2020 15:20:00 GMT+0800 (GMT+08:00) -- login refresh error -- reason:Error: No location header for redirect
Fri Aug 14 2020 15:22:00 GMT+0800 (GMT+08:00) -- login refresh error -- reason:Error: No location header for redirect
Fri Aug 14 2020 15:24:00 GMT+0800 (GMT+08:00) -- login refresh error -- reason:Error: No location header for redirect
Fri Aug 14 2020 15:26:00 GMT+0800 (GMT+08:00) -- login refresh error -- reason:Error: No location header for redirect
Fri Aug 14 2020 15:28:00 GMT+0800 (GMT+08:00) -- login refresh error -- reason:Error: No location header for redirect
Fri Aug 14 2020 15:30:00 GMT+0800 (GMT+08:00) -- login refresh error -- reason:Error: No location header for redirect
Fri Aug 14 2020 15:32:00 GMT+0800 (GMT+08:00) -- login refresh error -- reason:Error: No location header for redirect
Fri Aug 14 2020 15:34:00 GMT+0800 (GMT+08:00) -- login refresh error -- reason:Error: No location header for redirect
Fri Aug 14 2020 15:36:00 GMT+0800 (GMT+08:00) -- login refresh error -- reason:Error: No location header for redirect
Fri Aug 14 2020 15:38:00 GMT+0800 (GMT+08:00) -- login refresh error -- reason:Error: No location header for redirect
Fri Aug 14 2020 15:40:00 GMT+0800 (GMT+08:00) -- login refresh error -- reason:Error: No location header for redirect
Fri Aug 14 2020 15:42:00 GMT+0800 (GMT+08:00) -- login refresh error -- reason:Error: No location header for redirect
Fri Aug 14 2020 15:44:00 GMT+0800 (GMT+08:00) -- login refresh error -- reason:Error: No location header for redirect
Fri Aug 14 2020 15:46:00 GMT+0800 (GMT+08:00) -- login refresh error -- reason:Error: No location header for redirect
Fri Aug 14 2020 15:48:00 GMT+0800 (GMT+08:00) -- login refresh error -- reason:Error: No location header for redirect
Fri Aug 14 2020 15:50:00 GMT+0800 (GMT+08:00) -- login refresh error -- reason:Error: No location header for redirect
Fri Aug 14 2020 15:52:00 GMT+0800 (GMT+08:00) -- login refresh error -- reason:Error: No location header for redirect
Fri Aug 14 2020 15:54:00 GMT+0800 (GMT+08:00) -- login refresh error -- reason:Error: No location header for redirect
Fri Aug 14 2020 15:56:00 GMT+0800 (GMT+08:00) -- login refresh error -- reason:Error: No location header for redirect
Fri Aug 14 2020 15:58:00 GMT+0800 (GMT+08:00) -- login refresh error -- reason:Error: No location header for redirect
Fri Aug 14 2020 16:00:00 GMT+0800 (GMT+08:00) -- login refresh error -- reason:Error: No location header for redirect
Fri Aug 14 2020 16:02:00 GMT+0800 (GMT+08:00) -- login refresh error -- reason:Error: No location header for redirect
Fri Aug 14 2020 16:04:00 GMT+0800 (GMT+08:00) -- login refresh error -- reason:Error: No location header for redirect
Fri Aug 14 2020 16:06:00 GMT+0800 (GMT+08:00) -- login refresh error -- reason:Error: No location header for redirect
Fri Aug 14 2020 16:08:00 GMT+0800 (GMT+08:00) -- login refresh error -- reason:Error: No location header for redirect
Fri Aug 14 2020 16:10:00 GMT+0800 (GMT+08:00) -- login refresh error -- reason:Error: No location header for redirect
Fri Aug 14 2020 16:12:00 GMT+0800 (GMT+08:00) -- login refresh error -- reason:Error: No location header for redirect
Fri Aug 14 2020 16:14:00 GMT+0800 (GMT+08:00) -- login refresh error -- reason:Error: No location header for redirect
Fri Aug 14 2020 16:16:00 GMT+0800 (GMT+08:00) -- login refresh error -- reason:Error: No location header for redirect
Fri Aug 14 2020 16:18:00 GMT+0800 (GMT+08:00) -- login refresh error -- reason:Error: No location header for redirect
Fri Aug 14 2020 16:20:00 GMT+0800 (GMT+08:00) -- login refresh error -- reason:Error: No location header for redirect
Fri Aug 14 2020 16:22:00 GMT+0800 (GMT+08:00) -- login refresh error -- reason:Error: No location header for redirect
Fri Aug 14 2020 16:24:00 GMT+0800 (GMT+08:00) -- login refresh error -- reason:Error: No location header for redirect
Fri Aug 14 2020 16:26:00 GMT+0800 (GMT+08:00) -- login refresh error -- reason:Error: No location header for redirect
Fri Aug 14 2020 16:26:41 GMT+0800 (GMT+08:00) -- login success
Fri Aug 14 2020 16:28:00 GMT+0800 (GMT+08:00) -- login refresh error -- reason:Error: No location header for redirect
Fri Aug 14 2020 16:30:00 GMT+0800 (GMT+08:00) -- login refresh error -- reason:Error: No location header for redirect
Fri Aug 14 2020 16:32:00 GMT+0800 (GMT+08:00) -- login refresh error -- reason:Error: No location header for redirect
Fri Aug 14 2020 16:34:00 GMT+0800 (GMT+08:00) -- login refresh error -- reason:Error: No location header for redirect
Fri Aug 14 2020 16:36:00 GMT+0800 (GMT+08:00) -- login refresh error -- reason:Error: No location header for redirect
Fri Aug 14 2020 16:38:00 GMT+0800 (GMT+08:00) -- login refresh error -- reason:Error: No location header for redirect
Fri Aug 14 2020 16:40:00 GMT+0800 (GMT+08:00) -- login refresh error -- reason:Error: No location header for redirect
Fri Aug 14 2020 16:42:00 GMT+0800 (GMT+08:00) -- login refresh error -- reason:Error: No location header for redirect
Fri Aug 14 2020 16:44:00 GMT+0800 (GMT+08:00) -- login refresh error -- reason:Error: No location header for redirect
Fri Aug 14 2020 16:46:00 GMT+0800 (GMT+08:00) -- login refresh error -- reason:Error: No location header for redirect
Fri Aug 14 2020 16:48:00 GMT+0800 (GMT+08:00) -- login refresh error -- reason:Error: No location header for redirect
Fri Aug 14 2020 16:50:00 GMT+0800 (GMT+08:00) -- login refresh error -- reason:Error: No location header for redirect
Fri Aug 14 2020 16:52:00 GMT+0800 (GMT+08:00) -- login refresh error -- reason:Error: No location header for redirect
Fri Aug 14 2020 16:54:00 GMT+0800 (GMT+08:00) -- login refresh error -- reason:Error: No location header for redirect
Fri Aug 14 2020 16:56:00 GMT+0800 (GMT+08:00) -- login refresh error -- reason:Error: No location header for redirect
Fri Aug 14 2020 16:58:00 GMT+0800 (GMT+08:00) -- login refresh error -- reason:Error: No location header for redirect
Fri Aug 14 2020 17:00:00 GMT+0800 (GMT+08:00) -- login refresh error -- reason:Error: No location header for redirect
Fri Aug 14 2020 17:01:39 GMT+0800 (GMT+08:00) -- login success
Fri Aug 14 2020 17:02:00 GMT+0800 (GMT+08:00) -- login refresh error -- reason:Error: No location header for redirect
Fri Aug 14 2020 17:03:02 GMT+0800 (GMT+08:00) -- login success
Fri Aug 14 2020 17:04:00 GMT+0800 (GMT+08:00) -- login refresh error -- reason:Error: No location header for redirect
Fri Aug 14 2020 17:05:23 GMT+0800 (GMT+08:00) -- login success
Fri Aug 14 2020 17:05:56 GMT+0800 (GMT+08:00) -- login success
Fri Aug 14 2020 17:06:00 GMT+0800 (GMT+08:00) -- login refresh error -- reason:Error: No location header for redirect
Fri Aug 14 2020 17:15:30 GMT+0800 (GMT+08:00) -- login success
Fri Aug 14 2020 17:16:00 GMT+0800 (GMT+08:00) -- login refresh error -- reason:Error: No location header for redirect
Fri Aug 14 2020 17:29:10 GMT+0800 (GMT+08:00) -- login success
Fri Aug 14 2020 17:29:26 GMT+0800 (GMT+08:00) -- login success
Fri Aug 14 2020 17:35:26 GMT+0800 (GMT+08:00) -- login success
Fri Aug 14 2020 17:38:08 GMT+0800 (GMT+08:00) -- login success
Fri Aug 14 2020 17:46:25 GMT+0800 (GMT+08:00) -- login success
Fri Aug 14 2020 17:48:10 GMT+0800 (GMT+08:00) -- login success
Fri Aug 14 2020 17:52:00 GMT+0800 (GMT+08:00) -- login success
Fri Aug 14 2020 17:53:08 GMT+0800 (GMT+08:00) -- login success
Fri Aug 14 2020 17:54:34 GMT+0800 (GMT+08:00) -- login success
Fri Aug 14 2020 18:03:29 GMT+0800 (GMT+08:00) -- login success
Fri Aug 14 2020 18:04:07 GMT+0800 (GMT+08:00) -- login success
Fri Aug 14 2020 18:06:27 GMT+0800 (GMT+08:00) -- login success
Fri Aug 14 2020 18:07:30 GMT+0800 (GMT+08:00) -- login success
Fri Aug 14 2020 18:08:22 GMT+0800 (GMT+08:00) -- login success
Fri Aug 14 2020 18:09:34 GMT+0800 (GMT+08:00) -- login success
Fri Aug 14 2020 18:11:12 GMT+0800 (GMT+08:00) -- login success
Fri Aug 14 2020 18:15:45 GMT+0800 (GMT+08:00) -- login success
Fri Aug 14 2020 18:19:20 GMT+0800 (GMT+08:00) -- login success
Fri Aug 14 2020 18:20:02 GMT+0800 (GMT+08:00) -- login success
Fri Aug 14 2020 18:21:17 GMT+0800 (GMT+08:00) -- login success
Fri Aug 14 2020 18:22:14 GMT+0800 (GMT+08:00) -- login success
Fri Aug 14 2020 18:29:28 GMT+0800 (GMT+08:00) -- login success
Fri Aug 14 2020 18:36:41 GMT+0800 (GMT+08:00) -- login success
Fri Aug 14 2020 18:37:18 GMT+0800 (GMT+08:00) -- login success
Fri Aug 14 2020 18:38:15 GMT+0800 (GMT+08:00) -- login success
Fri Aug 14 2020 18:42:24 GMT+0800 (GMT+08:00) -- login success
Fri Aug 14 2020 18:43:54 GMT+0800 (GMT+08:00) -- login success
Fri Aug 14 2020 21:10:47 GMT+0800 (GMT+08:00) -- login success
Fri Aug 14 2020 21:11:03 GMT+0800 (GMT+08:00) -- login success
Fri Aug 14 2020 21:38:14 GMT+0800 (GMT+08:00) -- login success
Fri Aug 14 2020 21:48:27 GMT+0800 (GMT+08:00) -- login success
Fri Aug 14 2020 21:50:10 GMT+0800 (GMT+08:00) -- login success
Fri Aug 14 2020 21:53:04 GMT+0800 (GMT+08:00) -- login success
Fri Aug 14 2020 21:53:19 GMT+0800 (GMT+08:00) -- login success
Fri Aug 14 2020 21:55:18 GMT+0800 (GMT+08:00) -- login success
Fri Aug 14 2020 22:15:34 GMT+0800 (GMT+08:00) -- login success
Fri Aug 14 2020 22:20:17 GMT+0800 (GMT+08:00) -- login success
Fri Aug 14 2020 22:20:59 GMT+0800 (GMT+08:00) -- login success
Fri Aug 14 2020 22:25:13 GMT+0800 (GMT+08:00) -- login success
Fri Aug 14 2020 22:40:22 GMT+0800 (GMT+08:00) -- login success
Fri Aug 14 2020 22:40:49 GMT+0800 (GMT+08:00) -- login success
Fri Aug 14 2020 22:41:11 GMT+0800 (GMT+08:00) -- login success
Fri Aug 14 2020 22:41:23 GMT+0800 (GMT+08:00) -- login success
Fri Aug 14 2020 22:41:45 GMT+0800 (GMT+08:00) -- login success
Fri Aug 14 2020 22:41:53 GMT+0800 (GMT+08:00) -- login success
Fri Aug 14 2020 22:42:05 GMT+0800 (GMT+08:00) -- login success
Fri Aug 14 2020 23:06:39 GMT+0800 (GMT+08:00) -- login success
Fri Aug 14 2020 23:16:06 GMT+0800 (GMT+08:00) -- login success
Fri Aug 14 2020 23:16:09 GMT+0800 (GMT+08:00) -- login success
Fri Aug 14 2020 23:17:38 GMT+0800 (GMT+08:00) -- login success
Fri Aug 14 2020 23:20:08 GMT+0800 (GMT+08:00) -- login success
Fri Aug 14 2020 23:20:53 GMT+0800 (GMT+08:00) -- login success
Fri Aug 14 2020 23:25:20 GMT+0800 (GMT+08:00) -- login success
Fri Aug 14 2020 23:26:35 GMT+0800 (GMT+08:00) -- login success
Fri Aug 14 2020 23:27:08 GMT+0800 (GMT+08:00) -- login success
Fri Aug 14 2020 23:28:22 GMT+0800 (GMT+08:00) -- login success
Fri Aug 14 2020 23:28:28 GMT+0800 (GMT+08:00) -- login success
Fri Aug 14 2020 23:29:06 GMT+0800 (GMT+08:00) -- login success
Fri Aug 14 2020 23:29:49 GMT+0800 (GMT+08:00) -- login success
Fri Aug 14 2020 23:34:19 GMT+0800 (GMT+08:00) -- login success
Fri Aug 14 2020 23:40:00 GMT+0800 (GMT+08:00) -- login success
Fri Aug 14 2020 23:40:31 GMT+0800 (GMT+08:00) -- login success
Sat Aug 15 2020 00:23:27 GMT+0800 (GMT+08:00) -- login success
Sat Aug 15 2020 00:27:19 GMT+0800 (GMT+08:00) -- login success
Sat Aug 15 2020 13:45:37 GMT+0800 (GMT+08:00) -- login success
Sat Aug 15 2020 13:53:08 GMT+0800 (GMT+08:00) -- login success
Sat Aug 15 2020 14:14:55 GMT+0800 (GMT+08:00) -- login success
Sat Aug 15 2020 14:19:30 GMT+0800 (GMT+08:00) -- login success
Sat Aug 15 2020 14:27:23 GMT+0800 (GMT+08:00) -- login success
Sat Aug 15 2020 14:41:10 GMT+0800 (GMT+08:00) -- login success
Sat Aug 15 2020 14:41:47 GMT+0800 (GMT+08:00) -- login success
Sat Aug 15 2020 14:42:15 GMT+0800 (GMT+08:00) -- login success
Sat Aug 15 2020 14:43:11 GMT+0800 (GMT+08:00) -- login success
Sat Aug 15 2020 14:43:15 GMT+0800 (GMT+08:00) -- login success
Sat Aug 15 2020 14:45:12 GMT+0800 (GMT+08:00) -- login success
Sat Aug 15 2020 14:53:58 GMT+0800 (GMT+08:00) -- login success
Sat Aug 15 2020 14:54:18 GMT+0800 (GMT+08:00) -- login success
Sat Aug 15 2020 15:02:15 GMT+0800 (GMT+08:00) -- login success
Sat Aug 15 2020 15:03:19 GMT+0800 (GMT+08:00) -- login success
Sat Aug 15 2020 15:11:02 GMT+0800 (GMT+08:00) -- login success
Sat Aug 15 2020 15:13:22 GMT+0800 (GMT+08:00) -- login success
Sat Aug 15 2020 15:13:41 GMT+0800 (GMT+08:00) -- login success
Sat Aug 15 2020 15:17:45 GMT+0800 (GMT+08:00) -- login success
Sat Aug 15 2020 15:18:17 GMT+0800 (GMT+08:00) -- login success
Sat Aug 15 2020 15:19:05 GMT+0800 (GMT+08:00) -- login success
Sat Aug 15 2020 15:19:44 GMT+0800 (GMT+08:00) -- login success
Sat Aug 15 2020 15:21:41 GMT+0800 (GMT+08:00) -- login success
Sat Aug 15 2020 15:22:06 GMT+0800 (GMT+08:00) -- login success
Sat Aug 15 2020 15:22:40 GMT+0800 (GMT+08:00) -- login success
Sat Aug 15 2020 15:22:54 GMT+0800 (GMT+08:00) -- login success
Sat Aug 15 2020 15:23:40 GMT+0800 (GMT+08:00) -- login success
Sat Aug 15 2020 15:23:55 GMT+0800 (GMT+08:00) -- login success
Sat Aug 15 2020 15:24:07 GMT+0800 (GMT+08:00) -- login success
Sat Aug 15 2020 15:31:26 GMT+0800 (GMT+08:00) -- login success
Sat Aug 15 2020 15:37:38 GMT+0800 (GMT+08:00) -- login success
Sat Aug 15 2020 15:39:36 GMT+0800 (GMT+08:00) -- login success
Sat Aug 15 2020 15:39:39 GMT+0800 (GMT+08:00) -- login success
Sat Aug 15 2020 15:47:45 GMT+0800 (GMT+08:00) -- login success
Sat Aug 15 2020 15:52:01 GMT+0800 (GMT+08:00) -- login success
Sat Aug 15 2020 15:52:32 GMT+0800 (GMT+08:00) -- login success
Sat Aug 15 2020 15:54:19 GMT+0800 (GMT+08:00) -- login success
Sat Aug 15 2020 15:54:37 GMT+0800 (GMT+08:00) -- login success
Sat Aug 15 2020 15:55:54 GMT+0800 (GMT+08:00) -- login success
Sat Aug 15 2020 16:00:31 GMT+0800 (GMT+08:00) -- login success
Sat Aug 15 2020 16:02:20 GMT+0800 (GMT+08:00) -- login success
Sat Aug 15 2020 16:02:25 GMT+0800 (GMT+08:00) -- login success
Sat Aug 15 2020 16:02:59 GMT+0800 (GMT+08:00) -- login success
Sat Aug 15 2020 16:35:49 GMT+0800 (GMT+08:00) -- login success
Sat Aug 15 2020 16:39:58 GMT+0800 (GMT+08:00) -- login success
Sat Aug 15 2020 16:40:01 GMT+0800 (GMT+08:00) -- login success
Sat Aug 15 2020 16:40:06 GMT+0800 (GMT+08:00) -- login success
Sat Aug 15 2020 16:42:03 GMT+0800 (GMT+08:00) -- login success
Sat Aug 15 2020 16:44:17 GMT+0800 (GMT+08:00) -- login success
Sat Aug 15 2020 16:59:34 GMT+0800 (GMT+08:00) -- login success
Sat Aug 15 2020 16:59:58 GMT+0800 (GMT+08:00) -- login success
Sat Aug 15 2020 17:00:25 GMT+0800 (GMT+08:00) -- login success
Sat Aug 15 2020 17:01:26 GMT+0800 (GMT+08:00) -- login success
Sat Aug 15 2020 17:11:39 GMT+0800 (GMT+08:00) -- login success
Sat Aug 15 2020 17:16:03 GMT+0800 (GMT+08:00) -- login success
Sat Aug 15 2020 17:16:15 GMT+0800 (GMT+08:00) -- login success
Sat Aug 15 2020 17:16:26 GMT+0800 (GMT+08:00) -- login success
Sat Aug 15 2020 17:17:14 GMT+0800 (GMT+08:00) -- login success
Sat Aug 15 2020 17:48:39 GMT+0800 (GMT+08:00) -- login success
Sat Aug 15 2020 17:48:45 GMT+0800 (GMT+08:00) -- login success
Sat Aug 15 2020 17:56:23 GMT+0800 (GMT+08:00) -- login success
Sat Aug 15 2020 17:58:16 GMT+0800 (GMT+08:00) -- login success
Sat Aug 15 2020 17:58:28 GMT+0800 (GMT+08:00) -- login success
Sat Aug 15 2020 17:59:28 GMT+0800 (GMT+08:00) -- login success
Sat Aug 15 2020 18:00:19 GMT+0800 (GMT+08:00) -- login success
Sat Aug 15 2020 18:01:04 GMT+0800 (GMT+08:00) -- login success
Sat Aug 15 2020 18:02:02 GMT+0800 (GMT+08:00) -- login success
Sat Aug 15 2020 18:03:00 GMT+0800 (GMT+08:00) -- login success
Sat Aug 15 2020 18:03:53 GMT+0800 (GMT+08:00) -- login success
Sat Aug 15 2020 18:04:59 GMT+0800 (GMT+08:00) -- login success
Sat Aug 15 2020 18:05:33 GMT+0800 (GMT+08:00) -- login success
Sat Aug 15 2020 18:05:59 GMT+0800 (GMT+08:00) -- login success
Sat Aug 15 2020 18:06:35 GMT+0800 (GMT+08:00) -- login success
Sat Aug 15 2020 18:07:19 GMT+0800 (GMT+08:00) -- login success
Sat Aug 15 2020 18:08:28 GMT+0800 (GMT+08:00) -- login success
Sat Aug 15 2020 18:08:58 GMT+0800 (GMT+08:00) -- login success
Sat Aug 15 2020 18:09:01 GMT+0800 (GMT+08:00) -- login success
Sat Aug 15 2020 18:09:20 GMT+0800 (GMT+08:00) -- login success
Sat Aug 15 2020 18:10:51 GMT+0800 (GMT+08:00) -- login success
Sat Aug 15 2020 18:12:01 GMT+0800 (GMT+08:00) -- login success
Sat Aug 15 2020 18:13:42 GMT+0800 (GMT+08:00) -- login success
Sat Aug 15 2020 18:17:07 GMT+0800 (GMT+08:00) -- login success
Sat Aug 15 2020 18:18:13 GMT+0800 (GMT+08:00) -- login success
Sat Aug 15 2020 18:25:01 GMT+0800 (GMT+08:00) -- login success
Sat Aug 15 2020 18:25:47 GMT+0800 (GMT+08:00) -- login success
Sat Aug 15 2020 18:26:02 GMT+0800 (GMT+08:00) -- login success
Sat Aug 15 2020 18:26:09 GMT+0800 (GMT+08:00) -- login success
Sat Aug 15 2020 18:28:18 GMT+0800 (GMT+08:00) -- login success
Sat Aug 15 2020 18:28:48 GMT+0800 (GMT+08:00) -- login success
Sat Aug 15 2020 18:36:04 GMT+0800 (GMT+08:00) -- login success
Sat Aug 15 2020 18:44:38 GMT+0800 (GMT+08:00) -- login success
Sat Aug 15 2020 18:48:44 GMT+0800 (GMT+08:00) -- login success
Sat Aug 15 2020 18:50:18 GMT+0800 (GMT+08:00) -- login success
Sat Aug 15 2020 18:50:43 GMT+0800 (GMT+08:00) -- login success
Sat Aug 15 2020 18:50:46 GMT+0800 (GMT+08:00) -- login success
Sat Aug 15 2020 18:50:52 GMT+0800 (GMT+08:00) -- login success
Sat Aug 15 2020 18:51:23 GMT+0800 (GMT+08:00) -- login success
Sun Aug 16 2020 19:38:50 GMT+0800 (GMT+08:00) -- login success
Sun Aug 16 2020 19:40:00 GMT+0800 (GMT+08:00) -- login refresh error -- reason:Error: No location header for redirect
Sun Aug 16 2020 19:42:00 GMT+0800 (GMT+08:00) -- login refresh error -- reason:Error: No location header for redirect
Sun Aug 16 2020 19:44:00 GMT+0800 (GMT+08:00) -- login refresh error -- reason:Error: No location header for redirect
Sun Aug 16 2020 19:46:00 GMT+0800 (GMT+08:00) -- login refresh error -- reason:Error: No location header for redirect
Sun Aug 16 2020 19:48:00 GMT+0800 (GMT+08:00) -- login refresh error -- reason:Error: No location header for redirect
Sun Aug 16 2020 19:50:00 GMT+0800 (GMT+08:00) -- login refresh error -- reason:Error: No location header for redirect
Sun Aug 16 2020 19:52:00 GMT+0800 (GMT+08:00) -- login refresh error -- reason:Error: No location header for redirect
Sun Aug 16 2020 19:54:00 GMT+0800 (GMT+08:00) -- login refresh error -- reason:Error: No location header for redirect
Sun Aug 16 2020 19:56:00 GMT+0800 (GMT+08:00) -- login refresh error -- reason:Error: No location header for redirect
Sun Aug 16 2020 19:58:00 GMT+0800 (GMT+08:00) -- login refresh error -- reason:Error: No location header for redirect
Sun Aug 16 2020 20:00:00 GMT+0800 (GMT+08:00) -- login refresh error -- reason:Error: No location header for redirect
Sun Aug 16 2020 20:02:00 GMT+0800 (GMT+08:00) -- login refresh error -- reason:Error: No location header for redirect
Sun Aug 16 2020 20:04:00 GMT+0800 (GMT+08:00) -- login refresh error -- reason:Error: No location header for redirect
Sun Aug 16 2020 20:06:00 GMT+0800 (GMT+08:00) -- login refresh error -- reason:Error: No location header for redirect
Sun Aug 16 2020 20:08:00 GMT+0800 (GMT+08:00) -- login refresh error -- reason:Error: No location header for redirect
Sun Aug 16 2020 20:10:00 GMT+0800 (GMT+08:00) -- login refresh error -- reason:Error: No location header for redirect
Sun Aug 16 2020 20:12:00 GMT+0800 (GMT+08:00) -- login refresh error -- reason:Error: No location header for redirect
Sun Aug 16 2020 20:14:00 GMT+0800 (GMT+08:00) -- login refresh error -- reason:Error: No location header for redirect
Sun Aug 16 2020 20:16:00 GMT+0800 (GMT+08:00) -- login refresh error -- reason:Error: No location header for redirect
Sun Aug 16 2020 20:18:00 GMT+0800 (GMT+08:00) -- login refresh error -- reason:Error: No location header for redirect
Sun Aug 16 2020 20:20:00 GMT+0800 (GMT+08:00) -- login refresh error -- reason:Error: No location header for redirect
Sun Aug 16 2020 20:22:00 GMT+0800 (GMT+08:00) -- login refresh error -- reason:Error: No location header for redirect
Sun Aug 16 2020 20:24:00 GMT+0800 (GMT+08:00) -- login refresh error -- reason:Error: No location header for redirect
Sun Aug 16 2020 20:26:00 GMT+0800 (GMT+08:00) -- login refresh error -- reason:Error: No location header for redirect
Sun Aug 16 2020 20:28:00 GMT+0800 (GMT+08:00) -- login refresh error -- reason:Error: No location header for redirect
Sun Aug 16 2020 20:30:00 GMT+0800 (GMT+08:00) -- login refresh error -- reason:Error: No location header for redirect
Sun Aug 16 2020 20:32:00 GMT+0800 (GMT+08:00) -- login refresh error -- reason:Error: No location header for redirect
Sun Aug 16 2020 20:34:00 GMT+0800 (GMT+08:00) -- login refresh error -- reason:Error: No location header for redirect
Sun Aug 16 2020 20:36:00 GMT+0800 (GMT+08:00) -- login refresh error -- reason:Error: No location header for redirect
Sun Aug 16 2020 20:38:00 GMT+0800 (GMT+08:00) -- login refresh error -- reason:Error: No location header for redirect
Sun Aug 16 2020 20:40:00 GMT+0800 (GMT+08:00) -- login refresh error -- reason:Error: No location header for redirect
Sun Aug 16 2020 20:42:00 GMT+0800 (GMT+08:00) -- login refresh error -- reason:Error: No location header for redirect
Sun Aug 16 2020 20:44:00 GMT+0800 (GMT+08:00) -- login refresh error -- reason:Error: No location header for redirect
Sun Aug 16 2020 20:46:00 GMT+0800 (GMT+08:00) -- login refresh error -- reason:Error: No location header for redirect
Sun Aug 16 2020 20:48:00 GMT+0800 (GMT+08:00) -- login refresh error -- reason:Error: No location header for redirect
Sun Aug 16 2020 20:50:00 GMT+0800 (GMT+08:00) -- login refresh error -- reason:Error: No location header for redirect
Sun Aug 16 2020 20:52:00 GMT+0800 (GMT+08:00) -- login refresh error -- reason:Error: No location header for redirect
Sun Aug 16 2020 20:54:00 GMT+0800 (GMT+08:00) -- login refresh error -- reason:Error: No location header for redirect
Sun Aug 16 2020 20:56:00 GMT+0800 (GMT+08:00) -- login refresh error -- reason:Error: No location header for redirect
Sun Aug 16 2020 20:58:00 GMT+0800 (GMT+08:00) -- login refresh error -- reason:Error: No location header for redirect
Sun Aug 16 2020 21:00:00 GMT+0800 (GMT+08:00) -- login refresh error -- reason:Error: No location header for redirect
Sun Aug 16 2020 21:02:00 GMT+0800 (GMT+08:00) -- login refresh error -- reason:Error: No location header for redirect
Sun Aug 16 2020 21:04:00 GMT+0800 (GMT+08:00) -- login refresh error -- reason:Error: No location header for redirect
Sun Aug 16 2020 21:06:00 GMT+0800 (GMT+08:00) -- login refresh error -- reason:Error: No location header for redirect
Sun Aug 16 2020 21:08:00 GMT+0800 (GMT+08:00) -- login refresh error -- reason:Error: No location header for redirect
Sun Aug 16 2020 21:10:00 GMT+0800 (GMT+08:00) -- login refresh error -- reason:Error: No location header for redirect
Sun Aug 16 2020 21:12:00 GMT+0800 (GMT+08:00) -- login refresh error -- reason:Error: No location header for redirect
Sun Aug 16 2020 21:14:00 GMT+0800 (GMT+08:00) -- login refresh error -- reason:Error: No location header for redirect
Sun Aug 16 2020 21:16:00 GMT+0800 (GMT+08:00) -- login refresh error -- reason:Error: No location header for redirect
Sun Aug 16 2020 21:18:00 GMT+0800 (GMT+08:00) -- login refresh error -- reason:Error: No location header for redirect
Sun Aug 16 2020 21:20:00 GMT+0800 (GMT+08:00) -- login refresh error -- reason:Error: No location header for redirect
Sun Aug 16 2020 21:22:00 GMT+0800 (GMT+08:00) -- login refresh error -- reason:Error: No location header for redirect
Sun Aug 16 2020 21:24:00 GMT+0800 (GMT+08:00) -- login refresh error -- reason:Error: No location header for redirect
Sun Aug 16 2020 21:26:00 GMT+0800 (GMT+08:00) -- login refresh error -- reason:Error: No location header for redirect
Sun Aug 16 2020 21:28:00 GMT+0800 (GMT+08:00) -- login refresh error -- reason:Error: No location header for redirect
Sun Aug 16 2020 21:30:00 GMT+0800 (GMT+08:00) -- login refresh error -- reason:Error: No location header for redirect
Sun Aug 16 2020 21:32:00 GMT+0800 (GMT+08:00) -- login refresh error -- reason:Error: No location header for redirect
Sun Aug 16 2020 21:34:00 GMT+0800 (GMT+08:00) -- login refresh error -- reason:Error: No location header for redirect
Sun Aug 16 2020 21:36:00 GMT+0800 (GMT+08:00) -- login refresh error -- reason:Error: No location header for redirect
Sun Aug 16 2020 21:38:00 GMT+0800 (GMT+08:00) -- login refresh error -- reason:Error: No location header for redirect
Sun Aug 16 2020 21:40:00 GMT+0800 (GMT+08:00) -- login refresh error -- reason:Error: No location header for redirect
Sun Aug 16 2020 21:42:00 GMT+0800 (GMT+08:00) -- login refresh error -- reason:Error: No location header for redirect
Sun Aug 16 2020 21:44:00 GMT+0800 (GMT+08:00) -- login refresh error -- reason:Error: No location header for redirect
Sun Aug 16 2020 21:46:00 GMT+0800 (GMT+08:00) -- login refresh error -- reason:Error: No location header for redirect
Sun Aug 16 2020 21:48:00 GMT+0800 (GMT+08:00) -- login refresh error -- reason:Error: No location header for redirect
Sun Aug 16 2020 21:50:00 GMT+0800 (GMT+08:00) -- login refresh error -- reason:Error: No location header for redirect
Sun Aug 16 2020 21:52:00 GMT+0800 (GMT+08:00) -- login refresh error -- reason:Error: No location header for redirect
Sun Aug 16 2020 21:54:00 GMT+0800 (GMT+08:00) -- login refresh error -- reason:Error: No location header for redirect
Sun Aug 16 2020 21:56:00 GMT+0800 (GMT+08:00) -- login refresh error -- reason:Error: No location header for redirect
Sun Aug 16 2020 21:58:00 GMT+0800 (GMT+08:00) -- login refresh error -- reason:Error: No location header for redirect
Sun Aug 16 2020 22:00:00 GMT+0800 (GMT+08:00) -- login refresh error -- reason:Error: No location header for redirect
Sun Aug 16 2020 22:02:00 GMT+0800 (GMT+08:00) -- login refresh error -- reason:Error: No location header for redirect
Sun Aug 16 2020 22:04:00 GMT+0800 (GMT+08:00) -- login refresh error -- reason:Error: No location header for redirect
Sun Aug 16 2020 22:06:00 GMT+0800 (GMT+08:00) -- login refresh error -- reason:Error: No location header for redirect
Sun Aug 16 2020 22:08:00 GMT+0800 (GMT+08:00) -- login refresh error -- reason:Error: No location header for redirect
Sun Aug 16 2020 22:10:00 GMT+0800 (GMT+08:00) -- login refresh error -- reason:Error: No location header for redirect
Sun Aug 16 2020 22:12:00 GMT+0800 (GMT+08:00) -- login refresh error -- reason:Error: No location header for redirect
Sun Aug 16 2020 22:14:00 GMT+0800 (GMT+08:00) -- login refresh error -- reason:Error: No location header for redirect
Sun Aug 16 2020 22:16:00 GMT+0800 (GMT+08:00) -- login refresh error -- reason:Error: No location header for redirect
Sun Aug 16 2020 22:18:00 GMT+0800 (GMT+08:00) -- login refresh error -- reason:Error: No location header for redirect
Sun Aug 16 2020 22:20:00 GMT+0800 (GMT+08:00) -- login refresh error -- reason:Error: No location header for redirect
Sun Aug 16 2020 22:22:00 GMT+0800 (GMT+08:00) -- login refresh error -- reason:Error: No location header for redirect
Sun Aug 16 2020 22:24:00 GMT+0800 (GMT+08:00) -- login refresh error -- reason:Error: No location header for redirect
Sun Aug 16 2020 22:26:00 GMT+0800 (GMT+08:00) -- login refresh error -- reason:Error: No location header for redirect
Sun Aug 16 2020 22:28:00 GMT+0800 (GMT+08:00) -- login refresh error -- reason:Error: No location header for redirect
Sun Aug 16 2020 22:30:00 GMT+0800 (GMT+08:00) -- login refresh error -- reason:Error: No location header for redirect
Sun Aug 16 2020 22:32:00 GMT+0800 (GMT+08:00) -- login refresh error -- reason:Error: No location header for redirect
Sun Aug 16 2020 22:34:00 GMT+0800 (GMT+08:00) -- login refresh error -- reason:Error: No location header for redirect
Sun Aug 16 2020 22:36:00 GMT+0800 (GMT+08:00) -- login refresh error -- reason:Error: No location header for redirect
Sun Aug 16 2020 22:38:00 GMT+0800 (GMT+08:00) -- login refresh error -- reason:Error: No location header for redirect
Sun Aug 16 2020 22:40:00 GMT+0800 (GMT+08:00) -- login refresh error -- reason:Error: No location header for redirect
Sun Aug 16 2020 22:42:00 GMT+0800 (GMT+08:00) -- login refresh error -- reason:Error: No location header for redirect
Sun Aug 16 2020 22:44:00 GMT+0800 (GMT+08:00) -- login refresh error -- reason:Error: No location header for redirect
Sun Aug 16 2020 22:46:00 GMT+0800 (GMT+08:00) -- login refresh error -- reason:Error: No location header for redirect
Sun Aug 16 2020 22:48:00 GMT+0800 (GMT+08:00) -- login refresh error -- reason:Error: No location header for redirect
Sun Aug 16 2020 22:50:00 GMT+0800 (GMT+08:00) -- login refresh error -- reason:Error: No location header for redirect
Sun Aug 16 2020 22:52:00 GMT+0800 (GMT+08:00) -- login refresh error -- reason:Error: No location header for redirect
Sun Aug 16 2020 22:54:00 GMT+0800 (GMT+08:00) -- login refresh error -- reason:Error: No location header for redirect
Sun Aug 16 2020 22:56:00 GMT+0800 (GMT+08:00) -- login refresh error -- reason:Error: No location header for redirect
Sun Aug 16 2020 22:58:00 GMT+0800 (GMT+08:00) -- login refresh error -- reason:Error: No location header for redirect
Sun Aug 16 2020 23:00:00 GMT+0800 (GMT+08:00) -- login refresh error -- reason:Error: No location header for redirect
Sun Aug 16 2020 23:02:00 GMT+0800 (GMT+08:00) -- login refresh error -- reason:Error: No location header for redirect
Sun Aug 16 2020 23:04:00 GMT+0800 (GMT+08:00) -- login refresh error -- reason:Error: No location header for redirect
Sun Aug 16 2020 23:06:00 GMT+0800 (GMT+08:00) -- login refresh error -- reason:Error: No location header for redirect
Sun Aug 16 2020 23:08:00 GMT+0800 (GMT+08:00) -- login refresh error -- reason:Error: No location header for redirect
Sun Aug 16 2020 23:10:00 GMT+0800 (GMT+08:00) -- login refresh error -- reason:Error: No location header for redirect
Sun Aug 16 2020 23:12:00 GMT+0800 (GMT+08:00) -- login refresh error -- reason:Error: No location header for redirect
Sun Aug 16 2020 23:14:00 GMT+0800 (GMT+08:00) -- login refresh error -- reason:Error: No location header for redirect
Sun Aug 16 2020 23:16:00 GMT+0800 (GMT+08:00) -- login refresh error -- reason:Error: No location header for redirect
Sun Aug 16 2020 23:18:00 GMT+0800 (GMT+08:00) -- login refresh error -- reason:Error: No location header for redirect
Sun Aug 16 2020 23:20:00 GMT+0800 (GMT+08:00) -- login refresh error -- reason:Error: No location header for redirect
Sun Aug 16 2020 23:22:00 GMT+0800 (GMT+08:00) -- login refresh error -- reason:Error: No location header for redirect
Sun Aug 16 2020 23:24:00 GMT+0800 (GMT+08:00) -- login refresh error -- reason:Error: No location header for redirect
Sun Aug 16 2020 23:26:00 GMT+0800 (GMT+08:00) -- login refresh error -- reason:Error: No location header for redirect
Sun Aug 16 2020 23:28:00 GMT+0800 (GMT+08:00) -- login refresh error -- reason:Error: No location header for redirect
Sun Aug 16 2020 23:30:00 GMT+0800 (GMT+08:00) -- login refresh error -- reason:Error: No location header for redirect
Sun Aug 16 2020 23:32:00 GMT+0800 (GMT+08:00) -- login refresh error -- reason:Error: No location header for redirect
Sun Aug 16 2020 23:34:00 GMT+0800 (GMT+08:00) -- login refresh error -- reason:Error: No location header for redirect
Sun Aug 16 2020 23:36:00 GMT+0800 (GMT+08:00) -- login refresh error -- reason:Error: No location header for redirect
Sun Aug 16 2020 23:38:00 GMT+0800 (GMT+08:00) -- login refresh error -- reason:Error: No location header for redirect
Sun Aug 16 2020 23:40:00 GMT+0800 (GMT+08:00) -- login refresh error -- reason:Error: No location header for redirect
Sun Aug 16 2020 23:42:00 GMT+0800 (GMT+08:00) -- login refresh error -- reason:Error: No location header for redirect
Sun Aug 16 2020 23:44:00 GMT+0800 (GMT+08:00) -- login refresh error -- reason:Error: No location header for redirect
Sun Aug 16 2020 23:46:00 GMT+0800 (GMT+08:00) -- login refresh error -- reason:Error: No location header for redirect
Sun Aug 16 2020 23:48:00 GMT+0800 (GMT+08:00) -- login refresh error -- reason:Error: No location header for redirect
Sun Aug 16 2020 23:50:00 GMT+0800 (GMT+08:00) -- login refresh error -- reason:Error: No location header for redirect
Sun Aug 16 2020 23:52:00 GMT+0800 (GMT+08:00) -- login refresh error -- reason:Error: No location header for redirect
Sun Aug 16 2020 23:54:00 GMT+0800 (GMT+08:00) -- login refresh error -- reason:Error: No location header for redirect
Sun Aug 16 2020 23:56:00 GMT+0800 (GMT+08:00) -- login refresh error -- reason:Error: No location header for redirect
Sun Aug 16 2020 23:58:00 GMT+0800 (GMT+08:00) -- login refresh error -- reason:Error: No location header for redirect
Mon Aug 17 2020 00:00:00 GMT+0800 (GMT+08:00) -- login refresh error -- reason:Error: No location header for redirect
Mon Aug 17 2020 00:02:00 GMT+0800 (GMT+08:00) -- login refresh error -- reason:Error: No location header for redirect
Mon Aug 17 2020 00:04:00 GMT+0800 (GMT+08:00) -- login refresh error -- reason:Error: No location header for redirect
Mon Aug 17 2020 00:06:00 GMT+0800 (GMT+08:00) -- login refresh error -- reason:Error: No location header for redirect
Mon Aug 17 2020 00:08:00 GMT+0800 (GMT+08:00) -- login refresh error -- reason:Error: No location header for redirect
Mon Aug 17 2020 00:10:00 GMT+0800 (GMT+08:00) -- login refresh error -- reason:Error: No location header for redirect
Mon Aug 17 2020 00:12:00 GMT+0800 (GMT+08:00) -- login refresh error -- reason:Error: No location header for redirect
Mon Aug 17 2020 00:14:00 GMT+0800 (GMT+08:00) -- login refresh error -- reason:Error: No location header for redirect
Mon Aug 17 2020 00:16:00 GMT+0800 (GMT+08:00) -- login refresh error -- reason:Error: No location header for redirect
Mon Aug 17 2020 00:18:00 GMT+0800 (GMT+08:00) -- login refresh error -- reason:Error: No location header for redirect
Mon Aug 17 2020 00:20:00 GMT+0800 (GMT+08:00) -- login refresh error -- reason:Error: No location header for redirect
Mon Aug 17 2020 00:22:00 GMT+0800 (GMT+08:00) -- login refresh error -- reason:Error: No location header for redirect
Mon Aug 17 2020 00:24:00 GMT+0800 (GMT+08:00) -- login refresh error -- reason:Error: No location header for redirect
Mon Aug 17 2020 00:26:00 GMT+0800 (GMT+08:00) -- login refresh error -- reason:Error: No location header for redirect
Mon Aug 17 2020 00:28:00 GMT+0800 (GMT+08:00) -- login refresh error -- reason:Error: No location header for redirect
Mon Aug 17 2020 00:30:00 GMT+0800 (GMT+08:00) -- login refresh error -- reason:Error: No location header for redirect
Mon Aug 17 2020 00:32:00 GMT+0800 (GMT+08:00) -- login refresh error -- reason:Error: No location header for redirect
Mon Aug 17 2020 00:34:00 GMT+0800 (GMT+08:00) -- login refresh error -- reason:Error: No location header for redirect
Mon Aug 17 2020 00:36:00 GMT+0800 (GMT+08:00) -- login refresh error -- reason:Error: No location header for redirect
Mon Aug 17 2020 00:38:00 GMT+0800 (GMT+08:00) -- login refresh error -- reason:Error: No location header for redirect
Mon Aug 17 2020 00:40:00 GMT+0800 (GMT+08:00) -- login refresh error -- reason:Error: No location header for redirect
Mon Aug 17 2020 00:42:00 GMT+0800 (GMT+08:00) -- login refresh error -- reason:Error: No location header for redirect
Mon Aug 17 2020 00:44:00 GMT+0800 (GMT+08:00) -- login refresh error -- reason:Error: No location header for redirect
Mon Aug 17 2020 00:46:00 GMT+0800 (GMT+08:00) -- login refresh error -- reason:Error: No location header for redirect
Mon Aug 17 2020 00:48:00 GMT+0800 (GMT+08:00) -- login refresh error -- reason:Error: No location header for redirect
Mon Aug 17 2020 00:50:00 GMT+0800 (GMT+08:00) -- login refresh error -- reason:Error: No location header for redirect
Mon Aug 17 2020 00:52:00 GMT+0800 (GMT+08:00) -- login refresh error -- reason:Error: No location header for redirect
Mon Aug 17 2020 00:54:00 GMT+0800 (GMT+08:00) -- login refresh error -- reason:Error: No location header for redirect
Mon Aug 17 2020 00:56:00 GMT+0800 (GMT+08:00) -- login refresh error -- reason:Error: No location header for redirect
Mon Aug 17 2020 00:58:00 GMT+0800 (GMT+08:00) -- login refresh error -- reason:Error: No location header for redirect
Mon Aug 17 2020 01:00:00 GMT+0800 (GMT+08:00) -- login refresh error -- reason:Error: No location header for redirect
Mon Aug 17 2020 01:02:00 GMT+0800 (GMT+08:00) -- login refresh error -- reason:Error: No location header for redirect
Mon Aug 17 2020 01:04:00 GMT+0800 (GMT+08:00) -- login refresh error -- reason:Error: No location header for redirect
Mon Aug 17 2020 01:06:00 GMT+0800 (GMT+08:00) -- login refresh error -- reason:Error: No location header for redirect
Mon Aug 17 2020 01:08:00 GMT+0800 (GMT+08:00) -- login refresh error -- reason:Error: No location header for redirect
Mon Aug 17 2020 01:10:00 GMT+0800 (GMT+08:00) -- login refresh error -- reason:Error: No location header for redirect
Mon Aug 17 2020 01:12:00 GMT+0800 (GMT+08:00) -- login refresh error -- reason:Error: No location header for redirect
Mon Aug 17 2020 01:14:00 GMT+0800 (GMT+08:00) -- login refresh error -- reason:Error: No location header for redirect
Mon Aug 17 2020 01:16:00 GMT+0800 (GMT+08:00) -- login refresh error -- reason:Error: No location header for redirect
Mon Aug 17 2020 01:18:00 GMT+0800 (GMT+08:00) -- login refresh error -- reason:Error: No location header for redirect
Mon Aug 17 2020 01:20:00 GMT+0800 (GMT+08:00) -- login refresh error -- reason:Error: No location header for redirect
Mon Aug 17 2020 01:22:00 GMT+0800 (GMT+08:00) -- login refresh error -- reason:Error: No location header for redirect
Mon Aug 17 2020 01:24:00 GMT+0800 (GMT+08:00) -- login refresh error -- reason:Error: No location header for redirect
Mon Aug 17 2020 01:26:00 GMT+0800 (GMT+08:00) -- login refresh error -- reason:Error: No location header for redirect
Mon Aug 17 2020 01:28:00 GMT+0800 (GMT+08:00) -- login refresh error -- reason:Error: No location header for redirect
Mon Aug 17 2020 01:30:00 GMT+0800 (GMT+08:00) -- login refresh error -- reason:Error: No location header for redirect
Mon Aug 17 2020 01:32:00 GMT+0800 (GMT+08:00) -- login refresh error -- reason:Error: No location header for redirect
Mon Aug 17 2020 01:34:00 GMT+0800 (GMT+08:00) -- login refresh error -- reason:Error: No location header for redirect
Mon Aug 17 2020 01:36:00 GMT+0800 (GMT+08:00) -- login refresh error -- reason:Error: No location header for redirect
Mon Aug 17 2020 01:38:00 GMT+0800 (GMT+08:00) -- login refresh error -- reason:Error: No location header for redirect
Mon Aug 17 2020 01:40:00 GMT+0800 (GMT+08:00) -- login refresh error -- reason:Error: No location header for redirect
Mon Aug 17 2020 01:42:00 GMT+0800 (GMT+08:00) -- login refresh error -- reason:Error: No location header for redirect
Mon Aug 17 2020 01:44:00 GMT+0800 (GMT+08:00) -- login refresh error -- reason:Error: No location header for redirect
Mon Aug 17 2020 01:46:00 GMT+0800 (GMT+08:00) -- login refresh error -- reason:Error: No location header for redirect
Mon Aug 17 2020 01:48:00 GMT+0800 (GMT+08:00) -- login refresh error -- reason:Error: No location header for redirect
Mon Aug 17 2020 01:50:00 GMT+0800 (GMT+08:00) -- login refresh error -- reason:Error: No location header for redirect
Mon Aug 17 2020 01:52:00 GMT+0800 (GMT+08:00) -- login refresh error -- reason:Error: No location header for redirect
Mon Aug 17 2020 01:54:00 GMT+0800 (GMT+08:00) -- login refresh error -- reason:Error: No location header for redirect
Mon Aug 17 2020 01:56:00 GMT+0800 (GMT+08:00) -- login refresh error -- reason:Error: No location header for redirect
Mon Aug 17 2020 01:58:00 GMT+0800 (GMT+08:00) -- login refresh error -- reason:Error: No location header for redirect
Mon Aug 17 2020 02:00:00 GMT+0800 (GMT+08:00) -- login refresh error -- reason:Error: No location header for redirect
Mon Aug 17 2020 02:02:00 GMT+0800 (GMT+08:00) -- login refresh error -- reason:Error: No location header for redirect
Mon Aug 17 2020 02:04:00 GMT+0800 (GMT+08:00) -- login refresh error -- reason:Error: No location header for redirect
Mon Aug 17 2020 02:06:00 GMT+0800 (GMT+08:00) -- login refresh error -- reason:Error: No location header for redirect
Mon Aug 17 2020 02:08:00 GMT+0800 (GMT+08:00) -- login refresh error -- reason:Error: No location header for redirect
Mon Aug 17 2020 02:10:00 GMT+0800 (GMT+08:00) -- login refresh error -- reason:Error: No location header for redirect
Mon Aug 17 2020 02:12:00 GMT+0800 (GMT+08:00) -- login refresh error -- reason:Error: No location header for redirect
Mon Aug 17 2020 02:14:00 GMT+0800 (GMT+08:00) -- login refresh error -- reason:Error: No location header for redirect
Mon Aug 17 2020 02:16:00 GMT+0800 (GMT+08:00) -- login refresh error -- reason:Error: No location header for redirect
Mon Aug 17 2020 02:18:00 GMT+0800 (GMT+08:00) -- login refresh error -- reason:Error: No location header for redirect
Mon Aug 17 2020 02:20:00 GMT+0800 (GMT+08:00) -- login refresh error -- reason:Error: No location header for redirect
Mon Aug 17 2020 02:22:00 GMT+0800 (GMT+08:00) -- login refresh error -- reason:Error: No location header for redirect
Mon Aug 17 2020 02:24:00 GMT+0800 (GMT+08:00) -- login refresh error -- reason:Error: No location header for redirect
Mon Aug 17 2020 02:26:00 GMT+0800 (GMT+08:00) -- login refresh error -- reason:Error: No location header for redirect
Mon Aug 17 2020 02:28:00 GMT+0800 (GMT+08:00) -- login refresh error -- reason:Error: No location header for redirect
Mon Aug 17 2020 02:30:00 GMT+0800 (GMT+08:00) -- login refresh error -- reason:Error: No location header for redirect
Mon Aug 17 2020 02:32:00 GMT+0800 (GMT+08:00) -- login refresh error -- reason:Error: No location header for redirect
Mon Aug 17 2020 02:34:00 GMT+0800 (GMT+08:00) -- login refresh error -- reason:Error: No location header for redirect
Mon Aug 17 2020 02:36:00 GMT+0800 (GMT+08:00) -- login refresh error -- reason:Error: No location header for redirect
Mon Aug 17 2020 02:38:00 GMT+0800 (GMT+08:00) -- login refresh error -- reason:Error: No location header for redirect
Mon Aug 17 2020 02:40:00 GMT+0800 (GMT+08:00) -- login refresh error -- reason:Error: No location header for redirect
Mon Aug 17 2020 02:42:00 GMT+0800 (GMT+08:00) -- login refresh error -- reason:Error: No location header for redirect
Mon Aug 17 2020 02:44:00 GMT+0800 (GMT+08:00) -- login refresh error -- reason:Error: No location header for redirect
Mon Aug 17 2020 02:46:00 GMT+0800 (GMT+08:00) -- login refresh error -- reason:Error: No location header for redirect
Mon Aug 17 2020 02:48:00 GMT+0800 (GMT+08:00) -- login refresh error -- reason:Error: No location header for redirect
Mon Aug 17 2020 02:50:00 GMT+0800 (GMT+08:00) -- login refresh error -- reason:Error: No location header for redirect
Mon Aug 17 2020 02:52:00 GMT+0800 (GMT+08:00) -- login refresh error -- reason:Error: No location header for redirect
Mon Aug 17 2020 02:54:00 GMT+0800 (GMT+08:00) -- login refresh error -- reason:Error: No location header for redirect
Mon Aug 17 2020 02:56:00 GMT+0800 (GMT+08:00) -- login refresh error -- reason:Error: No location header for redirect
Mon Aug 17 2020 02:58:00 GMT+0800 (GMT+08:00) -- login refresh error -- reason:Error: No location header for redirect
Mon Aug 17 2020 03:00:00 GMT+0800 (GMT+08:00) -- login refresh error -- reason:Error: No location header for redirect
Mon Aug 17 2020 03:02:00 GMT+0800 (GMT+08:00) -- login refresh error -- reason:Error: No location header for redirect
Mon Aug 17 2020 03:04:00 GMT+0800 (GMT+08:00) -- login refresh error -- reason:Error: No location header for redirect
Mon Aug 17 2020 03:06:00 GMT+0800 (GMT+08:00) -- login refresh error -- reason:Error: No location header for redirect
Mon Aug 17 2020 03:08:00 GMT+0800 (GMT+08:00) -- login refresh error -- reason:Error: No location header for redirect
Mon Aug 17 2020 03:10:00 GMT+0800 (GMT+08:00) -- login refresh error -- reason:Error: No location header for redirect
Mon Aug 17 2020 03:12:00 GMT+0800 (GMT+08:00) -- login refresh error -- reason:Error: No location header for redirect
Mon Aug 17 2020 03:14:00 GMT+0800 (GMT+08:00) -- login refresh error -- reason:Error: No location header for redirect
Mon Aug 17 2020 03:16:00 GMT+0800 (GMT+08:00) -- login refresh error -- reason:Error: No location header for redirect
Mon Aug 17 2020 03:18:00 GMT+0800 (GMT+08:00) -- login refresh error -- reason:Error: No location header for redirect
Mon Aug 17 2020 03:20:00 GMT+0800 (GMT+08:00) -- login refresh error -- reason:Error: No location header for redirect
Mon Aug 17 2020 03:22:00 GMT+0800 (GMT+08:00) -- login refresh error -- reason:Error: No location header for redirect
Mon Aug 17 2020 03:24:00 GMT+0800 (GMT+08:00) -- login refresh error -- reason:Error: No location header for redirect
Mon Aug 17 2020 03:26:00 GMT+0800 (GMT+08:00) -- login refresh error -- reason:Error: No location header for redirect
Mon Aug 17 2020 03:28:00 GMT+0800 (GMT+08:00) -- login refresh error -- reason:Error: No location header for redirect
Mon Aug 17 2020 03:30:00 GMT+0800 (GMT+08:00) -- login refresh error -- reason:Error: No location header for redirect
Mon Aug 17 2020 03:32:00 GMT+0800 (GMT+08:00) -- login refresh error -- reason:Error: No location header for redirect
Mon Aug 17 2020 03:34:00 GMT+0800 (GMT+08:00) -- login refresh error -- reason:Error: No location header for redirect
Mon Aug 17 2020 03:36:00 GMT+0800 (GMT+08:00) -- login refresh error -- reason:Error: No location header for redirect
Mon Aug 17 2020 03:38:00 GMT+0800 (GMT+08:00) -- login refresh error -- reason:Error: No location header for redirect
Mon Aug 17 2020 03:40:00 GMT+0800 (GMT+08:00) -- login refresh error -- reason:Error: No location header for redirect
Mon Aug 17 2020 03:42:00 GMT+0800 (GMT+08:00) -- login refresh error -- reason:Error: No location header for redirect
Mon Aug 17 2020 03:44:00 GMT+0800 (GMT+08:00) -- login refresh error -- reason:Error: No location header for redirect
Mon Aug 17 2020 03:46:00 GMT+0800 (GMT+08:00) -- login refresh error -- reason:Error: No location header for redirect
Mon Aug 17 2020 03:48:00 GMT+0800 (GMT+08:00) -- login refresh error -- reason:Error: No location header for redirect
Mon Aug 17 2020 03:50:00 GMT+0800 (GMT+08:00) -- login refresh error -- reason:Error: No location header for redirect
Mon Aug 17 2020 03:50:01 GMT+0800 (GMT+08:00) -- login refresh error -- reason:Error: No location header for redirect
Mon Aug 17 2020 03:52:00 GMT+0800 (GMT+08:00) -- login refresh error -- reason:Error: No location header for redirect
Mon Aug 17 2020 03:54:00 GMT+0800 (GMT+08:00) -- login refresh error -- reason:Error: No location header for redirect
Mon Aug 17 2020 03:56:00 GMT+0800 (GMT+08:00) -- login refresh error -- reason:Error: No location header for redirect
Mon Aug 17 2020 03:58:00 GMT+0800 (GMT+08:00) -- login refresh error -- reason:Error: No location header for redirect
Mon Aug 17 2020 04:00:00 GMT+0800 (GMT+08:00) -- login refresh error -- reason:Error: No location header for redirect
Mon Aug 17 2020 04:02:00 GMT+0800 (GMT+08:00) -- login refresh error -- reason:Error: No location header for redirect
Mon Aug 17 2020 04:04:00 GMT+0800 (GMT+08:00) -- login refresh error -- reason:Error: No location header for redirect
Mon Aug 17 2020 04:06:00 GMT+0800 (GMT+08:00) -- login refresh error -- reason:Error: No location header for redirect
Mon Aug 17 2020 04:08:00 GMT+0800 (GMT+08:00) -- login refresh error -- reason:Error: No location header for redirect
Mon Aug 17 2020 04:10:00 GMT+0800 (GMT+08:00) -- login refresh error -- reason:Error: No location header for redirect
Mon Aug 17 2020 04:12:00 GMT+0800 (GMT+08:00) -- login refresh error -- reason:Error: No location header for redirect
Mon Aug 17 2020 04:14:00 GMT+0800 (GMT+08:00) -- login refresh error -- reason:Error: No location header for redirect
Mon Aug 17 2020 04:16:00 GMT+0800 (GMT+08:00) -- login refresh error -- reason:Error: No location header for redirect
Mon Aug 17 2020 04:18:00 GMT+0800 (GMT+08:00) -- login refresh error -- reason:Error: No location header for redirect
Mon Aug 17 2020 04:20:00 GMT+0800 (GMT+08:00) -- login refresh error -- reason:Error: No location header for redirect
Mon Aug 17 2020 04:22:00 GMT+0800 (GMT+08:00) -- login refresh error -- reason:Error: No location header for redirect
Mon Aug 17 2020 04:24:00 GMT+0800 (GMT+08:00) -- login refresh error -- reason:Error: No location header for redirect
Mon Aug 17 2020 04:26:00 GMT+0800 (GMT+08:00) -- login refresh error -- reason:Error: No location header for redirect
Mon Aug 17 2020 04:28:00 GMT+0800 (GMT+08:00) -- login refresh error -- reason:Error: No location header for redirect
Mon Aug 17 2020 04:30:00 GMT+0800 (GMT+08:00) -- login refresh error -- reason:Error: No location header for redirect
Mon Aug 17 2020 04:32:00 GMT+0800 (GMT+08:00) -- login refresh error -- reason:Error: No location header for redirect
Mon Aug 17 2020 04:34:00 GMT+0800 (GMT+08:00) -- login refresh error -- reason:Error: No location header for redirect
Mon Aug 17 2020 04:36:00 GMT+0800 (GMT+08:00) -- login refresh error -- reason:Error: No location header for redirect
Mon Aug 17 2020 04:38:00 GMT+0800 (GMT+08:00) -- login refresh error -- reason:Error: No location header for redirect
Mon Aug 17 2020 04:40:00 GMT+0800 (GMT+08:00) -- login refresh error -- reason:Error: No location header for redirect
Mon Aug 17 2020 04:42:00 GMT+0800 (GMT+08:00) -- login refresh error -- reason:Error: No location header for redirect
Mon Aug 17 2020 04:44:00 GMT+0800 (GMT+08:00) -- login refresh error -- reason:Error: No location header for redirect
Mon Aug 17 2020 04:46:00 GMT+0800 (GMT+08:00) -- login refresh error -- reason:Error: No location header for redirect
Mon Aug 17 2020 04:48:00 GMT+0800 (GMT+08:00) -- login refresh error -- reason:Error: No location header for redirect
Mon Aug 17 2020 04:50:00 GMT+0800 (GMT+08:00) -- login refresh error -- reason:Error: No location header for redirect
Mon Aug 17 2020 04:52:00 GMT+0800 (GMT+08:00) -- login refresh error -- reason:Error: No location header for redirect
Mon Aug 17 2020 04:54:00 GMT+0800 (GMT+08:00) -- login refresh error -- reason:Error: No location header for redirect
Mon Aug 17 2020 04:56:00 GMT+0800 (GMT+08:00) -- login refresh error -- reason:Error: No location header for redirect
Mon Aug 17 2020 04:58:00 GMT+0800 (GMT+08:00) -- login refresh error -- reason:Error: No location header for redirect
Mon Aug 17 2020 05:00:00 GMT+0800 (GMT+08:00) -- login refresh error -- reason:Error: No location header for redirect
Mon Aug 17 2020 05:02:00 GMT+0800 (GMT+08:00) -- login refresh error -- reason:Error: No location header for redirect
Mon Aug 17 2020 05:04:00 GMT+0800 (GMT+08:00) -- login refresh error -- reason:Error: No location header for redirect
Mon Aug 17 2020 05:06:00 GMT+0800 (GMT+08:00) -- login refresh error -- reason:Error: No location header for redirect
Mon Aug 17 2020 05:08:00 GMT+0800 (GMT+08:00) -- login refresh error -- reason:Error: No location header for redirect
Mon Aug 17 2020 05:10:00 GMT+0800 (GMT+08:00) -- login refresh error -- reason:Error: No location header for redirect
Mon Aug 17 2020 05:12:00 GMT+0800 (GMT+08:00) -- login refresh error -- reason:Error: No location header for redirect
Mon Aug 17 2020 05:14:00 GMT+0800 (GMT+08:00) -- login refresh error -- reason:Error: No location header for redirect
Mon Aug 17 2020 05:16:00 GMT+0800 (GMT+08:00) -- login refresh error -- reason:Error: No location header for redirect
Mon Aug 17 2020 05:18:00 GMT+0800 (GMT+08:00) -- login refresh error -- reason:Error: No location header for redirect
Mon Aug 17 2020 05:20:00 GMT+0800 (GMT+08:00) -- login refresh error -- reason:Error: No location header for redirect
Mon Aug 17 2020 05:22:00 GMT+0800 (GMT+08:00) -- login refresh error -- reason:Error: No location header for redirect
Mon Aug 17 2020 05:24:00 GMT+0800 (GMT+08:00) -- login refresh error -- reason:Error: No location header for redirect
Mon Aug 17 2020 05:26:00 GMT+0800 (GMT+08:00) -- login refresh error -- reason:Error: No location header for redirect
Mon Aug 17 2020 05:28:00 GMT+0800 (GMT+08:00) -- login refresh error -- reason:Error: No location header for redirect
Mon Aug 17 2020 05:30:00 GMT+0800 (GMT+08:00) -- login refresh error -- reason:Error: No location header for redirect
Mon Aug 17 2020 05:32:00 GMT+0800 (GMT+08:00) -- login refresh error -- reason:Error: No location header for redirect
Mon Aug 17 2020 05:34:00 GMT+0800 (GMT+08:00) -- login refresh error -- reason:Error: No location header for redirect
Mon Aug 17 2020 05:36:00 GMT+0800 (GMT+08:00) -- login refresh error -- reason:Error: No location header for redirect
Mon Aug 17 2020 05:38:00 GMT+0800 (GMT+08:00) -- login refresh error -- reason:Error: No location header for redirect
Mon Aug 17 2020 05:40:00 GMT+0800 (GMT+08:00) -- login refresh error -- reason:Error: No location header for redirect
Mon Aug 17 2020 05:42:00 GMT+0800 (GMT+08:00) -- login refresh error -- reason:Error: No location header for redirect
Mon Aug 17 2020 05:44:00 GMT+0800 (GMT+08:00) -- login refresh error -- reason:Error: No location header for redirect
Mon Aug 17 2020 05:46:00 GMT+0800 (GMT+08:00) -- login refresh error -- reason:Error: No location header for redirect
Mon Aug 17 2020 05:48:00 GMT+0800 (GMT+08:00) -- login refresh error -- reason:Error: No location header for redirect
Mon Aug 17 2020 05:50:00 GMT+0800 (GMT+08:00) -- login refresh error -- reason:Error: No location header for redirect
Mon Aug 17 2020 05:52:00 GMT+0800 (GMT+08:00) -- login refresh error -- reason:Error: No location header for redirect
Mon Aug 17 2020 05:54:00 GMT+0800 (GMT+08:00) -- login refresh error -- reason:Error: No location header for redirect
Mon Aug 17 2020 05:54:01 GMT+0800 (GMT+08:00) -- login refresh error -- reason:Error: No location header for redirect
Mon Aug 17 2020 05:56:00 GMT+0800 (GMT+08:00) -- login refresh error -- reason:Error: No location header for redirect
Mon Aug 17 2020 05:58:00 GMT+0800 (GMT+08:00) -- login refresh error -- reason:Error: No location header for redirect
Mon Aug 17 2020 06:00:00 GMT+0800 (GMT+08:00) -- login refresh error -- reason:Error: No location header for redirect
Mon Aug 17 2020 06:02:00 GMT+0800 (GMT+08:00) -- login refresh error -- reason:Error: No location header for redirect
Mon Aug 17 2020 06:04:00 GMT+0800 (GMT+08:00) -- login refresh error -- reason:Error: No location header for redirect
Mon Aug 17 2020 06:06:00 GMT+0800 (GMT+08:00) -- login refresh error -- reason:Error: No location header for redirect
Mon Aug 17 2020 06:08:00 GMT+0800 (GMT+08:00) -- login refresh error -- reason:Error: No location header for redirect
Mon Aug 17 2020 06:10:00 GMT+0800 (GMT+08:00) -- login refresh error -- reason:Error: No location header for redirect
Mon Aug 17 2020 06:12:00 GMT+0800 (GMT+08:00) -- login refresh error -- reason:Error: No location header for redirect
Mon Aug 17 2020 06:14:00 GMT+0800 (GMT+08:00) -- login refresh error -- reason:Error: No location header for redirect
Mon Aug 17 2020 06:16:00 GMT+0800 (GMT+08:00) -- login refresh error -- reason:Error: No location header for redirect
Mon Aug 17 2020 06:18:00 GMT+0800 (GMT+08:00) -- login refresh error -- reason:Error: No location header for redirect
Mon Aug 17 2020 06:20:00 GMT+0800 (GMT+08:00) -- login refresh error -- reason:Error: No location header for redirect
Mon Aug 17 2020 06:22:00 GMT+0800 (GMT+08:00) -- login refresh error -- reason:Error: No location header for redirect
Mon Aug 17 2020 06:24:00 GMT+0800 (GMT+08:00) -- login refresh error -- reason:Error: No location header for redirect
Mon Aug 17 2020 06:26:00 GMT+0800 (GMT+08:00) -- login refresh error -- reason:Error: No location header for redirect
Mon Aug 17 2020 06:28:00 GMT+0800 (GMT+08:00) -- login refresh error -- reason:Error: No location header for redirect
Mon Aug 17 2020 06:30:00 GMT+0800 (GMT+08:00) -- login refresh error -- reason:Error: No location header for redirect
Mon Aug 17 2020 06:32:00 GMT+0800 (GMT+08:00) -- login refresh error -- reason:Error: No location header for redirect
Mon Aug 17 2020 06:34:00 GMT+0800 (GMT+08:00) -- login refresh error -- reason:Error: No location header for redirect
Mon Aug 17 2020 06:36:00 GMT+0800 (GMT+08:00) -- login refresh error -- reason:Error: No location header for redirect
Mon Aug 17 2020 06:38:00 GMT+0800 (GMT+08:00) -- login refresh error -- reason:Error: No location header for redirect
Mon Aug 17 2020 06:40:00 GMT+0800 (GMT+08:00) -- login refresh error -- reason:Error: No location header for redirect
Mon Aug 17 2020 06:42:00 GMT+0800 (GMT+08:00) -- login refresh error -- reason:Error: No location header for redirect
Mon Aug 17 2020 06:44:00 GMT+0800 (GMT+08:00) -- login refresh error -- reason:Error: No location header for redirect
Mon Aug 17 2020 06:46:00 GMT+0800 (GMT+08:00) -- login refresh error -- reason:Error: No location header for redirect
Mon Aug 17 2020 06:48:00 GMT+0800 (GMT+08:00) -- login refresh error -- reason:Error: No location header for redirect
Mon Aug 17 2020 06:50:00 GMT+0800 (GMT+08:00) -- login refresh error -- reason:Error: No location header for redirect
Mon Aug 17 2020 06:52:00 GMT+0800 (GMT+08:00) -- login refresh error -- reason:Error: No location header for redirect
Mon Aug 17 2020 06:54:00 GMT+0800 (GMT+08:00) -- login refresh error -- reason:Error: No location header for redirect
Mon Aug 17 2020 06:56:00 GMT+0800 (GMT+08:00) -- login refresh error -- reason:Error: No location header for redirect
Mon Aug 17 2020 06:58:00 GMT+0800 (GMT+08:00) -- login refresh error -- reason:Error: No location header for redirect
Mon Aug 17 2020 07:00:00 GMT+0800 (GMT+08:00) -- login refresh error -- reason:Error: No location header for redirect
Mon Aug 17 2020 07:02:00 GMT+0800 (GMT+08:00) -- login refresh error -- reason:Error: No location header for redirect
Mon Aug 17 2020 07:04:00 GMT+0800 (GMT+08:00) -- login refresh error -- reason:Error: No location header for redirect
Mon Aug 17 2020 07:06:00 GMT+0800 (GMT+08:00) -- login refresh error -- reason:Error: No location header for redirect
Mon Aug 17 2020 07:08:00 GMT+0800 (GMT+08:00) -- login refresh error -- reason:Error: No location header for redirect
Mon Aug 17 2020 07:10:00 GMT+0800 (GMT+08:00) -- login refresh error -- reason:Error: No location header for redirect
Mon Aug 17 2020 07:12:00 GMT+0800 (GMT+08:00) -- login refresh error -- reason:Error: No location header for redirect
Mon Aug 17 2020 07:14:00 GMT+0800 (GMT+08:00) -- login refresh error -- reason:Error: No location header for redirect
Mon Aug 17 2020 07:16:00 GMT+0800 (GMT+08:00) -- login refresh error -- reason:Error: No location header for redirect
Mon Aug 17 2020 07:18:00 GMT+0800 (GMT+08:00) -- login refresh error -- reason:Error: No location header for redirect
Mon Aug 17 2020 07:20:00 GMT+0800 (GMT+08:00) -- login refresh error -- reason:Error: No location header for redirect
Mon Aug 17 2020 07:22:00 GMT+0800 (GMT+08:00) -- login refresh error -- reason:Error: No location header for redirect
Mon Aug 17 2020 07:24:00 GMT+0800 (GMT+08:00) -- login refresh error -- reason:Error: No location header for redirect
Mon Aug 17 2020 07:26:00 GMT+0800 (GMT+08:00) -- login refresh error -- reason:Error: No location header for redirect
Mon Aug 17 2020 07:28:00 GMT+0800 (GMT+08:00) -- login refresh error -- reason:Error: No location header for redirect
Mon Aug 17 2020 07:30:00 GMT+0800 (GMT+08:00) -- login refresh error -- reason:Error: No location header for redirect
Mon Aug 17 2020 07:32:00 GMT+0800 (GMT+08:00) -- login refresh error -- reason:Error: No location header for redirect
Mon Aug 17 2020 07:34:00 GMT+0800 (GMT+08:00) -- login refresh error -- reason:Error: No location header for redirect
Mon Aug 17 2020 07:36:00 GMT+0800 (GMT+08:00) -- login refresh error -- reason:Error: No location header for redirect
Mon Aug 17 2020 07:38:00 GMT+0800 (GMT+08:00) -- login refresh error -- reason:Error: No location header for redirect
Mon Aug 17 2020 07:40:00 GMT+0800 (GMT+08:00) -- login refresh error -- reason:Error: No location header for redirect
Mon Aug 17 2020 07:42:00 GMT+0800 (GMT+08:00) -- login refresh error -- reason:Error: No location header for redirect
Mon Aug 17 2020 07:44:00 GMT+0800 (GMT+08:00) -- login refresh error -- reason:Error: No location header for redirect
Mon Aug 17 2020 07:46:00 GMT+0800 (GMT+08:00) -- login refresh error -- reason:Error: No location header for redirect
Mon Aug 17 2020 07:48:00 GMT+0800 (GMT+08:00) -- login refresh error -- reason:Error: No location header for redirect
Mon Aug 17 2020 07:50:00 GMT+0800 (GMT+08:00) -- login refresh error -- reason:Error: No location header for redirect
Mon Aug 17 2020 07:52:00 GMT+0800 (GMT+08:00) -- login refresh error -- reason:Error: No location header for redirect
Mon Aug 17 2020 07:54:00 GMT+0800 (GMT+08:00) -- login refresh error -- reason:Error: No location header for redirect
Mon Aug 17 2020 07:56:00 GMT+0800 (GMT+08:00) -- login refresh error -- reason:Error: No location header for redirect
Mon Aug 17 2020 07:58:00 GMT+0800 (GMT+08:00) -- login refresh error -- reason:Error: No location header for redirect
Mon Aug 17 2020 08:00:00 GMT+0800 (GMT+08:00) -- login refresh error -- reason:Error: No location header for redirect
Mon Aug 17 2020 08:02:00 GMT+0800 (GMT+08:00) -- login refresh error -- reason:Error: No location header for redirect
Mon Aug 17 2020 08:04:00 GMT+0800 (GMT+08:00) -- login refresh error -- reason:Error: No location header for redirect
Mon Aug 17 2020 08:06:00 GMT+0800 (GMT+08:00) -- login refresh error -- reason:Error: No location header for redirect
Mon Aug 17 2020 08:08:00 GMT+0800 (GMT+08:00) -- login refresh error -- reason:Error: No location header for redirect
Mon Aug 17 2020 08:10:00 GMT+0800 (GMT+08:00) -- login refresh error -- reason:Error: No location header for redirect
Mon Aug 17 2020 08:12:00 GMT+0800 (GMT+08:00) -- login refresh error -- reason:Error: No location header for redirect
Mon Aug 17 2020 08:14:00 GMT+0800 (GMT+08:00) -- login refresh error -- reason:Error: No location header for redirect
Mon Aug 17 2020 08:16:00 GMT+0800 (GMT+08:00) -- login refresh error -- reason:Error: No location header for redirect
Mon Aug 17 2020 08:18:00 GMT+0800 (GMT+08:00) -- login refresh error -- reason:Error: No location header for redirect
Mon Aug 17 2020 08:20:00 GMT+0800 (GMT+08:00) -- login refresh error -- reason:Error: No location header for redirect
Mon Aug 17 2020 08:22:00 GMT+0800 (GMT+08:00) -- login refresh error -- reason:Error: No location header for redirect
Mon Aug 17 2020 08:24:00 GMT+0800 (GMT+08:00) -- login refresh error -- reason:Error: No location header for redirect
Mon Aug 17 2020 08:26:00 GMT+0800 (GMT+08:00) -- login refresh error -- reason:Error: No location header for redirect
Mon Aug 17 2020 08:28:00 GMT+0800 (GMT+08:00) -- login refresh error -- reason:Error: No location header for redirect
Mon Aug 17 2020 08:30:00 GMT+0800 (GMT+08:00) -- login refresh error -- reason:Error: No location header for redirect
Mon Aug 17 2020 08:32:00 GMT+0800 (GMT+08:00) -- login refresh error -- reason:Error: No location header for redirect
Mon Aug 17 2020 08:34:00 GMT+0800 (GMT+08:00) -- login refresh error -- reason:Error: No location header for redirect
Mon Aug 17 2020 08:36:00 GMT+0800 (GMT+08:00) -- login refresh error -- reason:Error: No location header for redirect
Mon Aug 17 2020 08:38:00 GMT+0800 (GMT+08:00) -- login refresh error -- reason:Error: No location header for redirect
Mon Aug 17 2020 08:40:00 GMT+0800 (GMT+08:00) -- login refresh error -- reason:Error: No location header for redirect
Mon Aug 17 2020 08:42:00 GMT+0800 (GMT+08:00) -- login refresh error -- reason:Error: No location header for redirect
Mon Aug 17 2020 08:44:00 GMT+0800 (GMT+08:00) -- login refresh error -- reason:Error: No location header for redirect
Mon Aug 17 2020 08:46:00 GMT+0800 (GMT+08:00) -- login refresh error -- reason:Error: No location header for redirect
Mon Aug 17 2020 08:48:00 GMT+0800 (GMT+08:00) -- login refresh error -- reason:Error: No location header for redirect
Mon Aug 17 2020 08:50:00 GMT+0800 (GMT+08:00) -- login refresh error -- reason:Error: No location header for redirect
Mon Aug 17 2020 08:52:00 GMT+0800 (GMT+08:00) -- login refresh error -- reason:Error: No location header for redirect
Mon Aug 17 2020 08:54:00 GMT+0800 (GMT+08:00) -- login refresh error -- reason:Error: No location header for redirect
Mon Aug 17 2020 08:56:00 GMT+0800 (GMT+08:00) -- login refresh error -- reason:Error: No location header for redirect
Mon Aug 17 2020 08:58:00 GMT+0800 (GMT+08:00) -- login refresh error -- reason:Error: No location header for redirect
Mon Aug 17 2020 09:00:00 GMT+0800 (GMT+08:00) -- login refresh error -- reason:Error: No location header for redirect
Mon Aug 17 2020 09:02:00 GMT+0800 (GMT+08:00) -- login refresh error -- reason:Error: No location header for redirect
Mon Aug 17 2020 09:04:00 GMT+0800 (GMT+08:00) -- login refresh error -- reason:Error: No location header for redirect
Mon Aug 17 2020 09:06:00 GMT+0800 (GMT+08:00) -- login refresh error -- reason:Error: No location header for redirect
Mon Aug 17 2020 09:08:00 GMT+0800 (GMT+08:00) -- login refresh error -- reason:Error: No location header for redirect
Mon Aug 17 2020 09:10:00 GMT+0800 (GMT+08:00) -- login refresh error -- reason:Error: No location header for redirect
Mon Aug 17 2020 09:12:00 GMT+0800 (GMT+08:00) -- login refresh error -- reason:Error: No location header for redirect
Mon Aug 17 2020 09:14:00 GMT+0800 (GMT+08:00) -- login refresh error -- reason:Error: No location header for redirect
Mon Aug 17 2020 09:16:00 GMT+0800 (GMT+08:00) -- login refresh error -- reason:Error: No location header for redirect
Mon Aug 17 2020 09:18:00 GMT+0800 (GMT+08:00) -- login refresh error -- reason:Error: No location header for redirect
Mon Aug 17 2020 09:20:00 GMT+0800 (GMT+08:00) -- login refresh error -- reason:Error: No location header for redirect
Mon Aug 17 2020 09:22:00 GMT+0800 (GMT+08:00) -- login refresh error -- reason:Error: No location header for redirect
Mon Aug 17 2020 09:24:00 GMT+0800 (GMT+08:00) -- login refresh error -- reason:Error: No location header for redirect
Mon Aug 17 2020 09:26:00 GMT+0800 (GMT+08:00) -- login refresh error -- reason:Error: No location header for redirect
Mon Aug 17 2020 09:28:00 GMT+0800 (GMT+08:00) -- login refresh error -- reason:Error: No location header for redirect
Mon Aug 17 2020 09:30:00 GMT+0800 (GMT+08:00) -- login refresh error -- reason:Error: No location header for redirect
Mon Aug 17 2020 09:32:00 GMT+0800 (GMT+08:00) -- login refresh error -- reason:Error: No location header for redirect
Mon Aug 17 2020 09:34:00 GMT+0800 (GMT+08:00) -- login refresh error -- reason:Error: No location header for redirect
Mon Aug 17 2020 09:36:00 GMT+0800 (GMT+08:00) -- login refresh error -- reason:Error: No location header for redirect
Mon Aug 17 2020 09:38:00 GMT+0800 (GMT+08:00) -- login refresh error -- reason:Error: No location header for redirect
Mon Aug 17 2020 09:40:00 GMT+0800 (GMT+08:00) -- login refresh error -- reason:Error: No location header for redirect
Mon Aug 17 2020 09:42:00 GMT+0800 (GMT+08:00) -- login refresh error -- reason:Error: No location header for redirect
Mon Aug 17 2020 09:44:00 GMT+0800 (GMT+08:00) -- login refresh error -- reason:Error: No location header for redirect
Mon Aug 17 2020 09:46:00 GMT+0800 (GMT+08:00) -- login refresh error -- reason:Error: No location header for redirect
Mon Aug 17 2020 09:46:01 GMT+0800 (GMT+08:00) -- login refresh error -- reason:Error: No location header for redirect
Mon Aug 17 2020 09:48:00 GMT+0800 (GMT+08:00) -- login refresh error -- reason:Error: No location header for redirect
Mon Aug 17 2020 09:50:00 GMT+0800 (GMT+08:00) -- login refresh error -- reason:Error: No location header for redirect
Mon Aug 17 2020 09:52:00 GMT+0800 (GMT+08:00) -- login refresh error -- reason:Error: No location header for redirect
Mon Aug 17 2020 09:54:00 GMT+0800 (GMT+08:00) -- login refresh error -- reason:Error: No location header for redirect
Mon Aug 17 2020 09:56:00 GMT+0800 (GMT+08:00) -- login refresh error -- reason:Error: No location header for redirect
Mon Aug 17 2020 09:58:00 GMT+0800 (GMT+08:00) -- login refresh error -- reason:Error: No location header for redirect
Mon Aug 17 2020 10:00:00 GMT+0800 (GMT+08:00) -- login refresh error -- reason:Error: No location header for redirect
Mon Aug 17 2020 10:02:00 GMT+0800 (GMT+08:00) -- login refresh error -- reason:Error: No location header for redirect
Mon Aug 17 2020 10:04:00 GMT+0800 (GMT+08:00) -- login refresh error -- reason:Error: No location header for redirect
Mon Aug 17 2020 10:06:00 GMT+0800 (GMT+08:00) -- login refresh error -- reason:Error: No location header for redirect
Mon Aug 17 2020 10:08:00 GMT+0800 (GMT+08:00) -- login refresh error -- reason:Error: No location header for redirect
Mon Aug 17 2020 10:10:00 GMT+0800 (GMT+08:00) -- login refresh error -- reason:Error: No location header for redirect
Mon Aug 17 2020 10:12:00 GMT+0800 (GMT+08:00) -- login refresh error -- reason:Error: No location header for redirect
Mon Aug 17 2020 10:14:00 GMT+0800 (GMT+08:00) -- login refresh error -- reason:Error: No location header for redirect
Mon Aug 17 2020 10:16:00 GMT+0800 (GMT+08:00) -- login refresh error -- reason:Error: No location header for redirect
Mon Aug 17 2020 10:18:00 GMT+0800 (GMT+08:00) -- login refresh error -- reason:Error: No location header for redirect
Mon Aug 17 2020 10:20:00 GMT+0800 (GMT+08:00) -- login refresh error -- reason:Error: No location header for redirect
Mon Aug 17 2020 10:22:00 GMT+0800 (GMT+08:00) -- login refresh error -- reason:Error: No location header for redirect
Mon Aug 17 2020 10:24:00 GMT+0800 (GMT+08:00) -- login refresh error -- reason:Error: No location header for redirect
Mon Aug 17 2020 10:26:00 GMT+0800 (GMT+08:00) -- login refresh error -- reason:Error: No location header for redirect
Mon Aug 17 2020 10:28:00 GMT+0800 (GMT+08:00) -- login refresh error -- reason:Error: No location header for redirect
Mon Aug 17 2020 10:30:00 GMT+0800 (GMT+08:00) -- login refresh error -- reason:Error: No location header for redirect
Mon Aug 17 2020 10:32:00 GMT+0800 (GMT+08:00) -- login refresh error -- reason:Error: No location header for redirect
Mon Aug 17 2020 10:34:00 GMT+0800 (GMT+08:00) -- login refresh error -- reason:Error: No location header for redirect
Mon Aug 17 2020 10:36:00 GMT+0800 (GMT+08:00) -- login refresh error -- reason:Error: No location header for redirect
Mon Aug 17 2020 10:38:00 GMT+0800 (GMT+08:00) -- login refresh error -- reason:Error: No location header for redirect
Mon Aug 17 2020 10:40:00 GMT+0800 (GMT+08:00) -- login refresh error -- reason:Error: No location header for redirect
Mon Aug 17 2020 10:42:00 GMT+0800 (GMT+08:00) -- login refresh error -- reason:Error: No location header for redirect
Mon Aug 17 2020 10:44:00 GMT+0800 (GMT+08:00) -- login refresh error -- reason:Error: No location header for redirect
Mon Aug 17 2020 10:46:00 GMT+0800 (GMT+08:00) -- login refresh error -- reason:Error: No location header for redirect
Mon Aug 17 2020 10:48:00 GMT+0800 (GMT+08:00) -- login refresh error -- reason:Error: No location header for redirect
Mon Aug 17 2020 10:50:03 GMT+0800 (GMT+08:00) -- login refresh error -- reason:Error: No location header for redirect
Mon Aug 17 2020 10:52:00 GMT+0800 (GMT+08:00) -- login refresh error -- reason:Error: No location header for redirect
Mon Aug 17 2020 10:54:00 GMT+0800 (GMT+08:00) -- login refresh error -- reason:Error: No location header for redirect
Mon Aug 17 2020 10:56:00 GMT+0800 (GMT+08:00) -- login refresh error -- reason:Error: No location header for redirect
Mon Aug 17 2020 10:58:00 GMT+0800 (GMT+08:00) -- login refresh error -- reason:Error: No location header for redirect
Mon Aug 17 2020 11:00:00 GMT+0800 (GMT+08:00) -- login refresh error -- reason:Error: No location header for redirect
Mon Aug 17 2020 11:02:00 GMT+0800 (GMT+08:00) -- login refresh error -- reason:Error: No location header for redirect
Mon Aug 17 2020 11:04:00 GMT+0800 (GMT+08:00) -- login refresh error -- reason:Error: No location header for redirect
Mon Aug 17 2020 11:06:00 GMT+0800 (GMT+08:00) -- login refresh error -- reason:Error: No location header for redirect
Mon Aug 17 2020 11:08:00 GMT+0800 (GMT+08:00) -- login refresh error -- reason:Error: No location header for redirect
Mon Aug 17 2020 11:10:00 GMT+0800 (GMT+08:00) -- login refresh error -- reason:Error: No location header for redirect
Mon Aug 17 2020 11:12:00 GMT+0800 (GMT+08:00) -- login refresh error -- reason:Error: No location header for redirect
Mon Aug 17 2020 11:14:00 GMT+0800 (GMT+08:00) -- login refresh error -- reason:Error: No location header for redirect
Mon Aug 17 2020 11:16:00 GMT+0800 (GMT+08:00) -- login refresh error -- reason:Error: No location header for redirect
Mon Aug 17 2020 11:18:00 GMT+0800 (GMT+08:00) -- login refresh error -- reason:Error: No location header for redirect
Mon Aug 17 2020 11:20:00 GMT+0800 (GMT+08:00) -- login refresh error -- reason:Error: No location header for redirect
Mon Aug 17 2020 11:22:00 GMT+0800 (GMT+08:00) -- login refresh error -- reason:Error: No location header for redirect
Mon Aug 17 2020 11:24:00 GMT+0800 (GMT+08:00) -- login refresh error -- reason:Error: No location header for redirect
Mon Aug 17 2020 11:26:00 GMT+0800 (GMT+08:00) -- login refresh error -- reason:Error: No location header for redirect
Mon Aug 17 2020 11:28:00 GMT+0800 (GMT+08:00) -- login refresh error -- reason:Error: No location header for redirect
Mon Aug 17 2020 11:30:00 GMT+0800 (GMT+08:00) -- login refresh error -- reason:Error: No location header for redirect
Mon Aug 17 2020 11:32:00 GMT+0800 (GMT+08:00) -- login refresh error -- reason:Error: No location header for redirect
Mon Aug 17 2020 11:34:00 GMT+0800 (GMT+08:00) -- login refresh error -- reason:Error: No location header for redirect
Mon Aug 17 2020 11:36:00 GMT+0800 (GMT+08:00) -- login refresh error -- reason:Error: No location header for redirect
Mon Aug 17 2020 11:38:00 GMT+0800 (GMT+08:00) -- login refresh error -- reason:Error: No location header for redirect
Mon Aug 17 2020 11:40:00 GMT+0800 (GMT+08:00) -- login refresh error -- reason:Error: No location header for redirect
Mon Aug 17 2020 11:42:00 GMT+0800 (GMT+08:00) -- login refresh error -- reason:Error: No location header for redirect
Mon Aug 17 2020 11:44:00 GMT+0800 (GMT+08:00) -- login refresh error -- reason:Error: No location header for redirect
Mon Aug 17 2020 11:46:00 GMT+0800 (GMT+08:00) -- login refresh error -- reason:Error: No location header for redirect
Mon Aug 17 2020 11:48:00 GMT+0800 (GMT+08:00) -- login refresh error -- reason:Error: No location header for redirect
Mon Aug 17 2020 11:50:00 GMT+0800 (GMT+08:00) -- login refresh error -- reason:Error: No location header for redirect
Mon Aug 17 2020 11:52:00 GMT+0800 (GMT+08:00) -- login refresh error -- reason:Error: No location header for redirect
Mon Aug 17 2020 11:52:01 GMT+0800 (GMT+08:00) -- login refresh error -- reason:Error: No location header for redirect
Mon Aug 17 2020 11:54:00 GMT+0800 (GMT+08:00) -- login refresh error -- reason:Error: No location header for redirect
Mon Aug 17 2020 11:56:00 GMT+0800 (GMT+08:00) -- login refresh error -- reason:Error: No location header for redirect
Mon Aug 17 2020 11:58:00 GMT+0800 (GMT+08:00) -- login refresh error -- reason:Error: No location header for redirect
Mon Aug 17 2020 12:00:00 GMT+0800 (GMT+08:00) -- login refresh error -- reason:Error: No location header for redirect
Mon Aug 17 2020 12:02:00 GMT+0800 (GMT+08:00) -- login refresh error -- reason:Error: No location header for redirect
Mon Aug 17 2020 12:04:00 GMT+0800 (GMT+08:00) -- login refresh error -- reason:Error: No location header for redirect
Mon Aug 17 2020 12:06:00 GMT+0800 (GMT+08:00) -- login refresh error -- reason:Error: No location header for redirect
Mon Aug 17 2020 12:08:00 GMT+0800 (GMT+08:00) -- login refresh error -- reason:Error: No location header for redirect
Mon Aug 17 2020 12:10:00 GMT+0800 (GMT+08:00) -- login refresh error -- reason:Error: No location header for redirect
Mon Aug 17 2020 12:12:00 GMT+0800 (GMT+08:00) -- login refresh error -- reason:Error: No location header for redirect
Mon Aug 17 2020 12:14:00 GMT+0800 (GMT+08:00) -- login refresh error -- reason:Error: No location header for redirect
Mon Aug 17 2020 12:16:00 GMT+0800 (GMT+08:00) -- login refresh error -- reason:Error: No location header for redirect
Mon Aug 17 2020 12:18:00 GMT+0800 (GMT+08:00) -- login refresh error -- reason:Error: No location header for redirect
Mon Aug 17 2020 12:20:00 GMT+0800 (GMT+08:00) -- login refresh error -- reason:Error: No location header for redirect
Mon Aug 17 2020 12:22:00 GMT+0800 (GMT+08:00) -- login refresh error -- reason:Error: No location header for redirect
Mon Aug 17 2020 12:24:00 GMT+0800 (GMT+08:00) -- login refresh error -- reason:Error: No location header for redirect
Mon Aug 17 2020 12:26:00 GMT+0800 (GMT+08:00) -- login refresh error -- reason:Error: No location header for redirect
Mon Aug 17 2020 12:28:00 GMT+0800 (GMT+08:00) -- login refresh error -- reason:Error: No location header for redirect
Mon Aug 17 2020 12:30:00 GMT+0800 (GMT+08:00) -- login refresh error -- reason:Error: No location header for redirect
Mon Aug 17 2020 12:32:00 GMT+0800 (GMT+08:00) -- login refresh error -- reason:Error: No location header for redirect
Mon Aug 17 2020 12:34:00 GMT+0800 (GMT+08:00) -- login refresh error -- reason:Error: No location header for redirect
Mon Aug 17 2020 12:36:00 GMT+0800 (GMT+08:00) -- login refresh error -- reason:Error: No location header for redirect
Mon Aug 17 2020 12:38:00 GMT+0800 (GMT+08:00) -- login refresh error -- reason:Error: No location header for redirect
Mon Aug 17 2020 12:40:00 GMT+0800 (GMT+08:00) -- login refresh error -- reason:Error: No location header for redirect
Mon Aug 17 2020 12:42:00 GMT+0800 (GMT+08:00) -- login refresh error -- reason:Error: No location header for redirect
Mon Aug 17 2020 12:44:00 GMT+0800 (GMT+08:00) -- login refresh error -- reason:Error: No location header for redirect
Mon Aug 17 2020 12:46:00 GMT+0800 (GMT+08:00) -- login refresh error -- reason:Error: No location header for redirect
Mon Aug 17 2020 12:48:00 GMT+0800 (GMT+08:00) -- login refresh error -- reason:Error: No location header for redirect
Mon Aug 17 2020 12:50:00 GMT+0800 (GMT+08:00) -- login refresh error -- reason:Error: No location header for redirect
Mon Aug 17 2020 12:52:00 GMT+0800 (GMT+08:00) -- login refresh error -- reason:Error: No location header for redirect
Mon Aug 17 2020 12:54:00 GMT+0800 (GMT+08:00) -- login refresh error -- reason:Error: No location header for redirect
Mon Aug 17 2020 12:56:00 GMT+0800 (GMT+08:00) -- login refresh error -- reason:Error: No location header for redirect
Mon Aug 17 2020 12:58:00 GMT+0800 (GMT+08:00) -- login refresh error -- reason:Error: No location header for redirect
Mon Aug 17 2020 13:00:00 GMT+0800 (GMT+08:00) -- login refresh error -- reason:Error: No location header for redirect
Mon Aug 17 2020 13:02:00 GMT+0800 (GMT+08:00) -- login refresh error -- reason:Error: No location header for redirect
Mon Aug 17 2020 13:04:00 GMT+0800 (GMT+08:00) -- login refresh error -- reason:Error: No location header for redirect
Mon Aug 17 2020 13:06:00 GMT+0800 (GMT+08:00) -- login refresh error -- reason:Error: No location header for redirect
Mon Aug 17 2020 13:08:02 GMT+0800 (GMT+08:00) -- login refresh error -- reason:Error: No location header for redirect
Mon Aug 17 2020 13:10:00 GMT+0800 (GMT+08:00) -- login refresh error -- reason:Error: No location header for redirect
Mon Aug 17 2020 13:12:00 GMT+0800 (GMT+08:00) -- login refresh error -- reason:Error: No location header for redirect
Mon Aug 17 2020 13:14:00 GMT+0800 (GMT+08:00) -- login refresh error -- reason:Error: No location header for redirect
Mon Aug 17 2020 13:16:00 GMT+0800 (GMT+08:00) -- login refresh error -- reason:Error: No location header for redirect
Mon Aug 17 2020 13:18:00 GMT+0800 (GMT+08:00) -- login refresh error -- reason:Error: No location header for redirect
Mon Aug 17 2020 13:20:00 GMT+0800 (GMT+08:00) -- login refresh error -- reason:Error: No location header for redirect
Mon Aug 17 2020 13:22:00 GMT+0800 (GMT+08:00) -- login refresh error -- reason:Error: No location header for redirect
Mon Aug 17 2020 13:24:00 GMT+0800 (GMT+08:00) -- login refresh error -- reason:Error: No location header for redirect
Mon Aug 17 2020 13:26:00 GMT+0800 (GMT+08:00) -- login refresh error -- reason:Error: No location header for redirect
Mon Aug 17 2020 13:28:00 GMT+0800 (GMT+08:00) -- login refresh error -- reason:Error: No location header for redirect
Mon Aug 17 2020 13:30:00 GMT+0800 (GMT+08:00) -- login refresh error -- reason:Error: No location header for redirect
Mon Aug 17 2020 13:32:00 GMT+0800 (GMT+08:00) -- login refresh error -- reason:Error: No location header for redirect
Mon Aug 17 2020 13:34:00 GMT+0800 (GMT+08:00) -- login refresh error -- reason:Error: No location header for redirect
Mon Aug 17 2020 13:36:00 GMT+0800 (GMT+08:00) -- login refresh error -- reason:Error: No location header for redirect
Mon Aug 17 2020 13:38:00 GMT+0800 (GMT+08:00) -- login refresh error -- reason:Error: No location header for redirect
Mon Aug 17 2020 13:40:00 GMT+0800 (GMT+08:00) -- login refresh error -- reason:Error: No location header for redirect
Mon Aug 17 2020 13:42:00 GMT+0800 (GMT+08:00) -- login refresh error -- reason:Error: No location header for redirect
Mon Aug 17 2020 13:44:00 GMT+0800 (GMT+08:00) -- login refresh error -- reason:Error: No location header for redirect
Mon Aug 17 2020 13:46:00 GMT+0800 (GMT+08:00) -- login refresh error -- reason:Error: No location header for redirect
Mon Aug 17 2020 13:48:02 GMT+0800 (GMT+08:00) -- login refresh error -- reason:Error: No location header for redirect
Mon Aug 17 2020 13:50:00 GMT+0800 (GMT+08:00) -- login refresh error -- reason:Error: No location header for redirect
Mon Aug 17 2020 13:52:00 GMT+0800 (GMT+08:00) -- login refresh error -- reason:Error: No location header for redirect
Mon Aug 17 2020 13:54:00 GMT+0800 (GMT+08:00) -- login refresh error -- reason:Error: No location header for redirect
Mon Aug 17 2020 13:56:00 GMT+0800 (GMT+08:00) -- login refresh error -- reason:Error: No location header for redirect
Mon Aug 17 2020 13:58:00 GMT+0800 (GMT+08:00) -- login refresh error -- reason:Error: No location header for redirect
Mon Aug 17 2020 14:00:00 GMT+0800 (GMT+08:00) -- login refresh error -- reason:Error: No location header for redirect
Mon Aug 17 2020 14:02:00 GMT+0800 (GMT+08:00) -- login refresh error -- reason:Error: No location header for redirect
Mon Aug 17 2020 14:04:00 GMT+0800 (GMT+08:00) -- login refresh error -- reason:Error: No location header for redirect
Mon Aug 17 2020 14:06:00 GMT+0800 (GMT+08:00) -- login refresh error -- reason:Error: No location header for redirect
Mon Aug 17 2020 14:08:00 GMT+0800 (GMT+08:00) -- login refresh error -- reason:Error: No location header for redirect
Mon Aug 17 2020 14:10:00 GMT+0800 (GMT+08:00) -- login refresh error -- reason:Error: No location header for redirect
Mon Aug 17 2020 14:12:00 GMT+0800 (GMT+08:00) -- login refresh error -- reason:Error: No location header for redirect
Mon Aug 17 2020 14:14:00 GMT+0800 (GMT+08:00) -- login refresh error -- reason:Error: No location header for redirect
Mon Aug 17 2020 14:16:00 GMT+0800 (GMT+08:00) -- login refresh error -- reason:Error: No location header for redirect
Mon Aug 17 2020 14:18:00 GMT+0800 (GMT+08:00) -- login refresh error -- reason:Error: No location header for redirect
Mon Aug 17 2020 14:20:00 GMT+0800 (GMT+08:00) -- login refresh error -- reason:Error: No location header for redirect
Mon Aug 17 2020 14:22:00 GMT+0800 (GMT+08:00) -- login refresh error -- reason:Error: No location header for redirect
Mon Aug 17 2020 14:24:00 GMT+0800 (GMT+08:00) -- login refresh error -- reason:Error: No location header for redirect
Mon Aug 17 2020 14:26:00 GMT+0800 (GMT+08:00) -- login refresh error -- reason:Error: No location header for redirect
Mon Aug 17 2020 14:28:00 GMT+0800 (GMT+08:00) -- login refresh error -- reason:Error: No location header for redirect
Mon Aug 17 2020 14:30:00 GMT+0800 (GMT+08:00) -- login refresh error -- reason:Error: No location header for redirect
Mon Aug 17 2020 14:32:00 GMT+0800 (GMT+08:00) -- login refresh error -- reason:Error: No location header for redirect
Mon Aug 17 2020 14:34:00 GMT+0800 (GMT+08:00) -- login refresh error -- reason:Error: No location header for redirect
Mon Aug 17 2020 14:36:00 GMT+0800 (GMT+08:00) -- login refresh error -- reason:Error: No location header for redirect
Mon Aug 17 2020 14:38:00 GMT+0800 (GMT+08:00) -- login refresh error -- reason:Error: No location header for redirect
Mon Aug 17 2020 14:40:00 GMT+0800 (GMT+08:00) -- login refresh error -- reason:Error: No location header for redirect
Mon Aug 17 2020 14:42:00 GMT+0800 (GMT+08:00) -- login refresh error -- reason:Error: No location header for redirect
Mon Aug 17 2020 14:44:00 GMT+0800 (GMT+08:00) -- login refresh error -- reason:Error: No location header for redirect
Mon Aug 17 2020 14:46:00 GMT+0800 (GMT+08:00) -- login refresh error -- reason:Error: No location header for redirect
Mon Aug 17 2020 14:48:00 GMT+0800 (GMT+08:00) -- login refresh error -- reason:Error: No location header for redirect
Mon Aug 17 2020 14:50:00 GMT+0800 (GMT+08:00) -- login refresh error -- reason:Error: No location header for redirect
Mon Aug 17 2020 14:52:00 GMT+0800 (GMT+08:00) -- login refresh error -- reason:Error: No location header for redirect
Mon Aug 17 2020 14:54:00 GMT+0800 (GMT+08:00) -- login refresh error -- reason:Error: No location header for redirect
Mon Aug 17 2020 14:56:00 GMT+0800 (GMT+08:00) -- login refresh error -- reason:Error: No location header for redirect
Mon Aug 17 2020 14:58:00 GMT+0800 (GMT+08:00) -- login refresh error -- reason:Error: No location header for redirect
Mon Aug 17 2020 15:00:00 GMT+0800 (GMT+08:00) -- login refresh error -- reason:Error: No location header for redirect
Mon Aug 17 2020 15:02:00 GMT+0800 (GMT+08:00) -- login refresh error -- reason:Error: No location header for redirect
Mon Aug 17 2020 15:04:00 GMT+0800 (GMT+08:00) -- login refresh error -- reason:Error: No location header for redirect
Mon Aug 17 2020 15:06:00 GMT+0800 (GMT+08:00) -- login refresh error -- reason:Error: No location header for redirect
Mon Aug 17 2020 15:08:00 GMT+0800 (GMT+08:00) -- login refresh error -- reason:Error: No location header for redirect
Mon Aug 17 2020 15:10:00 GMT+0800 (GMT+08:00) -- login refresh error -- reason:Error: No location header for redirect
Mon Aug 17 2020 15:12:00 GMT+0800 (GMT+08:00) -- login refresh error -- reason:Error: No location header for redirect
Mon Aug 17 2020 15:14:00 GMT+0800 (GMT+08:00) -- login refresh error -- reason:Error: No location header for redirect
Mon Aug 17 2020 15:16:00 GMT+0800 (GMT+08:00) -- login refresh error -- reason:Error: No location header for redirect
Mon Aug 17 2020 15:18:00 GMT+0800 (GMT+08:00) -- login refresh error -- reason:Error: No location header for redirect
Mon Aug 17 2020 15:20:00 GMT+0800 (GMT+08:00) -- login refresh error -- reason:Error: No location header for redirect
Mon Aug 17 2020 15:22:00 GMT+0800 (GMT+08:00) -- login refresh error -- reason:Error: No location header for redirect
Mon Aug 17 2020 15:24:00 GMT+0800 (GMT+08:00) -- login refresh error -- reason:Error: No location header for redirect
Mon Aug 17 2020 15:26:00 GMT+0800 (GMT+08:00) -- login refresh error -- reason:Error: No location header for redirect
Mon Aug 17 2020 15:28:00 GMT+0800 (GMT+08:00) -- login refresh error -- reason:Error: No location header for redirect
Mon Aug 17 2020 15:30:00 GMT+0800 (GMT+08:00) -- login refresh error -- reason:Error: No location header for redirect
Mon Aug 17 2020 15:32:00 GMT+0800 (GMT+08:00) -- login refresh error -- reason:Error: No location header for redirect
Mon Aug 17 2020 15:34:00 GMT+0800 (GMT+08:00) -- login refresh error -- reason:Error: No location header for redirect
Mon Aug 17 2020 15:36:00 GMT+0800 (GMT+08:00) -- login refresh error -- reason:Error: No location header for redirect
Mon Aug 17 2020 15:38:00 GMT+0800 (GMT+08:00) -- login refresh error -- reason:Error: No location header for redirect
Mon Aug 17 2020 15:40:00 GMT+0800 (GMT+08:00) -- login refresh error -- reason:Error: No location header for redirect
Mon Aug 17 2020 15:42:00 GMT+0800 (GMT+08:00) -- login refresh error -- reason:Error: No location header for redirect
Mon Aug 17 2020 15:44:00 GMT+0800 (GMT+08:00) -- login refresh error -- reason:Error: No location header for redirect
Mon Aug 17 2020 15:46:00 GMT+0800 (GMT+08:00) -- login refresh error -- reason:Error: No location header for redirect
Mon Aug 17 2020 15:48:00 GMT+0800 (GMT+08:00) -- login refresh error -- reason:Error: No location header for redirect
Mon Aug 17 2020 15:50:00 GMT+0800 (GMT+08:00) -- login refresh error -- reason:Error: No location header for redirect
Mon Aug 17 2020 15:52:00 GMT+0800 (GMT+08:00) -- login refresh error -- reason:Error: No location header for redirect
Mon Aug 17 2020 15:54:00 GMT+0800 (GMT+08:00) -- login refresh error -- reason:Error: No location header for redirect
Mon Aug 17 2020 15:56:00 GMT+0800 (GMT+08:00) -- login refresh error -- reason:Error: No location header for redirect
Mon Aug 17 2020 15:58:00 GMT+0800 (GMT+08:00) -- login refresh error -- reason:Error: No location header for redirect
Mon Aug 17 2020 16:00:00 GMT+0800 (GMT+08:00) -- login refresh error -- reason:Error: No location header for redirect
Mon Aug 17 2020 16:02:00 GMT+0800 (GMT+08:00) -- login refresh error -- reason:Error: No location header for redirect
Mon Aug 17 2020 16:04:00 GMT+0800 (GMT+08:00) -- login refresh error -- reason:Error: No location header for redirect
Mon Aug 17 2020 16:06:00 GMT+0800 (GMT+08:00) -- login refresh error -- reason:Error: No location header for redirect
Mon Aug 17 2020 16:08:00 GMT+0800 (GMT+08:00) -- login refresh error -- reason:Error: No location header for redirect
Mon Aug 17 2020 16:10:00 GMT+0800 (GMT+08:00) -- login refresh error -- reason:Error: No location header for redirect
Mon Aug 17 2020 16:12:00 GMT+0800 (GMT+08:00) -- login refresh error -- reason:Error: No location header for redirect
Mon Aug 17 2020 16:14:00 GMT+0800 (GMT+08:00) -- login refresh error -- reason:Error: No location header for redirect
Mon Aug 17 2020 16:16:00 GMT+0800 (GMT+08:00) -- login refresh error -- reason:Error: No location header for redirect
Mon Aug 17 2020 16:18:00 GMT+0800 (GMT+08:00) -- login refresh error -- reason:Error: No location header for redirect
Mon Aug 17 2020 16:20:00 GMT+0800 (GMT+08:00) -- login refresh error -- reason:Error: No location header for redirect
Mon Aug 17 2020 16:22:00 GMT+0800 (GMT+08:00) -- login refresh error -- reason:Error: No location header for redirect
Mon Aug 17 2020 16:24:00 GMT+0800 (GMT+08:00) -- login refresh error -- reason:Error: No location header for redirect
Mon Aug 17 2020 16:26:00 GMT+0800 (GMT+08:00) -- login refresh error -- reason:Error: No location header for redirect
Mon Aug 17 2020 16:28:21 GMT+0800 (GMT+08:00) -- login refresh error -- reason:Error: Bad Gateway
Mon Aug 17 2020 16:30:00 GMT+0800 (GMT+08:00) -- login refresh error -- reason:Error: No location header for redirect
Mon Aug 17 2020 16:32:00 GMT+0800 (GMT+08:00) -- login refresh error -- reason:Error: No location header for redirect
Mon Aug 17 2020 16:34:00 GMT+0800 (GMT+08:00) -- login refresh error -- reason:Error: No location header for redirect
Mon Aug 17 2020 16:36:00 GMT+0800 (GMT+08:00) -- login refresh error -- reason:Error: No location header for redirect
Mon Aug 17 2020 16:38:00 GMT+0800 (GMT+08:00) -- login refresh error -- reason:Error: No location header for redirect
Mon Aug 17 2020 16:40:00 GMT+0800 (GMT+08:00) -- login refresh error -- reason:Error: No location header for redirect
Mon Aug 17 2020 16:42:00 GMT+0800 (GMT+08:00) -- login refresh error -- reason:Error: No location header for redirect
Mon Aug 17 2020 16:44:00 GMT+0800 (GMT+08:00) -- login refresh error -- reason:Error: No location header for redirect
Mon Aug 17 2020 16:46:00 GMT+0800 (GMT+08:00) -- login refresh error -- reason:Error: No location header for redirect
Mon Aug 17 2020 16:48:00 GMT+0800 (GMT+08:00) -- login refresh error -- reason:Error: No location header for redirect
Mon Aug 17 2020 16:50:00 GMT+0800 (GMT+08:00) -- login refresh error -- reason:Error: No location header for redirect
Mon Aug 17 2020 16:52:00 GMT+0800 (GMT+08:00) -- login refresh error -- reason:Error: No location header for redirect
Mon Aug 17 2020 16:54:00 GMT+0800 (GMT+08:00) -- login refresh error -- reason:Error: No location header for redirect
Mon Aug 17 2020 16:56:00 GMT+0800 (GMT+08:00) -- login refresh error -- reason:Error: No location header for redirect
Mon Aug 17 2020 16:58:00 GMT+0800 (GMT+08:00) -- login refresh error -- reason:Error: No location header for redirect
Mon Aug 17 2020 17:00:00 GMT+0800 (GMT+08:00) -- login refresh error -- reason:Error: No location header for redirect
Mon Aug 17 2020 17:02:00 GMT+0800 (GMT+08:00) -- login refresh error -- reason:Error: No location header for redirect
Mon Aug 17 2020 17:04:11 GMT+0800 (GMT+08:00) -- login refresh error -- reason:Error: Bad Gateway
Mon Aug 17 2020 17:06:11 GMT+0800 (GMT+08:00) -- login refresh error -- reason:Error: Bad Gateway
Mon Aug 17 2020 17:08:00 GMT+0800 (GMT+08:00) -- login refresh error -- reason:Error: No location header for redirect
Mon Aug 17 2020 17:10:00 GMT+0800 (GMT+08:00) -- login refresh error -- reason:Error: No location header for redirect
Mon Aug 17 2020 17:12:00 GMT+0800 (GMT+08:00) -- login refresh error -- reason:Error: No location header for redirect
Mon Aug 17 2020 17:14:00 GMT+0800 (GMT+08:00) -- login refresh error -- reason:Error: No location header for redirect
Mon Aug 17 2020 17:16:00 GMT+0800 (GMT+08:00) -- login refresh error -- reason:Error: No location header for redirect
Mon Aug 17 2020 17:18:00 GMT+0800 (GMT+08:00) -- login refresh error -- reason:Error: No location header for redirect
Mon Aug 17 2020 17:20:00 GMT+0800 (GMT+08:00) -- login refresh error -- reason:Error: No location header for redirect
Mon Aug 17 2020 17:22:00 GMT+0800 (GMT+08:00) -- login refresh error -- reason:Error: No location header for redirect
Mon Aug 17 2020 17:24:00 GMT+0800 (GMT+08:00) -- login refresh error -- reason:Error: No location header for redirect
Mon Aug 17 2020 17:26:00 GMT+0800 (GMT+08:00) -- login refresh error -- reason:Error: No location header for redirect
Mon Aug 17 2020 17:28:00 GMT+0800 (GMT+08:00) -- login refresh error -- reason:Error: No location header for redirect
Mon Aug 17 2020 17:30:00 GMT+0800 (GMT+08:00) -- login refresh error -- reason:Error: No location header for redirect
Mon Aug 17 2020 17:32:00 GMT+0800 (GMT+08:00) -- login refresh error -- reason:Error: No location header for redirect
Mon Aug 17 2020 17:34:21 GMT+0800 (GMT+08:00) -- login refresh error -- reason:Error: Bad Gateway
Mon Aug 17 2020 17:36:15 GMT+0800 (GMT+08:00) -- login refresh error -- reason:Error: No location header for redirect
Mon Aug 17 2020 17:38:00 GMT+0800 (GMT+08:00) -- login refresh error -- reason:Error: No location header for redirect
Mon Aug 17 2020 17:40:00 GMT+0800 (GMT+08:00) -- login refresh error -- reason:Error: No location header for redirect
Mon Aug 17 2020 17:42:00 GMT+0800 (GMT+08:00) -- login refresh error -- reason:Error: No location header for redirect
Mon Aug 17 2020 17:44:00 GMT+0800 (GMT+08:00) -- login refresh error -- reason:Error: No location header for redirect
Mon Aug 17 2020 17:46:00 GMT+0800 (GMT+08:00) -- login refresh error -- reason:Error: No location header for redirect
Mon Aug 17 2020 17:48:00 GMT+0800 (GMT+08:00) -- login refresh error -- reason:Error: No location header for redirect
Mon Aug 17 2020 17:50:00 GMT+0800 (GMT+08:00) -- login refresh error -- reason:Error: No location header for redirect
Mon Aug 17 2020 17:50:01 GMT+0800 (GMT+08:00) -- login refresh error -- reason:Error: No location header for redirect
Mon Aug 17 2020 17:52:00 GMT+0800 (GMT+08:00) -- login refresh error -- reason:Error: No location header for redirect
Mon Aug 17 2020 17:54:00 GMT+0800 (GMT+08:00) -- login refresh error -- reason:Error: No location header for redirect
Mon Aug 17 2020 17:56:00 GMT+0800 (GMT+08:00) -- login refresh error -- reason:Error: No location header for redirect
Mon Aug 17 2020 17:58:00 GMT+0800 (GMT+08:00) -- login refresh error -- reason:Error: No location header for redirect
Mon Aug 17 2020 18:00:00 GMT+0800 (GMT+08:00) -- login refresh error -- reason:Error: No location header for redirect
Mon Aug 17 2020 18:02:00 GMT+0800 (GMT+08:00) -- login refresh error -- reason:Error: No location header for redirect
Mon Aug 17 2020 18:04:00 GMT+0800 (GMT+08:00) -- login refresh error -- reason:Error: No location header for redirect
Mon Aug 17 2020 18:06:00 GMT+0800 (GMT+08:00) -- login refresh error -- reason:Error: No location header for redirect
Mon Aug 17 2020 18:08:00 GMT+0800 (GMT+08:00) -- login refresh error -- reason:Error: No location header for redirect
Mon Aug 17 2020 18:10:00 GMT+0800 (GMT+08:00) -- login refresh error -- reason:Error: No location header for redirect
Mon Aug 17 2020 18:12:00 GMT+0800 (GMT+08:00) -- login refresh error -- reason:Error: No location header for redirect
Mon Aug 17 2020 18:14:00 GMT+0800 (GMT+08:00) -- login refresh error -- reason:Error: No location header for redirect
Mon Aug 17 2020 18:16:00 GMT+0800 (GMT+08:00) -- login refresh error -- reason:Error: No location header for redirect
Mon Aug 17 2020 18:18:00 GMT+0800 (GMT+08:00) -- login refresh error -- reason:Error: No location header for redirect
Mon Aug 17 2020 18:20:00 GMT+0800 (GMT+08:00) -- login refresh error -- reason:Error: No location header for redirect
Mon Aug 17 2020 18:22:00 GMT+0800 (GMT+08:00) -- login refresh error -- reason:Error: No location header for redirect
Mon Aug 17 2020 18:24:00 GMT+0800 (GMT+08:00) -- login refresh error -- reason:Error: No location header for redirect
Mon Aug 17 2020 18:26:00 GMT+0800 (GMT+08:00) -- login refresh error -- reason:Error: No location header for redirect
Mon Aug 17 2020 18:28:00 GMT+0800 (GMT+08:00) -- login refresh error -- reason:Error: No location header for redirect
Mon Aug 17 2020 18:30:00 GMT+0800 (GMT+08:00) -- login refresh error -- reason:Error: No location header for redirect
Mon Aug 17 2020 18:32:00 GMT+0800 (GMT+08:00) -- login refresh error -- reason:Error: No location header for redirect
Mon Aug 17 2020 18:34:00 GMT+0800 (GMT+08:00) -- login refresh error -- reason:Error: No location header for redirect
Mon Aug 17 2020 18:36:00 GMT+0800 (GMT+08:00) -- login refresh error -- reason:Error: No location header for redirect
Mon Aug 17 2020 18:38:00 GMT+0800 (GMT+08:00) -- login refresh error -- reason:Error: No location header for redirect
Mon Aug 17 2020 18:40:00 GMT+0800 (GMT+08:00) -- login refresh error -- reason:Error: No location header for redirect
Mon Aug 17 2020 18:42:00 GMT+0800 (GMT+08:00) -- login refresh error -- reason:Error: No location header for redirect
Mon Aug 17 2020 18:44:00 GMT+0800 (GMT+08:00) -- login refresh error -- reason:Error: No location header for redirect
Mon Aug 17 2020 18:46:00 GMT+0800 (GMT+08:00) -- login refresh error -- reason:Error: No location header for redirect
Mon Aug 17 2020 18:48:00 GMT+0800 (GMT+08:00) -- login refresh error -- reason:Error: No location header for redirect
Mon Aug 17 2020 18:50:00 GMT+0800 (GMT+08:00) -- login refresh error -- reason:Error: No location header for redirect
Mon Aug 17 2020 18:52:00 GMT+0800 (GMT+08:00) -- login refresh error -- reason:Error: No location header for redirect
Mon Aug 17 2020 18:54:00 GMT+0800 (GMT+08:00) -- login refresh error -- reason:Error: No location header for redirect
Mon Aug 17 2020 18:56:00 GMT+0800 (GMT+08:00) -- login refresh error -- reason:Error: No location header for redirect
Mon Aug 17 2020 18:58:00 GMT+0800 (GMT+08:00) -- login refresh error -- reason:Error: No location header for redirect
Mon Aug 17 2020 19:00:00 GMT+0800 (GMT+08:00) -- login refresh error -- reason:Error: No location header for redirect
Mon Aug 17 2020 19:02:00 GMT+0800 (GMT+08:00) -- login refresh error -- reason:Error: No location header for redirect
Mon Aug 17 2020 19:04:00 GMT+0800 (GMT+08:00) -- login refresh error -- reason:Error: No location header for redirect
Mon Aug 17 2020 19:06:00 GMT+0800 (GMT+08:00) -- login refresh error -- reason:Error: No location header for redirect
Mon Aug 17 2020 19:08:00 GMT+0800 (GMT+08:00) -- login refresh error -- reason:Error: No location header for redirect
Mon Aug 17 2020 19:10:00 GMT+0800 (GMT+08:00) -- login refresh error -- reason:Error: No location header for redirect
Mon Aug 17 2020 19:12:00 GMT+0800 (GMT+08:00) -- login refresh error -- reason:Error: No location header for redirect
Mon Aug 17 2020 19:14:00 GMT+0800 (GMT+08:00) -- login refresh error -- reason:Error: No location header for redirect
Mon Aug 17 2020 19:16:00 GMT+0800 (GMT+08:00) -- login refresh error -- reason:Error: No location header for redirect
Mon Aug 17 2020 19:18:00 GMT+0800 (GMT+08:00) -- login refresh error -- reason:Error: No location header for redirect
Mon Aug 17 2020 19:20:00 GMT+0800 (GMT+08:00) -- login refresh error -- reason:Error: No location header for redirect
Mon Aug 17 2020 19:22:00 GMT+0800 (GMT+08:00) -- login refresh error -- reason:Error: No location header for redirect
Mon Aug 17 2020 19:24:00 GMT+0800 (GMT+08:00) -- login refresh error -- reason:Error: No location header for redirect
Mon Aug 17 2020 19:26:00 GMT+0800 (GMT+08:00) -- login refresh error -- reason:Error: No location header for redirect
Mon Aug 17 2020 19:28:00 GMT+0800 (GMT+08:00) -- login refresh error -- reason:Error: No location header for redirect
Mon Aug 17 2020 19:30:00 GMT+0800 (GMT+08:00) -- login refresh error -- reason:Error: No location header for redirect
Mon Aug 17 2020 19:32:00 GMT+0800 (GMT+08:00) -- login refresh error -- reason:Error: No location header for redirect
Mon Aug 17 2020 19:34:00 GMT+0800 (GMT+08:00) -- login refresh error -- reason:Error: No location header for redirect
Mon Aug 17 2020 19:36:00 GMT+0800 (GMT+08:00) -- login refresh error -- reason:Error: No location header for redirect
Mon Aug 17 2020 19:38:00 GMT+0800 (GMT+08:00) -- login refresh error -- reason:Error: No location header for redirect
Mon Aug 17 2020 19:40:00 GMT+0800 (GMT+08:00) -- login refresh error -- reason:Error: No location header for redirect
Mon Aug 17 2020 19:42:00 GMT+0800 (GMT+08:00) -- login refresh error -- reason:Error: No location header for redirect
Mon Aug 17 2020 19:44:00 GMT+0800 (GMT+08:00) -- login refresh error -- reason:Error: No location header for redirect
Mon Aug 17 2020 19:46:00 GMT+0800 (GMT+08:00) -- login refresh error -- reason:Error: No location header for redirect
Mon Aug 17 2020 19:48:00 GMT+0800 (GMT+08:00) -- login refresh error -- reason:Error: No location header for redirect
Mon Aug 17 2020 19:50:00 GMT+0800 (GMT+08:00) -- login refresh error -- reason:Error: No location header for redirect
Mon Aug 17 2020 19:52:00 GMT+0800 (GMT+08:00) -- login refresh error -- reason:Error: No location header for redirect
Mon Aug 17 2020 19:54:00 GMT+0800 (GMT+08:00) -- login refresh error -- reason:Error: No location header for redirect
Mon Aug 17 2020 19:56:00 GMT+0800 (GMT+08:00) -- login refresh error -- reason:Error: No location header for redirect
Mon Aug 17 2020 19:58:00 GMT+0800 (GMT+08:00) -- login refresh error -- reason:Error: No location header for redirect
Mon Aug 17 2020 20:00:00 GMT+0800 (GMT+08:00) -- login refresh error -- reason:Error: No location header for redirect
Mon Aug 17 2020 20:02:00 GMT+0800 (GMT+08:00) -- login refresh error -- reason:Error: No location header for redirect
Mon Aug 17 2020 20:04:00 GMT+0800 (GMT+08:00) -- login refresh error -- reason:Error: No location header for redirect
Mon Aug 17 2020 20:06:00 GMT+0800 (GMT+08:00) -- login refresh error -- reason:Error: No location header for redirect
Mon Aug 17 2020 20:08:00 GMT+0800 (GMT+08:00) -- login refresh error -- reason:Error: No location header for redirect
Mon Aug 17 2020 20:10:00 GMT+0800 (GMT+08:00) -- login refresh error -- reason:Error: No location header for redirect
Mon Aug 17 2020 20:12:00 GMT+0800 (GMT+08:00) -- login refresh error -- reason:Error: No location header for redirect
Mon Aug 17 2020 20:14:00 GMT+0800 (GMT+08:00) -- login refresh error -- reason:Error: No location header for redirect
Mon Aug 17 2020 20:16:00 GMT+0800 (GMT+08:00) -- login refresh error -- reason:Error: No location header for redirect
Mon Aug 17 2020 20:18:07 GMT+0800 (GMT+08:00) -- login refresh error -- reason:Error: No location header for redirect
Mon Aug 17 2020 20:20:00 GMT+0800 (GMT+08:00) -- login refresh error -- reason:Error: No location header for redirect
Mon Aug 17 2020 20:22:00 GMT+0800 (GMT+08:00) -- login refresh error -- reason:Error: No location header for redirect
Mon Aug 17 2020 20:24:00 GMT+0800 (GMT+08:00) -- login refresh error -- reason:Error: No location header for redirect
Mon Aug 17 2020 20:26:00 GMT+0800 (GMT+08:00) -- login refresh error -- reason:Error: No location header for redirect
Mon Aug 17 2020 20:28:00 GMT+0800 (GMT+08:00) -- login refresh error -- reason:Error: No location header for redirect
Mon Aug 17 2020 20:30:00 GMT+0800 (GMT+08:00) -- login refresh error -- reason:Error: No location header for redirect
Mon Aug 17 2020 20:32:00 GMT+0800 (GMT+08:00) -- login refresh error -- reason:Error: No location header for redirect
Mon Aug 17 2020 20:34:00 GMT+0800 (GMT+08:00) -- login refresh error -- reason:Error: No location header for redirect
Mon Aug 17 2020 20:36:00 GMT+0800 (GMT+08:00) -- login refresh error -- reason:Error: No location header for redirect
Mon Aug 17 2020 20:38:00 GMT+0800 (GMT+08:00) -- login refresh error -- reason:Error: No location header for redirect
Mon Aug 17 2020 20:40:00 GMT+0800 (GMT+08:00) -- login refresh error -- reason:Error: No location header for redirect
Mon Aug 17 2020 20:42:00 GMT+0800 (GMT+08:00) -- login refresh error -- reason:Error: No location header for redirect
Mon Aug 17 2020 20:44:00 GMT+0800 (GMT+08:00) -- login refresh error -- reason:Error: No location header for redirect
Mon Aug 17 2020 20:46:00 GMT+0800 (GMT+08:00) -- login refresh error -- reason:Error: No location header for redirect
Mon Aug 17 2020 20:48:00 GMT+0800 (GMT+08:00) -- login refresh error -- reason:Error: No location header for redirect
Mon Aug 17 2020 20:50:00 GMT+0800 (GMT+08:00) -- login refresh error -- reason:Error: No location header for redirect
Mon Aug 17 2020 20:52:00 GMT+0800 (GMT+08:00) -- login refresh error -- reason:Error: No location header for redirect
Mon Aug 17 2020 20:54:00 GMT+0800 (GMT+08:00) -- login refresh error -- reason:Error: No location header for redirect
Mon Aug 17 2020 20:56:00 GMT+0800 (GMT+08:00) -- login refresh error -- reason:Error: No location header for redirect
Mon Aug 17 2020 20:58:00 GMT+0800 (GMT+08:00) -- login refresh error -- reason:Error: No location header for redirect
Mon Aug 17 2020 21:00:00 GMT+0800 (GMT+08:00) -- login refresh error -- reason:Error: No location header for redirect
Mon Aug 17 2020 21:02:00 GMT+0800 (GMT+08:00) -- login refresh error -- reason:Error: No location header for redirect
Mon Aug 17 2020 21:04:00 GMT+0800 (GMT+08:00) -- login refresh error -- reason:Error: No location header for redirect
Mon Aug 17 2020 21:06:00 GMT+0800 (GMT+08:00) -- login refresh error -- reason:Error: No location header for redirect
Mon Aug 17 2020 21:08:00 GMT+0800 (GMT+08:00) -- login refresh error -- reason:Error: No location header for redirect
Mon Aug 17 2020 21:10:00 GMT+0800 (GMT+08:00) -- login refresh error -- reason:Error: No location header for redirect
Mon Aug 17 2020 21:12:00 GMT+0800 (GMT+08:00) -- login refresh error -- reason:Error: No location header for redirect
Mon Aug 17 2020 21:14:00 GMT+0800 (GMT+08:00) -- login refresh error -- reason:Error: No location header for redirect
Mon Aug 17 2020 21:16:00 GMT+0800 (GMT+08:00) -- login refresh error -- reason:Error: No location header for redirect
Mon Aug 17 2020 21:18:00 GMT+0800 (GMT+08:00) -- login refresh error -- reason:Error: No location header for redirect
Mon Aug 17 2020 21:20:00 GMT+0800 (GMT+08:00) -- login refresh error -- reason:Error: No location header for redirect
Mon Aug 17 2020 21:22:00 GMT+0800 (GMT+08:00) -- login refresh error -- reason:Error: No location header for redirect
Mon Aug 17 2020 21:24:00 GMT+0800 (GMT+08:00) -- login refresh error -- reason:Error: No location header for redirect
Mon Aug 17 2020 21:26:00 GMT+0800 (GMT+08:00) -- login refresh error -- reason:Error: No location header for redirect
Mon Aug 17 2020 21:28:00 GMT+0800 (GMT+08:00) -- login refresh error -- reason:Error: No location header for redirect
Mon Aug 17 2020 21:30:00 GMT+0800 (GMT+08:00) -- login refresh error -- reason:Error: No location header for redirect
Mon Aug 17 2020 21:32:00 GMT+0800 (GMT+08:00) -- login refresh error -- reason:Error: No location header for redirect
Mon Aug 17 2020 21:34:00 GMT+0800 (GMT+08:00) -- login refresh error -- reason:Error: No location header for redirect
Mon Aug 17 2020 21:36:00 GMT+0800 (GMT+08:00) -- login refresh error -- reason:Error: No location header for redirect
Mon Aug 17 2020 21:38:00 GMT+0800 (GMT+08:00) -- login refresh error -- reason:Error: No location header for redirect
Mon Aug 17 2020 21:40:00 GMT+0800 (GMT+08:00) -- login refresh error -- reason:Error: No location header for redirect
Mon Aug 17 2020 21:42:00 GMT+0800 (GMT+08:00) -- login refresh error -- reason:Error: No location header for redirect
Mon Aug 17 2020 21:44:00 GMT+0800 (GMT+08:00) -- login refresh error -- reason:Error: No location header for redirect
Mon Aug 17 2020 21:46:00 GMT+0800 (GMT+08:00) -- login refresh error -- reason:Error: No location header for redirect
Mon Aug 17 2020 21:48:00 GMT+0800 (GMT+08:00) -- login refresh error -- reason:Error: No location header for redirect
Mon Aug 17 2020 21:50:00 GMT+0800 (GMT+08:00) -- login refresh error -- reason:Error: No location header for redirect
Mon Aug 17 2020 21:52:00 GMT+0800 (GMT+08:00) -- login refresh error -- reason:Error: No location header for redirect
Mon Aug 17 2020 21:54:00 GMT+0800 (GMT+08:00) -- login refresh error -- reason:Error: No location header for redirect
Mon Aug 17 2020 21:56:00 GMT+0800 (GMT+08:00) -- login refresh error -- reason:Error: No location header for redirect
Mon Aug 17 2020 21:58:00 GMT+0800 (GMT+08:00) -- login refresh error -- reason:Error: No location header for redirect
Mon Aug 17 2020 22:00:00 GMT+0800 (GMT+08:00) -- login refresh error -- reason:Error: No location header for redirect
Mon Aug 17 2020 22:02:00 GMT+0800 (GMT+08:00) -- login refresh error -- reason:Error: No location header for redirect
Mon Aug 17 2020 22:04:00 GMT+0800 (GMT+08:00) -- login refresh error -- reason:Error: No location header for redirect
Mon Aug 17 2020 22:06:00 GMT+0800 (GMT+08:00) -- login refresh error -- reason:Error: No location header for redirect
Mon Aug 17 2020 22:08:00 GMT+0800 (GMT+08:00) -- login refresh error -- reason:Error: No location header for redirect
Mon Aug 17 2020 22:10:00 GMT+0800 (GMT+08:00) -- login refresh error -- reason:Error: No location header for redirect
Mon Aug 17 2020 22:12:00 GMT+0800 (GMT+08:00) -- login refresh error -- reason:Error: No location header for redirect
Mon Aug 17 2020 22:14:00 GMT+0800 (GMT+08:00) -- login refresh error -- reason:Error: No location header for redirect
Mon Aug 17 2020 22:16:00 GMT+0800 (GMT+08:00) -- login refresh error -- reason:Error: No location header for redirect
Mon Aug 17 2020 22:18:00 GMT+0800 (GMT+08:00) -- login refresh error -- reason:Error: No location header for redirect
Mon Aug 17 2020 22:20:00 GMT+0800 (GMT+08:00) -- login refresh error -- reason:Error: No location header for redirect
Mon Aug 17 2020 22:22:00 GMT+0800 (GMT+08:00) -- login refresh error -- reason:Error: No location header for redirect
Mon Aug 17 2020 22:24:00 GMT+0800 (GMT+08:00) -- login refresh error -- reason:Error: No location header for redirect
Mon Aug 17 2020 22:26:00 GMT+0800 (GMT+08:00) -- login refresh error -- reason:Error: No location header for redirect
Mon Aug 17 2020 22:28:00 GMT+0800 (GMT+08:00) -- login refresh error -- reason:Error: No location header for redirect
Mon Aug 17 2020 22:30:00 GMT+0800 (GMT+08:00) -- login refresh error -- reason:Error: No location header for redirect
Mon Aug 17 2020 22:32:00 GMT+0800 (GMT+08:00) -- login refresh error -- reason:Error: No location header for redirect
Mon Aug 17 2020 22:34:00 GMT+0800 (GMT+08:00) -- login refresh error -- reason:Error: No location header for redirect
Mon Aug 17 2020 22:36:00 GMT+0800 (GMT+08:00) -- login refresh error -- reason:Error: No location header for redirect
Mon Aug 17 2020 22:38:00 GMT+0800 (GMT+08:00) -- login refresh error -- reason:Error: No location header for redirect
Mon Aug 17 2020 22:40:00 GMT+0800 (GMT+08:00) -- login refresh error -- reason:Error: No location header for redirect
Mon Aug 17 2020 22:42:00 GMT+0800 (GMT+08:00) -- login refresh error -- reason:Error: No location header for redirect
Mon Aug 17 2020 22:44:00 GMT+0800 (GMT+08:00) -- login refresh error -- reason:Error: No location header for redirect
Mon Aug 17 2020 22:46:00 GMT+0800 (GMT+08:00) -- login refresh error -- reason:Error: No location header for redirect
Mon Aug 17 2020 22:48:00 GMT+0800 (GMT+08:00) -- login refresh error -- reason:Error: No location header for redirect
Mon Aug 17 2020 22:50:00 GMT+0800 (GMT+08:00) -- login refresh error -- reason:Error: No location header for redirect
Mon Aug 17 2020 22:52:00 GMT+0800 (GMT+08:00) -- login refresh error -- reason:Error: No location header for redirect
Mon Aug 17 2020 22:54:00 GMT+0800 (GMT+08:00) -- login refresh error -- reason:Error: No location header for redirect
Mon Aug 17 2020 22:56:00 GMT+0800 (GMT+08:00) -- login refresh error -- reason:Error: No location header for redirect
Mon Aug 17 2020 22:58:00 GMT+0800 (GMT+08:00) -- login refresh error -- reason:Error: No location header for redirect
Mon Aug 17 2020 23:00:00 GMT+0800 (GMT+08:00) -- login refresh error -- reason:Error: No location header for redirect
Mon Aug 17 2020 23:02:00 GMT+0800 (GMT+08:00) -- login refresh error -- reason:Error: No location header for redirect
Mon Aug 17 2020 23:04:00 GMT+0800 (GMT+08:00) -- login refresh error -- reason:Error: No location header for redirect
Mon Aug 17 2020 23:06:00 GMT+0800 (GMT+08:00) -- login refresh error -- reason:Error: No location header for redirect
Mon Aug 17 2020 23:08:00 GMT+0800 (GMT+08:00) -- login refresh error -- reason:Error: No location header for redirect
Mon Aug 17 2020 23:10:00 GMT+0800 (GMT+08:00) -- login refresh error -- reason:Error: No location header for redirect
Mon Aug 17 2020 23:12:00 GMT+0800 (GMT+08:00) -- login refresh error -- reason:Error: No location header for redirect
Mon Aug 17 2020 23:14:00 GMT+0800 (GMT+08:00) -- login refresh error -- reason:Error: No location header for redirect
Mon Aug 17 2020 23:16:00 GMT+0800 (GMT+08:00) -- login refresh error -- reason:Error: No location header for redirect
Mon Aug 17 2020 23:18:00 GMT+0800 (GMT+08:00) -- login refresh error -- reason:Error: No location header for redirect
Mon Aug 17 2020 23:20:00 GMT+0800 (GMT+08:00) -- login refresh error -- reason:Error: No location header for redirect
Mon Aug 17 2020 23:22:00 GMT+0800 (GMT+08:00) -- login refresh error -- reason:Error: No location header for redirect
Mon Aug 17 2020 23:24:00 GMT+0800 (GMT+08:00) -- login refresh error -- reason:Error: No location header for redirect
Mon Aug 17 2020 23:26:00 GMT+0800 (GMT+08:00) -- login refresh error -- reason:Error: No location header for redirect
Mon Aug 17 2020 23:28:00 GMT+0800 (GMT+08:00) -- login refresh error -- reason:Error: No location header for redirect
Mon Aug 17 2020 23:30:00 GMT+0800 (GMT+08:00) -- login refresh error -- reason:Error: No location header for redirect
Mon Aug 17 2020 23:32:00 GMT+0800 (GMT+08:00) -- login refresh error -- reason:Error: No location header for redirect
Mon Aug 17 2020 23:34:00 GMT+0800 (GMT+08:00) -- login refresh error -- reason:Error: No location header for redirect
Mon Aug 17 2020 23:36:00 GMT+0800 (GMT+08:00) -- login refresh error -- reason:Error: No location header for redirect
Mon Aug 17 2020 23:38:00 GMT+0800 (GMT+08:00) -- login refresh error -- reason:Error: No location header for redirect
Mon Aug 17 2020 23:40:00 GMT+0800 (GMT+08:00) -- login refresh error -- reason:Error: No location header for redirect
Mon Aug 17 2020 23:42:00 GMT+0800 (GMT+08:00) -- login refresh error -- reason:Error: No location header for redirect
Mon Aug 17 2020 23:44:00 GMT+0800 (GMT+08:00) -- login refresh error -- reason:Error: No location header for redirect
Mon Aug 17 2020 23:46:00 GMT+0800 (GMT+08:00) -- login refresh error -- reason:Error: No location header for redirect
Mon Aug 17 2020 23:48:00 GMT+0800 (GMT+08:00) -- login refresh error -- reason:Error: No location header for redirect
Mon Aug 17 2020 23:50:00 GMT+0800 (GMT+08:00) -- login refresh error -- reason:Error: No location header for redirect
Mon Aug 17 2020 23:52:00 GMT+0800 (GMT+08:00) -- login refresh error -- reason:Error: No location header for redirect
Mon Aug 17 2020 23:54:00 GMT+0800 (GMT+08:00) -- login refresh error -- reason:Error: No location header for redirect
Mon Aug 17 2020 23:56:00 GMT+0800 (GMT+08:00) -- login refresh error -- reason:Error: No location header for redirect
Mon Aug 17 2020 23:58:07 GMT+0800 (GMT+08:00) -- login refresh error -- reason:Error: No location header for redirect
Tue Aug 18 2020 00:00:00 GMT+0800 (GMT+08:00) -- login refresh error -- reason:Error: No location header for redirect
Tue Aug 18 2020 00:02:00 GMT+0800 (GMT+08:00) -- login refresh error -- reason:Error: No location header for redirect
Tue Aug 18 2020 00:04:00 GMT+0800 (GMT+08:00) -- login refresh error -- reason:Error: No location header for redirect
Tue Aug 18 2020 00:06:00 GMT+0800 (GMT+08:00) -- login refresh error -- reason:Error: No location header for redirect
Tue Aug 18 2020 00:08:00 GMT+0800 (GMT+08:00) -- login refresh error -- reason:Error: No location header for redirect
Tue Aug 18 2020 00:10:00 GMT+0800 (GMT+08:00) -- login refresh error -- reason:Error: No location header for redirect
Tue Aug 18 2020 00:12:00 GMT+0800 (GMT+08:00) -- login refresh error -- reason:Error: No location header for redirect
Tue Aug 18 2020 00:14:00 GMT+0800 (GMT+08:00) -- login refresh error -- reason:Error: No location header for redirect
Tue Aug 18 2020 00:16:00 GMT+0800 (GMT+08:00) -- login refresh error -- reason:Error: No location header for redirect
Tue Aug 18 2020 00:18:00 GMT+0800 (GMT+08:00) -- login refresh error -- reason:Error: No location header for redirect
Tue Aug 18 2020 00:20:00 GMT+0800 (GMT+08:00) -- login refresh error -- reason:Error: No location header for redirect
Tue Aug 18 2020 00:22:00 GMT+0800 (GMT+08:00) -- login refresh error -- reason:Error: No location header for redirect
Tue Aug 18 2020 00:24:00 GMT+0800 (GMT+08:00) -- login refresh error -- reason:Error: No location header for redirect
Tue Aug 18 2020 00:26:00 GMT+0800 (GMT+08:00) -- login refresh error -- reason:Error: No location header for redirect
Tue Aug 18 2020 00:28:00 GMT+0800 (GMT+08:00) -- login refresh error -- reason:Error: No location header for redirect
Tue Aug 18 2020 00:30:00 GMT+0800 (GMT+08:00) -- login refresh error -- reason:Error: No location header for redirect
Tue Aug 18 2020 00:32:00 GMT+0800 (GMT+08:00) -- login refresh error -- reason:Error: No location header for redirect
Tue Aug 18 2020 00:34:00 GMT+0800 (GMT+08:00) -- login refresh error -- reason:Error: No location header for redirect
Tue Aug 18 2020 00:36:00 GMT+0800 (GMT+08:00) -- login refresh error -- reason:Error: No location header for redirect
Tue Aug 18 2020 00:38:00 GMT+0800 (GMT+08:00) -- login refresh error -- reason:Error: No location header for redirect
Tue Aug 18 2020 00:40:00 GMT+0800 (GMT+08:00) -- login refresh error -- reason:Error: No location header for redirect
Tue Aug 18 2020 00:42:00 GMT+0800 (GMT+08:00) -- login refresh error -- reason:Error: No location header for redirect
Tue Aug 18 2020 00:44:00 GMT+0800 (GMT+08:00) -- login refresh error -- reason:Error: No location header for redirect
Tue Aug 18 2020 00:46:00 GMT+0800 (GMT+08:00) -- login refresh error -- reason:Error: No location header for redirect
Tue Aug 18 2020 00:48:00 GMT+0800 (GMT+08:00) -- login refresh error -- reason:Error: No location header for redirect
Tue Aug 18 2020 00:50:00 GMT+0800 (GMT+08:00) -- login refresh error -- reason:Error: No location header for redirect
Tue Aug 18 2020 00:52:00 GMT+0800 (GMT+08:00) -- login refresh error -- reason:Error: No location header for redirect
Tue Aug 18 2020 00:54:00 GMT+0800 (GMT+08:00) -- login refresh error -- reason:Error: No location header for redirect
Tue Aug 18 2020 00:56:00 GMT+0800 (GMT+08:00) -- login refresh error -- reason:Error: No location header for redirect
Tue Aug 18 2020 00:58:00 GMT+0800 (GMT+08:00) -- login refresh error -- reason:Error: No location header for redirect
Tue Aug 18 2020 01:00:00 GMT+0800 (GMT+08:00) -- login refresh error -- reason:Error: No location header for redirect
Tue Aug 18 2020 01:02:00 GMT+0800 (GMT+08:00) -- login refresh error -- reason:Error: No location header for redirect
Tue Aug 18 2020 01:04:00 GMT+0800 (GMT+08:00) -- login refresh error -- reason:Error: No location header for redirect
Tue Aug 18 2020 01:06:00 GMT+0800 (GMT+08:00) -- login refresh error -- reason:Error: No location header for redirect
Tue Aug 18 2020 01:08:00 GMT+0800 (GMT+08:00) -- login refresh error -- reason:Error: No location header for redirect
Tue Aug 18 2020 01:10:00 GMT+0800 (GMT+08:00) -- login refresh error -- reason:Error: No location header for redirect
Tue Aug 18 2020 01:12:00 GMT+0800 (GMT+08:00) -- login refresh error -- reason:Error: No location header for redirect
Tue Aug 18 2020 01:14:00 GMT+0800 (GMT+08:00) -- login refresh error -- reason:Error: No location header for redirect
Tue Aug 18 2020 01:16:00 GMT+0800 (GMT+08:00) -- login refresh error -- reason:Error: No location header for redirect
Tue Aug 18 2020 01:18:00 GMT+0800 (GMT+08:00) -- login refresh error -- reason:Error: No location header for redirect
Tue Aug 18 2020 01:20:00 GMT+0800 (GMT+08:00) -- login refresh error -- reason:Error: No location header for redirect
Tue Aug 18 2020 01:22:00 GMT+0800 (GMT+08:00) -- login refresh error -- reason:Error: No location header for redirect
Tue Aug 18 2020 01:24:00 GMT+0800 (GMT+08:00) -- login refresh error -- reason:Error: No location header for redirect
Tue Aug 18 2020 01:26:00 GMT+0800 (GMT+08:00) -- login refresh error -- reason:Error: No location header for redirect
Tue Aug 18 2020 01:28:00 GMT+0800 (GMT+08:00) -- login refresh error -- reason:Error: No location header for redirect
Tue Aug 18 2020 01:30:00 GMT+0800 (GMT+08:00) -- login refresh error -- reason:Error: No location header for redirect
Tue Aug 18 2020 01:32:00 GMT+0800 (GMT+08:00) -- login refresh error -- reason:Error: No location header for redirect
Tue Aug 18 2020 01:34:00 GMT+0800 (GMT+08:00) -- login refresh error -- reason:Error: No location header for redirect
Tue Aug 18 2020 01:36:00 GMT+0800 (GMT+08:00) -- login refresh error -- reason:Error: No location header for redirect
Tue Aug 18 2020 01:38:00 GMT+0800 (GMT+08:00) -- login refresh error -- reason:Error: No location header for redirect
Tue Aug 18 2020 01:40:00 GMT+0800 (GMT+08:00) -- login refresh error -- reason:Error: No location header for redirect
Tue Aug 18 2020 01:42:00 GMT+0800 (GMT+08:00) -- login refresh error -- reason:Error: No location header for redirect
Tue Aug 18 2020 01:44:00 GMT+0800 (GMT+08:00) -- login refresh error -- reason:Error: No location header for redirect
Tue Aug 18 2020 01:46:00 GMT+0800 (GMT+08:00) -- login refresh error -- reason:Error: No location header for redirect
Tue Aug 18 2020 01:48:00 GMT+0800 (GMT+08:00) -- login refresh error -- reason:Error: No location header for redirect
Tue Aug 18 2020 01:50:00 GMT+0800 (GMT+08:00) -- login refresh error -- reason:Error: No location header for redirect
Tue Aug 18 2020 01:52:00 GMT+0800 (GMT+08:00) -- login refresh error -- reason:Error: No location header for redirect
Tue Aug 18 2020 01:54:00 GMT+0800 (GMT+08:00) -- login refresh error -- reason:Error: No location header for redirect
Tue Aug 18 2020 01:56:00 GMT+0800 (GMT+08:00) -- login refresh error -- reason:Error: No location header for redirect
Tue Aug 18 2020 01:58:01 GMT+0800 (GMT+08:00) -- login refresh error -- reason:Error: No location header for redirect
Tue Aug 18 2020 02:00:00 GMT+0800 (GMT+08:00) -- login refresh error -- reason:Error: No location header for redirect
Tue Aug 18 2020 02:02:00 GMT+0800 (GMT+08:00) -- login refresh error -- reason:Error: No location header for redirect
Tue Aug 18 2020 02:04:00 GMT+0800 (GMT+08:00) -- login refresh error -- reason:Error: No location header for redirect
Tue Aug 18 2020 02:06:00 GMT+0800 (GMT+08:00) -- login refresh error -- reason:Error: No location header for redirect
Tue Aug 18 2020 02:08:00 GMT+0800 (GMT+08:00) -- login refresh error -- reason:Error: No location header for redirect
Tue Aug 18 2020 02:10:00 GMT+0800 (GMT+08:00) -- login refresh error -- reason:Error: No location header for redirect
Tue Aug 18 2020 02:12:00 GMT+0800 (GMT+08:00) -- login refresh error -- reason:Error: No location header for redirect
Tue Aug 18 2020 02:14:00 GMT+0800 (GMT+08:00) -- login refresh error -- reason:Error: No location header for redirect
Tue Aug 18 2020 02:16:00 GMT+0800 (GMT+08:00) -- login refresh error -- reason:Error: No location header for redirect
Tue Aug 18 2020 02:18:00 GMT+0800 (GMT+08:00) -- login refresh error -- reason:Error: No location header for redirect
Tue Aug 18 2020 02:20:00 GMT+0800 (GMT+08:00) -- login refresh error -- reason:Error: No location header for redirect
Tue Aug 18 2020 02:22:00 GMT+0800 (GMT+08:00) -- login refresh error -- reason:Error: No location header for redirect
Tue Aug 18 2020 02:24:00 GMT+0800 (GMT+08:00) -- login refresh error -- reason:Error: No location header for redirect
Tue Aug 18 2020 02:26:00 GMT+0800 (GMT+08:00) -- login refresh error -- reason:Error: No location header for redirect
Tue Aug 18 2020 02:28:00 GMT+0800 (GMT+08:00) -- login refresh error -- reason:Error: No location header for redirect
Tue Aug 18 2020 02:30:00 GMT+0800 (GMT+08:00) -- login refresh error -- reason:Error: No location header for redirect
Tue Aug 18 2020 02:32:00 GMT+0800 (GMT+08:00) -- login refresh error -- reason:Error: No location header for redirect
Tue Aug 18 2020 02:34:00 GMT+0800 (GMT+08:00) -- login refresh error -- reason:Error: No location header for redirect
Tue Aug 18 2020 02:36:00 GMT+0800 (GMT+08:00) -- login refresh error -- reason:Error: No location header for redirect
Tue Aug 18 2020 02:38:00 GMT+0800 (GMT+08:00) -- login refresh error -- reason:Error: No location header for redirect
Tue Aug 18 2020 02:40:00 GMT+0800 (GMT+08:00) -- login refresh error -- reason:Error: No location header for redirect
Tue Aug 18 2020 02:42:00 GMT+0800 (GMT+08:00) -- login refresh error -- reason:Error: No location header for redirect
Tue Aug 18 2020 02:44:00 GMT+0800 (GMT+08:00) -- login refresh error -- reason:Error: No location header for redirect
Tue Aug 18 2020 02:46:00 GMT+0800 (GMT+08:00) -- login refresh error -- reason:Error: No location header for redirect
Tue Aug 18 2020 02:48:00 GMT+0800 (GMT+08:00) -- login refresh error -- reason:Error: No location header for redirect
Tue Aug 18 2020 02:50:00 GMT+0800 (GMT+08:00) -- login refresh error -- reason:Error: No location header for redirect
Tue Aug 18 2020 02:52:00 GMT+0800 (GMT+08:00) -- login refresh error -- reason:Error: No location header for redirect
Tue Aug 18 2020 02:54:00 GMT+0800 (GMT+08:00) -- login refresh error -- reason:Error: No location header for redirect
Tue Aug 18 2020 02:56:00 GMT+0800 (GMT+08:00) -- login refresh error -- reason:Error: No location header for redirect
Tue Aug 18 2020 02:58:00 GMT+0800 (GMT+08:00) -- login refresh error -- reason:Error: No location header for redirect
Tue Aug 18 2020 03:00:00 GMT+0800 (GMT+08:00) -- login refresh error -- reason:Error: No location header for redirect
Tue Aug 18 2020 03:02:00 GMT+0800 (GMT+08:00) -- login refresh error -- reason:Error: No location header for redirect
Tue Aug 18 2020 03:04:00 GMT+0800 (GMT+08:00) -- login refresh error -- reason:Error: No location header for redirect
Tue Aug 18 2020 03:06:00 GMT+0800 (GMT+08:00) -- login refresh error -- reason:Error: No location header for redirect
Tue Aug 18 2020 03:08:00 GMT+0800 (GMT+08:00) -- login refresh error -- reason:Error: No location header for redirect
Tue Aug 18 2020 03:10:00 GMT+0800 (GMT+08:00) -- login refresh error -- reason:Error: No location header for redirect
Tue Aug 18 2020 03:12:00 GMT+0800 (GMT+08:00) -- login refresh error -- reason:Error: No location header for redirect
Tue Aug 18 2020 03:14:00 GMT+0800 (GMT+08:00) -- login refresh error -- reason:Error: No location header for redirect
Tue Aug 18 2020 03:16:00 GMT+0800 (GMT+08:00) -- login refresh error -- reason:Error: No location header for redirect
Tue Aug 18 2020 03:18:00 GMT+0800 (GMT+08:00) -- login refresh error -- reason:Error: No location header for redirect
Tue Aug 18 2020 03:20:01 GMT+0800 (GMT+08:00) -- login refresh error -- reason:Error: No location header for redirect
Tue Aug 18 2020 03:22:00 GMT+0800 (GMT+08:00) -- login refresh error -- reason:Error: No location header for redirect
Tue Aug 18 2020 03:24:00 GMT+0800 (GMT+08:00) -- login refresh error -- reason:Error: No location header for redirect
Tue Aug 18 2020 03:26:00 GMT+0800 (GMT+08:00) -- login refresh error -- reason:Error: No location header for redirect
Tue Aug 18 2020 03:28:00 GMT+0800 (GMT+08:00) -- login refresh error -- reason:Error: No location header for redirect
Tue Aug 18 2020 03:30:00 GMT+0800 (GMT+08:00) -- login refresh error -- reason:Error: No location header for redirect
Tue Aug 18 2020 03:32:00 GMT+0800 (GMT+08:00) -- login refresh error -- reason:Error: No location header for redirect
Tue Aug 18 2020 03:34:00 GMT+0800 (GMT+08:00) -- login refresh error -- reason:Error: No location header for redirect
Tue Aug 18 2020 03:36:00 GMT+0800 (GMT+08:00) -- login refresh error -- reason:Error: No location header for redirect
Tue Aug 18 2020 03:38:00 GMT+0800 (GMT+08:00) -- login refresh error -- reason:Error: No location header for redirect
Tue Aug 18 2020 03:40:00 GMT+0800 (GMT+08:00) -- login refresh error -- reason:Error: No location header for redirect
Tue Aug 18 2020 03:42:00 GMT+0800 (GMT+08:00) -- login refresh error -- reason:Error: No location header for redirect
Tue Aug 18 2020 03:44:00 GMT+0800 (GMT+08:00) -- login refresh error -- reason:Error: No location header for redirect
Tue Aug 18 2020 03:46:00 GMT+0800 (GMT+08:00) -- login refresh error -- reason:Error: No location header for redirect
Tue Aug 18 2020 03:48:00 GMT+0800 (GMT+08:00) -- login refresh error -- reason:Error: No location header for redirect
Tue Aug 18 2020 03:50:00 GMT+0800 (GMT+08:00) -- login refresh error -- reason:Error: No location header for redirect
Tue Aug 18 2020 03:52:00 GMT+0800 (GMT+08:00) -- login refresh error -- reason:Error: No location header for redirect
Tue Aug 18 2020 03:54:00 GMT+0800 (GMT+08:00) -- login refresh error -- reason:Error: No location header for redirect
Tue Aug 18 2020 03:56:00 GMT+0800 (GMT+08:00) -- login refresh error -- reason:Error: No location header for redirect
Tue Aug 18 2020 03:58:00 GMT+0800 (GMT+08:00) -- login refresh error -- reason:Error: No location header for redirect
Tue Aug 18 2020 04:00:00 GMT+0800 (GMT+08:00) -- login refresh error -- reason:Error: No location header for redirect
Tue Aug 18 2020 04:02:00 GMT+0800 (GMT+08:00) -- login refresh error -- reason:Error: No location header for redirect
Tue Aug 18 2020 04:04:00 GMT+0800 (GMT+08:00) -- login refresh error -- reason:Error: No location header for redirect
Tue Aug 18 2020 04:06:00 GMT+0800 (GMT+08:00) -- login refresh error -- reason:Error: No location header for redirect
Tue Aug 18 2020 04:08:00 GMT+0800 (GMT+08:00) -- login refresh error -- reason:Error: No location header for redirect
Tue Aug 18 2020 04:10:00 GMT+0800 (GMT+08:00) -- login refresh error -- reason:Error: No location header for redirect
Tue Aug 18 2020 04:12:00 GMT+0800 (GMT+08:00) -- login refresh error -- reason:Error: No location header for redirect
Tue Aug 18 2020 04:14:00 GMT+0800 (GMT+08:00) -- login refresh error -- reason:Error: No location header for redirect
Tue Aug 18 2020 04:16:00 GMT+0800 (GMT+08:00) -- login refresh error -- reason:Error: No location header for redirect
Tue Aug 18 2020 04:18:00 GMT+0800 (GMT+08:00) -- login refresh error -- reason:Error: No location header for redirect
Tue Aug 18 2020 04:20:00 GMT+0800 (GMT+08:00) -- login refresh error -- reason:Error: No location header for redirect
Tue Aug 18 2020 04:22:00 GMT+0800 (GMT+08:00) -- login refresh error -- reason:Error: No location header for redirect
Tue Aug 18 2020 04:24:00 GMT+0800 (GMT+08:00) -- login refresh error -- reason:Error: No location header for redirect
Tue Aug 18 2020 04:26:00 GMT+0800 (GMT+08:00) -- login refresh error -- reason:Error: No location header for redirect
Tue Aug 18 2020 04:28:00 GMT+0800 (GMT+08:00) -- login refresh error -- reason:Error: No location header for redirect
Tue Aug 18 2020 04:30:00 GMT+0800 (GMT+08:00) -- login refresh error -- reason:Error: No location header for redirect
Tue Aug 18 2020 04:32:00 GMT+0800 (GMT+08:00) -- login refresh error -- reason:Error: No location header for redirect
Tue Aug 18 2020 04:34:00 GMT+0800 (GMT+08:00) -- login refresh error -- reason:Error: No location header for redirect
Tue Aug 18 2020 04:36:00 GMT+0800 (GMT+08:00) -- login refresh error -- reason:Error: No location header for redirect
Tue Aug 18 2020 04:38:00 GMT+0800 (GMT+08:00) -- login refresh error -- reason:Error: No location header for redirect
Tue Aug 18 2020 04:40:00 GMT+0800 (GMT+08:00) -- login refresh error -- reason:Error: No location header for redirect
Tue Aug 18 2020 04:42:00 GMT+0800 (GMT+08:00) -- login refresh error -- reason:Error: No location header for redirect
Tue Aug 18 2020 04:44:00 GMT+0800 (GMT+08:00) -- login refresh error -- reason:Error: No location header for redirect
Tue Aug 18 2020 04:44:01 GMT+0800 (GMT+08:00) -- login refresh error -- reason:Error: No location header for redirect
Tue Aug 18 2020 04:46:00 GMT+0800 (GMT+08:00) -- login refresh error -- reason:Error: No location header for redirect
Tue Aug 18 2020 04:48:00 GMT+0800 (GMT+08:00) -- login refresh error -- reason:Error: No location header for redirect
Tue Aug 18 2020 04:50:00 GMT+0800 (GMT+08:00) -- login refresh error -- reason:Error: No location header for redirect
Tue Aug 18 2020 04:52:00 GMT+0800 (GMT+08:00) -- login refresh error -- reason:Error: No location header for redirect
Tue Aug 18 2020 04:54:00 GMT+0800 (GMT+08:00) -- login refresh error -- reason:Error: No location header for redirect
Tue Aug 18 2020 04:56:00 GMT+0800 (GMT+08:00) -- login refresh error -- reason:Error: No location header for redirect
Tue Aug 18 2020 04:58:00 GMT+0800 (GMT+08:00) -- login refresh error -- reason:Error: No location header for redirect
Tue Aug 18 2020 05:00:00 GMT+0800 (GMT+08:00) -- login refresh error -- reason:Error: No location header for redirect
Tue Aug 18 2020 05:02:00 GMT+0800 (GMT+08:00) -- login refresh error -- reason:Error: No location header for redirect
Tue Aug 18 2020 05:04:00 GMT+0800 (GMT+08:00) -- login refresh error -- reason:Error: No location header for redirect
Tue Aug 18 2020 05:06:00 GMT+0800 (GMT+08:00) -- login refresh error -- reason:Error: No location header for redirect
Tue Aug 18 2020 05:08:00 GMT+0800 (GMT+08:00) -- login refresh error -- reason:Error: No location header for redirect
Tue Aug 18 2020 05:10:00 GMT+0800 (GMT+08:00) -- login refresh error -- reason:Error: No location header for redirect
Tue Aug 18 2020 05:12:00 GMT+0800 (GMT+08:00) -- login refresh error -- reason:Error: No location header for redirect
Tue Aug 18 2020 05:14:00 GMT+0800 (GMT+08:00) -- login refresh error -- reason:Error: No location header for redirect
Tue Aug 18 2020 05:16:00 GMT+0800 (GMT+08:00) -- login refresh error -- reason:Error: No location header for redirect
Tue Aug 18 2020 05:18:00 GMT+0800 (GMT+08:00) -- login refresh error -- reason:Error: No location header for redirect
Tue Aug 18 2020 05:20:00 GMT+0800 (GMT+08:00) -- login refresh error -- reason:Error: No location header for redirect
Tue Aug 18 2020 05:22:00 GMT+0800 (GMT+08:00) -- login refresh error -- reason:Error: No location header for redirect
Tue Aug 18 2020 05:24:00 GMT+0800 (GMT+08:00) -- login refresh error -- reason:Error: No location header for redirect
Tue Aug 18 2020 05:26:00 GMT+0800 (GMT+08:00) -- login refresh error -- reason:Error: No location header for redirect
Tue Aug 18 2020 05:28:00 GMT+0800 (GMT+08:00) -- login refresh error -- reason:Error: No location header for redirect
Tue Aug 18 2020 05:30:00 GMT+0800 (GMT+08:00) -- login refresh error -- reason:Error: No location header for redirect
Tue Aug 18 2020 05:32:00 GMT+0800 (GMT+08:00) -- login refresh error -- reason:Error: No location header for redirect
Tue Aug 18 2020 05:34:00 GMT+0800 (GMT+08:00) -- login refresh error -- reason:Error: No location header for redirect
Tue Aug 18 2020 05:36:00 GMT+0800 (GMT+08:00) -- login refresh error -- reason:Error: No location header for redirect
Tue Aug 18 2020 05:38:00 GMT+0800 (GMT+08:00) -- login refresh error -- reason:Error: No location header for redirect
Tue Aug 18 2020 05:40:00 GMT+0800 (GMT+08:00) -- login refresh error -- reason:Error: No location header for redirect
Tue Aug 18 2020 05:42:00 GMT+0800 (GMT+08:00) -- login refresh error -- reason:Error: No location header for redirect
Tue Aug 18 2020 05:44:00 GMT+0800 (GMT+08:00) -- login refresh error -- reason:Error: No location header for redirect
Tue Aug 18 2020 05:46:00 GMT+0800 (GMT+08:00) -- login refresh error -- reason:Error: No location header for redirect
Tue Aug 18 2020 05:48:00 GMT+0800 (GMT+08:00) -- login refresh error -- reason:Error: No location header for redirect
Tue Aug 18 2020 05:50:00 GMT+0800 (GMT+08:00) -- login refresh error -- reason:Error: No location header for redirect
Tue Aug 18 2020 05:52:00 GMT+0800 (GMT+08:00) -- login refresh error -- reason:Error: No location header for redirect
Tue Aug 18 2020 05:54:00 GMT+0800 (GMT+08:00) -- login refresh error -- reason:Error: No location header for redirect
Tue Aug 18 2020 05:56:00 GMT+0800 (GMT+08:00) -- login refresh error -- reason:Error: No location header for redirect
Tue Aug 18 2020 05:58:00 GMT+0800 (GMT+08:00) -- login refresh error -- reason:Error: No location header for redirect
Tue Aug 18 2020 06:00:00 GMT+0800 (GMT+08:00) -- login refresh error -- reason:Error: No location header for redirect
Tue Aug 18 2020 06:02:00 GMT+0800 (GMT+08:00) -- login refresh error -- reason:Error: No location header for redirect
Tue Aug 18 2020 06:04:00 GMT+0800 (GMT+08:00) -- login refresh error -- reason:Error: No location header for redirect
Tue Aug 18 2020 06:06:00 GMT+0800 (GMT+08:00) -- login refresh error -- reason:Error: No location header for redirect
Tue Aug 18 2020 06:08:00 GMT+0800 (GMT+08:00) -- login refresh error -- reason:Error: No location header for redirect
Tue Aug 18 2020 06:10:00 GMT+0800 (GMT+08:00) -- login refresh error -- reason:Error: No location header for redirect
Tue Aug 18 2020 06:12:00 GMT+0800 (GMT+08:00) -- login refresh error -- reason:Error: No location header for redirect
Tue Aug 18 2020 06:14:00 GMT+0800 (GMT+08:00) -- login refresh error -- reason:Error: No location header for redirect
Tue Aug 18 2020 06:16:00 GMT+0800 (GMT+08:00) -- login refresh error -- reason:Error: No location header for redirect
Tue Aug 18 2020 06:18:00 GMT+0800 (GMT+08:00) -- login refresh error -- reason:Error: No location header for redirect
Tue Aug 18 2020 06:20:00 GMT+0800 (GMT+08:00) -- login refresh error -- reason:Error: No location header for redirect
Tue Aug 18 2020 06:22:00 GMT+0800 (GMT+08:00) -- login refresh error -- reason:Error: No location header for redirect
Tue Aug 18 2020 06:24:00 GMT+0800 (GMT+08:00) -- login refresh error -- reason:Error: No location header for redirect
Tue Aug 18 2020 06:26:00 GMT+0800 (GMT+08:00) -- login refresh error -- reason:Error: No location header for redirect
Tue Aug 18 2020 06:28:00 GMT+0800 (GMT+08:00) -- login refresh error -- reason:Error: No location header for redirect
Tue Aug 18 2020 06:30:00 GMT+0800 (GMT+08:00) -- login refresh error -- reason:Error: No location header for redirect
Tue Aug 18 2020 06:32:00 GMT+0800 (GMT+08:00) -- login refresh error -- reason:Error: No location header for redirect
Tue Aug 18 2020 06:34:00 GMT+0800 (GMT+08:00) -- login refresh error -- reason:Error: No location header for redirect
Tue Aug 18 2020 06:36:00 GMT+0800 (GMT+08:00) -- login refresh error -- reason:Error: No location header for redirect
Tue Aug 18 2020 06:38:00 GMT+0800 (GMT+08:00) -- login refresh error -- reason:Error: No location header for redirect
Tue Aug 18 2020 06:40:00 GMT+0800 (GMT+08:00) -- login refresh error -- reason:Error: No location header for redirect
Tue Aug 18 2020 06:42:00 GMT+0800 (GMT+08:00) -- login refresh error -- reason:Error: No location header for redirect
Tue Aug 18 2020 06:44:00 GMT+0800 (GMT+08:00) -- login refresh error -- reason:Error: No location header for redirect
Tue Aug 18 2020 06:46:00 GMT+0800 (GMT+08:00) -- login refresh error -- reason:Error: No location header for redirect
Tue Aug 18 2020 06:48:00 GMT+0800 (GMT+08:00) -- login refresh error -- reason:Error: No location header for redirect
Tue Aug 18 2020 06:50:00 GMT+0800 (GMT+08:00) -- login refresh error -- reason:Error: No location header for redirect
Tue Aug 18 2020 06:52:00 GMT+0800 (GMT+08:00) -- login refresh error -- reason:Error: No location header for redirect
Tue Aug 18 2020 06:54:00 GMT+0800 (GMT+08:00) -- login refresh error -- reason:Error: No location header for redirect
Tue Aug 18 2020 06:56:00 GMT+0800 (GMT+08:00) -- login refresh error -- reason:Error: No location header for redirect
Tue Aug 18 2020 06:58:00 GMT+0800 (GMT+08:00) -- login refresh error -- reason:Error: No location header for redirect
Tue Aug 18 2020 07:00:00 GMT+0800 (GMT+08:00) -- login refresh error -- reason:Error: No location header for redirect
Tue Aug 18 2020 07:02:00 GMT+0800 (GMT+08:00) -- login refresh error -- reason:Error: No location header for redirect
Tue Aug 18 2020 07:04:00 GMT+0800 (GMT+08:00) -- login refresh error -- reason:Error: No location header for redirect
Tue Aug 18 2020 07:06:00 GMT+0800 (GMT+08:00) -- login refresh error -- reason:Error: No location header for redirect
Tue Aug 18 2020 07:08:00 GMT+0800 (GMT+08:00) -- login refresh error -- reason:Error: No location header for redirect
Tue Aug 18 2020 07:10:00 GMT+0800 (GMT+08:00) -- login refresh error -- reason:Error: No location header for redirect
Tue Aug 18 2020 07:12:00 GMT+0800 (GMT+08:00) -- login refresh error -- reason:Error: No location header for redirect
Tue Aug 18 2020 07:14:00 GMT+0800 (GMT+08:00) -- login refresh error -- reason:Error: No location header for redirect
Tue Aug 18 2020 07:16:00 GMT+0800 (GMT+08:00) -- login refresh error -- reason:Error: No location header for redirect
Tue Aug 18 2020 07:18:00 GMT+0800 (GMT+08:00) -- login refresh error -- reason:Error: No location header for redirect
Tue Aug 18 2020 07:20:00 GMT+0800 (GMT+08:00) -- login refresh error -- reason:Error: No location header for redirect
Tue Aug 18 2020 07:22:00 GMT+0800 (GMT+08:00) -- login refresh error -- reason:Error: No location header for redirect
Tue Aug 18 2020 07:24:00 GMT+0800 (GMT+08:00) -- login refresh error -- reason:Error: No location header for redirect
Tue Aug 18 2020 07:26:00 GMT+0800 (GMT+08:00) -- login refresh error -- reason:Error: No location header for redirect
Tue Aug 18 2020 07:28:00 GMT+0800 (GMT+08:00) -- login refresh error -- reason:Error: No location header for redirect
Tue Aug 18 2020 07:30:00 GMT+0800 (GMT+08:00) -- login refresh error -- reason:Error: No location header for redirect
Tue Aug 18 2020 07:32:00 GMT+0800 (GMT+08:00) -- login refresh error -- reason:Error: No location header for redirect
Tue Aug 18 2020 07:34:00 GMT+0800 (GMT+08:00) -- login refresh error -- reason:Error: No location header for redirect
Tue Aug 18 2020 07:36:00 GMT+0800 (GMT+08:00) -- login refresh error -- reason:Error: No location header for redirect
Tue Aug 18 2020 07:38:00 GMT+0800 (GMT+08:00) -- login refresh error -- reason:Error: No location header for redirect
Tue Aug 18 2020 07:40:00 GMT+0800 (GMT+08:00) -- login refresh error -- reason:Error: No location header for redirect
Tue Aug 18 2020 07:42:00 GMT+0800 (GMT+08:00) -- login refresh error -- reason:Error: No location header for redirect
Tue Aug 18 2020 07:44:00 GMT+0800 (GMT+08:00) -- login refresh error -- reason:Error: No location header for redirect
Tue Aug 18 2020 07:46:00 GMT+0800 (GMT+08:00) -- login refresh error -- reason:Error: No location header for redirect
Tue Aug 18 2020 07:48:00 GMT+0800 (GMT+08:00) -- login refresh error -- reason:Error: No location header for redirect
Tue Aug 18 2020 07:50:00 GMT+0800 (GMT+08:00) -- login refresh error -- reason:Error: No location header for redirect
Tue Aug 18 2020 07:52:00 GMT+0800 (GMT+08:00) -- login refresh error -- reason:Error: No location header for redirect
Tue Aug 18 2020 07:54:00 GMT+0800 (GMT+08:00) -- login refresh error -- reason:Error: No location header for redirect
Tue Aug 18 2020 07:56:00 GMT+0800 (GMT+08:00) -- login refresh error -- reason:Error: No location header for redirect
Tue Aug 18 2020 07:58:00 GMT+0800 (GMT+08:00) -- login refresh error -- reason:Error: No location header for redirect
Tue Aug 18 2020 08:00:00 GMT+0800 (GMT+08:00) -- login refresh error -- reason:Error: No location header for redirect
Tue Aug 18 2020 08:02:00 GMT+0800 (GMT+08:00) -- login refresh error -- reason:Error: No location header for redirect
Tue Aug 18 2020 08:04:00 GMT+0800 (GMT+08:00) -- login refresh error -- reason:Error: No location header for redirect
Tue Aug 18 2020 08:06:00 GMT+0800 (GMT+08:00) -- login refresh error -- reason:Error: No location header for redirect
Tue Aug 18 2020 08:08:00 GMT+0800 (GMT+08:00) -- login refresh error -- reason:Error: No location header for redirect
Tue Aug 18 2020 08:10:00 GMT+0800 (GMT+08:00) -- login refresh error -- reason:Error: No location header for redirect
Tue Aug 18 2020 08:12:00 GMT+0800 (GMT+08:00) -- login refresh error -- reason:Error: No location header for redirect
Tue Aug 18 2020 08:14:00 GMT+0800 (GMT+08:00) -- login refresh error -- reason:Error: No location header for redirect
Tue Aug 18 2020 08:16:00 GMT+0800 (GMT+08:00) -- login refresh error -- reason:Error: No location header for redirect
Tue Aug 18 2020 08:18:00 GMT+0800 (GMT+08:00) -- login refresh error -- reason:Error: No location header for redirect
Tue Aug 18 2020 08:20:00 GMT+0800 (GMT+08:00) -- login refresh error -- reason:Error: No location header for redirect
Tue Aug 18 2020 08:22:00 GMT+0800 (GMT+08:00) -- login refresh error -- reason:Error: No location header for redirect
Tue Aug 18 2020 08:24:00 GMT+0800 (GMT+08:00) -- login refresh error -- reason:Error: No location header for redirect
Tue Aug 18 2020 08:26:00 GMT+0800 (GMT+08:00) -- login refresh error -- reason:Error: No location header for redirect
Tue Aug 18 2020 08:28:00 GMT+0800 (GMT+08:00) -- login refresh error -- reason:Error: No location header for redirect
Tue Aug 18 2020 08:30:00 GMT+0800 (GMT+08:00) -- login refresh error -- reason:Error: No location header for redirect
Tue Aug 18 2020 08:32:00 GMT+0800 (GMT+08:00) -- login refresh error -- reason:Error: No location header for redirect
Tue Aug 18 2020 08:34:00 GMT+0800 (GMT+08:00) -- login refresh error -- reason:Error: No location header for redirect
Tue Aug 18 2020 08:36:00 GMT+0800 (GMT+08:00) -- login refresh error -- reason:Error: No location header for redirect
Tue Aug 18 2020 08:38:00 GMT+0800 (GMT+08:00) -- login refresh error -- reason:Error: No location header for redirect
Tue Aug 18 2020 08:40:00 GMT+0800 (GMT+08:00) -- login refresh error -- reason:Error: No location header for redirect
Tue Aug 18 2020 08:42:00 GMT+0800 (GMT+08:00) -- login refresh error -- reason:Error: No location header for redirect
Tue Aug 18 2020 08:44:00 GMT+0800 (GMT+08:00) -- login refresh error -- reason:Error: No location header for redirect
Tue Aug 18 2020 08:46:00 GMT+0800 (GMT+08:00) -- login refresh error -- reason:Error: No location header for redirect
Tue Aug 18 2020 08:48:00 GMT+0800 (GMT+08:00) -- login refresh error -- reason:Error: No location header for redirect
Tue Aug 18 2020 08:50:00 GMT+0800 (GMT+08:00) -- login refresh error -- reason:Error: No location header for redirect
Tue Aug 18 2020 08:52:00 GMT+0800 (GMT+08:00) -- login refresh error -- reason:Error: No location header for redirect
Tue Aug 18 2020 08:54:00 GMT+0800 (GMT+08:00) -- login refresh error -- reason:Error: No location header for redirect
Tue Aug 18 2020 08:56:00 GMT+0800 (GMT+08:00) -- login refresh error -- reason:Error: No location header for redirect
Tue Aug 18 2020 08:58:00 GMT+0800 (GMT+08:00) -- login refresh error -- reason:Error: No location header for redirect
Tue Aug 18 2020 09:00:00 GMT+0800 (GMT+08:00) -- login refresh error -- reason:Error: No location header for redirect
Tue Aug 18 2020 09:02:00 GMT+0800 (GMT+08:00) -- login refresh error -- reason:Error: No location header for redirect
Tue Aug 18 2020 09:04:00 GMT+0800 (GMT+08:00) -- login refresh error -- reason:Error: No location header for redirect
Tue Aug 18 2020 09:06:00 GMT+0800 (GMT+08:00) -- login refresh error -- reason:Error: No location header for redirect
Tue Aug 18 2020 09:08:00 GMT+0800 (GMT+08:00) -- login refresh error -- reason:Error: No location header for redirect
Tue Aug 18 2020 09:10:00 GMT+0800 (GMT+08:00) -- login refresh error -- reason:Error: No location header for redirect
Tue Aug 18 2020 09:12:00 GMT+0800 (GMT+08:00) -- login refresh error -- reason:Error: No location header for redirect
Tue Aug 18 2020 09:14:00 GMT+0800 (GMT+08:00) -- login refresh error -- reason:Error: No location header for redirect
Tue Aug 18 2020 09:16:00 GMT+0800 (GMT+08:00) -- login refresh error -- reason:Error: No location header for redirect
Tue Aug 18 2020 09:18:00 GMT+0800 (GMT+08:00) -- login refresh error -- reason:Error: No location header for redirect
Tue Aug 18 2020 09:20:00 GMT+0800 (GMT+08:00) -- login refresh error -- reason:Error: No location header for redirect
Tue Aug 18 2020 09:22:00 GMT+0800 (GMT+08:00) -- login refresh error -- reason:Error: No location header for redirect
Tue Aug 18 2020 09:24:00 GMT+0800 (GMT+08:00) -- login refresh error -- reason:Error: No location header for redirect
Tue Aug 18 2020 09:26:00 GMT+0800 (GMT+08:00) -- login refresh error -- reason:Error: No location header for redirect
Tue Aug 18 2020 09:28:00 GMT+0800 (GMT+08:00) -- login refresh error -- reason:Error: No location header for redirect
Tue Aug 18 2020 09:30:00 GMT+0800 (GMT+08:00) -- login refresh error -- reason:Error: No location header for redirect
Tue Aug 18 2020 09:32:00 GMT+0800 (GMT+08:00) -- login refresh error -- reason:Error: No location header for redirect
Tue Aug 18 2020 09:34:00 GMT+0800 (GMT+08:00) -- login refresh error -- reason:Error: No location header for redirect
Tue Aug 18 2020 09:36:00 GMT+0800 (GMT+08:00) -- login refresh error -- reason:Error: No location header for redirect
Tue Aug 18 2020 09:38:00 GMT+0800 (GMT+08:00) -- login refresh error -- reason:Error: No location header for redirect
Tue Aug 18 2020 09:40:00 GMT+0800 (GMT+08:00) -- login refresh error -- reason:Error: No location header for redirect
Tue Aug 18 2020 09:42:00 GMT+0800 (GMT+08:00) -- login refresh error -- reason:Error: No location header for redirect
Tue Aug 18 2020 09:44:00 GMT+0800 (GMT+08:00) -- login refresh error -- reason:Error: No location header for redirect
Tue Aug 18 2020 09:46:00 GMT+0800 (GMT+08:00) -- login refresh error -- reason:Error: No location header for redirect
Tue Aug 18 2020 09:48:00 GMT+0800 (GMT+08:00) -- login refresh error -- reason:Error: No location header for redirect
Tue Aug 18 2020 09:50:00 GMT+0800 (GMT+08:00) -- login refresh error -- reason:Error: No location header for redirect
Tue Aug 18 2020 09:52:00 GMT+0800 (GMT+08:00) -- login refresh error -- reason:Error: No location header for redirect
Tue Aug 18 2020 09:54:00 GMT+0800 (GMT+08:00) -- login refresh error -- reason:Error: No location header for redirect
Tue Aug 18 2020 09:56:00 GMT+0800 (GMT+08:00) -- login refresh error -- reason:Error: No location header for redirect
Tue Aug 18 2020 09:58:00 GMT+0800 (GMT+08:00) -- login refresh error -- reason:Error: No location header for redirect
Tue Aug 18 2020 10:00:00 GMT+0800 (GMT+08:00) -- login refresh error -- reason:Error: No location header for redirect
Tue Aug 18 2020 10:02:00 GMT+0800 (GMT+08:00) -- login refresh error -- reason:Error: No location header for redirect
Tue Aug 18 2020 10:04:00 GMT+0800 (GMT+08:00) -- login refresh error -- reason:Error: No location header for redirect
Tue Aug 18 2020 10:06:00 GMT+0800 (GMT+08:00) -- login refresh error -- reason:Error: No location header for redirect
Tue Aug 18 2020 10:08:00 GMT+0800 (GMT+08:00) -- login refresh error -- reason:Error: No location header for redirect
Tue Aug 18 2020 10:12:00 GMT+0800 (GMT+08:00) -- login refresh error -- reason:Error: socket hang up
Tue Aug 18 2020 10:12:00 GMT+0800 (GMT+08:00) -- login refresh error -- reason:Error: No location header for redirect
Tue Aug 18 2020 10:14:00 GMT+0800 (GMT+08:00) -- login refresh error -- reason:Error: No location header for redirect
Tue Aug 18 2020 10:16:00 GMT+0800 (GMT+08:00) -- login refresh error -- reason:Error: No location header for redirect
Tue Aug 18 2020 10:18:00 GMT+0800 (GMT+08:00) -- login refresh error -- reason:Error: No location header for redirect
Tue Aug 18 2020 10:20:00 GMT+0800 (GMT+08:00) -- login refresh error -- reason:Error: No location header for redirect
Tue Aug 18 2020 10:22:00 GMT+0800 (GMT+08:00) -- login refresh error -- reason:Error: No location header for redirect
Tue Aug 18 2020 10:24:00 GMT+0800 (GMT+08:00) -- login refresh error -- reason:Error: No location header for redirect
Tue Aug 18 2020 10:26:00 GMT+0800 (GMT+08:00) -- login refresh error -- reason:Error: No location header for redirect
Tue Aug 18 2020 10:28:00 GMT+0800 (GMT+08:00) -- login refresh error -- reason:Error: No location header for redirect
Tue Aug 18 2020 10:30:00 GMT+0800 (GMT+08:00) -- login refresh error -- reason:Error: No location header for redirect
Tue Aug 18 2020 10:32:00 GMT+0800 (GMT+08:00) -- login refresh error -- reason:Error: No location header for redirect
Tue Aug 18 2020 10:34:00 GMT+0800 (GMT+08:00) -- login refresh error -- reason:Error: No location header for redirect
Tue Aug 18 2020 10:36:00 GMT+0800 (GMT+08:00) -- login refresh error -- reason:Error: No location header for redirect
Tue Aug 18 2020 10:38:00 GMT+0800 (GMT+08:00) -- login refresh error -- reason:Error: No location header for redirect
Tue Aug 18 2020 10:40:00 GMT+0800 (GMT+08:00) -- login refresh error -- reason:Error: No location header for redirect
Tue Aug 18 2020 10:42:00 GMT+0800 (GMT+08:00) -- login refresh error -- reason:Error: No location header for redirect
Tue Aug 18 2020 10:44:00 GMT+0800 (GMT+08:00) -- login refresh error -- reason:Error: No location header for redirect
Tue Aug 18 2020 10:46:00 GMT+0800 (GMT+08:00) -- login refresh error -- reason:Error: No location header for redirect
Tue Aug 18 2020 10:48:00 GMT+0800 (GMT+08:00) -- login refresh error -- reason:Error: No location header for redirect
Tue Aug 18 2020 10:50:00 GMT+0800 (GMT+08:00) -- login refresh error -- reason:Error: No location header for redirect
Tue Aug 18 2020 10:52:00 GMT+0800 (GMT+08:00) -- login refresh error -- reason:Error: No location header for redirect
Tue Aug 18 2020 10:54:00 GMT+0800 (GMT+08:00) -- login refresh error -- reason:Error: No location header for redirect
Tue Aug 18 2020 10:56:00 GMT+0800 (GMT+08:00) -- login refresh error -- reason:Error: No location header for redirect
Tue Aug 18 2020 10:58:00 GMT+0800 (GMT+08:00) -- login refresh error -- reason:Error: No location header for redirect
Tue Aug 18 2020 11:00:00 GMT+0800 (GMT+08:00) -- login refresh error -- reason:Error: No location header for redirect
Tue Aug 18 2020 11:02:00 GMT+0800 (GMT+08:00) -- login refresh error -- reason:Error: No location header for redirect
Tue Aug 18 2020 11:04:00 GMT+0800 (GMT+08:00) -- login refresh error -- reason:Error: No location header for redirect
Tue Aug 18 2020 11:06:00 GMT+0800 (GMT+08:00) -- login refresh error -- reason:Error: No location header for redirect
Tue Aug 18 2020 11:08:00 GMT+0800 (GMT+08:00) -- login refresh error -- reason:Error: No location header for redirect
Tue Aug 18 2020 11:10:00 GMT+0800 (GMT+08:00) -- login refresh error -- reason:Error: No location header for redirect
Tue Aug 18 2020 11:12:00 GMT+0800 (GMT+08:00) -- login refresh error -- reason:Error: No location header for redirect
Tue Aug 18 2020 11:14:00 GMT+0800 (GMT+08:00) -- login refresh error -- reason:Error: No location header for redirect
Tue Aug 18 2020 11:16:00 GMT+0800 (GMT+08:00) -- login refresh error -- reason:Error: No location header for redirect
Tue Aug 18 2020 11:18:00 GMT+0800 (GMT+08:00) -- login refresh error -- reason:Error: No location header for redirect
Tue Aug 18 2020 11:20:00 GMT+0800 (GMT+08:00) -- login refresh error -- reason:Error: No location header for redirect
Tue Aug 18 2020 11:22:00 GMT+0800 (GMT+08:00) -- login refresh error -- reason:Error: No location header for redirect
Tue Aug 18 2020 11:24:00 GMT+0800 (GMT+08:00) -- login refresh error -- reason:Error: No location header for redirect
Tue Aug 18 2020 11:26:00 GMT+0800 (GMT+08:00) -- login refresh error -- reason:Error: No location header for redirect
Tue Aug 18 2020 11:28:00 GMT+0800 (GMT+08:00) -- login refresh error -- reason:Error: No location header for redirect
Tue Aug 18 2020 11:30:00 GMT+0800 (GMT+08:00) -- login refresh error -- reason:Error: No location header for redirect
Tue Aug 18 2020 11:32:00 GMT+0800 (GMT+08:00) -- login refresh error -- reason:Error: No location header for redirect
Tue Aug 18 2020 11:34:00 GMT+0800 (GMT+08:00) -- login refresh error -- reason:Error: No location header for redirect
Tue Aug 18 2020 11:36:01 GMT+0800 (GMT+08:00) -- login refresh error -- reason:Error: No location header for redirect
Tue Aug 18 2020 11:38:00 GMT+0800 (GMT+08:00) -- login refresh error -- reason:Error: No location header for redirect
Tue Aug 18 2020 11:40:00 GMT+0800 (GMT+08:00) -- login refresh error -- reason:Error: No location header for redirect
Tue Aug 18 2020 11:42:00 GMT+0800 (GMT+08:00) -- login refresh error -- reason:Error: No location header for redirect
Tue Aug 18 2020 11:44:00 GMT+0800 (GMT+08:00) -- login refresh error -- reason:Error: No location header for redirect
Tue Aug 18 2020 11:46:00 GMT+0800 (GMT+08:00) -- login refresh error -- reason:Error: No location header for redirect
Tue Aug 18 2020 11:48:01 GMT+0800 (GMT+08:00) -- login refresh error -- reason:Error: No location header for redirect
Tue Aug 18 2020 11:50:00 GMT+0800 (GMT+08:00) -- login refresh error -- reason:Error: No location header for redirect
Tue Aug 18 2020 11:52:00 GMT+0800 (GMT+08:00) -- login refresh error -- reason:Error: No location header for redirect
Tue Aug 18 2020 11:54:00 GMT+0800 (GMT+08:00) -- login refresh error -- reason:Error: No location header for redirect
Tue Aug 18 2020 11:56:00 GMT+0800 (GMT+08:00) -- login refresh error -- reason:Error: No location header for redirect
Tue Aug 18 2020 11:58:00 GMT+0800 (GMT+08:00) -- login refresh error -- reason:Error: No location header for redirect
Tue Aug 18 2020 12:00:00 GMT+0800 (GMT+08:00) -- login refresh error -- reason:Error: No location header for redirect
Tue Aug 18 2020 12:02:00 GMT+0800 (GMT+08:00) -- login refresh error -- reason:Error: No location header for redirect
Tue Aug 18 2020 12:04:00 GMT+0800 (GMT+08:00) -- login refresh error -- reason:Error: No location header for redirect
Tue Aug 18 2020 12:06:00 GMT+0800 (GMT+08:00) -- login refresh error -- reason:Error: No location header for redirect
Tue Aug 18 2020 12:08:00 GMT+0800 (GMT+08:00) -- login refresh error -- reason:Error: No location header for redirect
Tue Aug 18 2020 12:10:00 GMT+0800 (GMT+08:00) -- login refresh error -- reason:Error: No location header for redirect
Tue Aug 18 2020 12:12:00 GMT+0800 (GMT+08:00) -- login refresh error -- reason:Error: No location header for redirect
Tue Aug 18 2020 12:14:00 GMT+0800 (GMT+08:00) -- login refresh error -- reason:Error: No location header for redirect
Tue Aug 18 2020 12:16:00 GMT+0800 (GMT+08:00) -- login refresh error -- reason:Error: No location header for redirect
Tue Aug 18 2020 12:18:00 GMT+0800 (GMT+08:00) -- login refresh error -- reason:Error: No location header for redirect
Tue Aug 18 2020 12:20:00 GMT+0800 (GMT+08:00) -- login refresh error -- reason:Error: No location header for redirect
Tue Aug 18 2020 12:22:00 GMT+0800 (GMT+08:00) -- login refresh error -- reason:Error: No location header for redirect
Tue Aug 18 2020 12:24:00 GMT+0800 (GMT+08:00) -- login refresh error -- reason:Error: No location header for redirect
Tue Aug 18 2020 12:26:00 GMT+0800 (GMT+08:00) -- login refresh error -- reason:Error: No location header for redirect
Tue Aug 18 2020 12:28:00 GMT+0800 (GMT+08:00) -- login refresh error -- reason:Error: No location header for redirect
Tue Aug 18 2020 12:30:01 GMT+0800 (GMT+08:00) -- login refresh error -- reason:Error: No location header for redirect
Tue Aug 18 2020 12:32:00 GMT+0800 (GMT+08:00) -- login refresh error -- reason:Error: No location header for redirect
Tue Aug 18 2020 12:34:00 GMT+0800 (GMT+08:00) -- login refresh error -- reason:Error: No location header for redirect
Tue Aug 18 2020 12:36:00 GMT+0800 (GMT+08:00) -- login refresh error -- reason:Error: No location header for redirect
Tue Aug 18 2020 12:38:00 GMT+0800 (GMT+08:00) -- login refresh error -- reason:Error: No location header for redirect
Tue Aug 18 2020 12:40:00 GMT+0800 (GMT+08:00) -- login refresh error -- reason:Error: No location header for redirect
Tue Aug 18 2020 12:42:00 GMT+0800 (GMT+08:00) -- login refresh error -- reason:Error: No location header for redirect
Tue Aug 18 2020 12:44:00 GMT+0800 (GMT+08:00) -- login refresh error -- reason:Error: No location header for redirect
Tue Aug 18 2020 12:46:00 GMT+0800 (GMT+08:00) -- login refresh error -- reason:Error: No location header for redirect
Tue Aug 18 2020 12:48:00 GMT+0800 (GMT+08:00) -- login refresh error -- reason:Error: No location header for redirect
Tue Aug 18 2020 12:50:00 GMT+0800 (GMT+08:00) -- login refresh error -- reason:Error: No location header for redirect
Tue Aug 18 2020 12:52:00 GMT+0800 (GMT+08:00) -- login refresh error -- reason:Error: No location header for redirect
Tue Aug 18 2020 12:54:00 GMT+0800 (GMT+08:00) -- login refresh error -- reason:Error: No location header for redirect
Tue Aug 18 2020 12:56:00 GMT+0800 (GMT+08:00) -- login refresh error -- reason:Error: No location header for redirect
Tue Aug 18 2020 12:58:00 GMT+0800 (GMT+08:00) -- login refresh error -- reason:Error: No location header for redirect
Tue Aug 18 2020 13:00:00 GMT+0800 (GMT+08:00) -- login refresh error -- reason:Error: No location header for redirect
Tue Aug 18 2020 13:02:00 GMT+0800 (GMT+08:00) -- login refresh error -- reason:Error: No location header for redirect
Tue Aug 18 2020 13:04:00 GMT+0800 (GMT+08:00) -- login refresh error -- reason:Error: No location header for redirect
Tue Aug 18 2020 13:06:00 GMT+0800 (GMT+08:00) -- login refresh error -- reason:Error: No location header for redirect
Tue Aug 18 2020 13:08:00 GMT+0800 (GMT+08:00) -- login refresh error -- reason:Error: No location header for redirect
Tue Aug 18 2020 13:08:01 GMT+0800 (GMT+08:00) -- login refresh error -- reason:Error: No location header for redirect
Tue Aug 18 2020 13:10:01 GMT+0800 (GMT+08:00) -- login refresh error -- reason:Error: No location header for redirect
Tue Aug 18 2020 13:12:02 GMT+0800 (GMT+08:00) -- login refresh error -- reason:Error: No location header for redirect
Tue Aug 18 2020 13:14:00 GMT+0800 (GMT+08:00) -- login refresh error -- reason:Error: No location header for redirect
Tue Aug 18 2020 13:16:00 GMT+0800 (GMT+08:00) -- login refresh error -- reason:Error: No location header for redirect
Tue Aug 18 2020 13:18:05 GMT+0800 (GMT+08:00) -- login refresh error -- reason:Error: No location header for redirect
Tue Aug 18 2020 13:20:00 GMT+0800 (GMT+08:00) -- login refresh error -- reason:Error: No location header for redirect
Tue Aug 18 2020 13:22:00 GMT+0800 (GMT+08:00) -- login refresh error -- reason:Error: No location header for redirect
Tue Aug 18 2020 13:24:00 GMT+0800 (GMT+08:00) -- login refresh error -- reason:Error: No location header for redirect
Tue Aug 18 2020 13:26:01 GMT+0800 (GMT+08:00) -- login refresh error -- reason:Error: No location header for redirect
Tue Aug 18 2020 13:28:00 GMT+0800 (GMT+08:00) -- login refresh error -- reason:Error: No location header for redirect
Tue Aug 18 2020 13:30:00 GMT+0800 (GMT+08:00) -- login refresh error -- reason:Error: No location header for redirect
Tue Aug 18 2020 13:32:00 GMT+0800 (GMT+08:00) -- login refresh error -- reason:Error: No location header for redirect
Tue Aug 18 2020 13:34:00 GMT+0800 (GMT+08:00) -- login refresh error -- reason:Error: No location header for redirect
Tue Aug 18 2020 13:36:00 GMT+0800 (GMT+08:00) -- login refresh error -- reason:Error: No location header for redirect
Tue Aug 18 2020 13:38:00 GMT+0800 (GMT+08:00) -- login refresh error -- reason:Error: No location header for redirect
Tue Aug 18 2020 13:40:00 GMT+0800 (GMT+08:00) -- login refresh error -- reason:Error: No location header for redirect
Tue Aug 18 2020 13:42:00 GMT+0800 (GMT+08:00) -- login refresh error -- reason:Error: No location header for redirect
Tue Aug 18 2020 13:44:00 GMT+0800 (GMT+08:00) -- login refresh error -- reason:Error: No location header for redirect
Tue Aug 18 2020 13:46:00 GMT+0800 (GMT+08:00) -- login refresh error -- reason:Error: No location header for redirect
Tue Aug 18 2020 13:48:00 GMT+0800 (GMT+08:00) -- login refresh error -- reason:Error: No location header for redirect
Tue Aug 18 2020 13:50:00 GMT+0800 (GMT+08:00) -- login refresh error -- reason:Error: No location header for redirect
Tue Aug 18 2020 13:52:00 GMT+0800 (GMT+08:00) -- login refresh error -- reason:Error: No location header for redirect
Tue Aug 18 2020 13:54:00 GMT+0800 (GMT+08:00) -- login refresh error -- reason:Error: No location header for redirect
Tue Aug 18 2020 13:56:00 GMT+0800 (GMT+08:00) -- login refresh error -- reason:Error: No location header for redirect
Tue Aug 18 2020 13:58:00 GMT+0800 (GMT+08:00) -- login refresh error -- reason:Error: No location header for redirect
Tue Aug 18 2020 14:00:00 GMT+0800 (GMT+08:00) -- login refresh error -- reason:Error: No location header for redirect
Tue Aug 18 2020 14:02:00 GMT+0800 (GMT+08:00) -- login refresh error -- reason:Error: No location header for redirect
Tue Aug 18 2020 14:04:00 GMT+0800 (GMT+08:00) -- login refresh error -- reason:Error: No location header for redirect
Tue Aug 18 2020 14:06:00 GMT+0800 (GMT+08:00) -- login refresh error -- reason:Error: No location header for redirect
Tue Aug 18 2020 14:08:00 GMT+0800 (GMT+08:00) -- login refresh error -- reason:Error: No location header for redirect
Tue Aug 18 2020 14:10:00 GMT+0800 (GMT+08:00) -- login refresh error -- reason:Error: No location header for redirect
Tue Aug 18 2020 14:12:00 GMT+0800 (GMT+08:00) -- login refresh error -- reason:Error: No location header for redirect
Tue Aug 18 2020 14:14:00 GMT+0800 (GMT+08:00) -- login refresh error -- reason:Error: No location header for redirect
Tue Aug 18 2020 14:16:00 GMT+0800 (GMT+08:00) -- login refresh error -- reason:Error: No location header for redirect
Tue Aug 18 2020 14:18:00 GMT+0800 (GMT+08:00) -- login refresh error -- reason:Error: No location header for redirect
Tue Aug 18 2020 14:20:00 GMT+0800 (GMT+08:00) -- login refresh error -- reason:Error: No location header for redirect
Tue Aug 18 2020 14:22:00 GMT+0800 (GMT+08:00) -- login refresh error -- reason:Error: No location header for redirect
Tue Aug 18 2020 14:24:00 GMT+0800 (GMT+08:00) -- login refresh error -- reason:Error: No location header for redirect
Tue Aug 18 2020 14:26:00 GMT+0800 (GMT+08:00) -- login refresh error -- reason:Error: No location header for redirect
Tue Aug 18 2020 14:28:00 GMT+0800 (GMT+08:00) -- login refresh error -- reason:Error: No location header for redirect
Tue Aug 18 2020 14:30:00 GMT+0800 (GMT+08:00) -- login refresh error -- reason:Error: No location header for redirect
Tue Aug 18 2020 14:32:00 GMT+0800 (GMT+08:00) -- login refresh error -- reason:Error: No location header for redirect
Tue Aug 18 2020 14:34:00 GMT+0800 (GMT+08:00) -- login refresh error -- reason:Error: No location header for redirect
Tue Aug 18 2020 14:36:00 GMT+0800 (GMT+08:00) -- login refresh error -- reason:Error: No location header for redirect
Tue Aug 18 2020 14:38:00 GMT+0800 (GMT+08:00) -- login refresh error -- reason:Error: No location header for redirect
Tue Aug 18 2020 14:40:00 GMT+0800 (GMT+08:00) -- login refresh error -- reason:Error: No location header for redirect
Tue Aug 18 2020 14:42:00 GMT+0800 (GMT+08:00) -- login refresh error -- reason:Error: No location header for redirect
Tue Aug 18 2020 14:44:00 GMT+0800 (GMT+08:00) -- login refresh error -- reason:Error: No location header for redirect
Tue Aug 18 2020 14:46:00 GMT+0800 (GMT+08:00) -- login refresh error -- reason:Error: No location header for redirect
Tue Aug 18 2020 14:48:00 GMT+0800 (GMT+08:00) -- login refresh error -- reason:Error: No location header for redirect
Tue Aug 18 2020 14:50:00 GMT+0800 (GMT+08:00) -- login refresh error -- reason:Error: No location header for redirect
Tue Aug 18 2020 14:52:00 GMT+0800 (GMT+08:00) -- login refresh error -- reason:Error: No location header for redirect
Tue Aug 18 2020 14:54:00 GMT+0800 (GMT+08:00) -- login refresh error -- reason:Error: No location header for redirect
Tue Aug 18 2020 14:56:00 GMT+0800 (GMT+08:00) -- login refresh error -- reason:Error: No location header for redirect
Tue Aug 18 2020 14:58:00 GMT+0800 (GMT+08:00) -- login refresh error -- reason:Error: No location header for redirect
Tue Aug 18 2020 15:00:00 GMT+0800 (GMT+08:00) -- login refresh error -- reason:Error: No location header for redirect
Tue Aug 18 2020 15:02:00 GMT+0800 (GMT+08:00) -- login refresh error -- reason:Error: No location header for redirect
Tue Aug 18 2020 15:04:00 GMT+0800 (GMT+08:00) -- login refresh error -- reason:Error: No location header for redirect
Tue Aug 18 2020 15:06:00 GMT+0800 (GMT+08:00) -- login refresh error -- reason:Error: No location header for redirect
Tue Aug 18 2020 15:08:00 GMT+0800 (GMT+08:00) -- login refresh error -- reason:Error: No location header for redirect
Tue Aug 18 2020 15:10:00 GMT+0800 (GMT+08:00) -- login refresh error -- reason:Error: No location header for redirect
Tue Aug 18 2020 15:12:00 GMT+0800 (GMT+08:00) -- login refresh error -- reason:Error: No location header for redirect
Tue Aug 18 2020 15:14:00 GMT+0800 (GMT+08:00) -- login refresh error -- reason:Error: No location header for redirect
Tue Aug 18 2020 15:16:00 GMT+0800 (GMT+08:00) -- login refresh error -- reason:Error: No location header for redirect
Tue Aug 18 2020 15:18:00 GMT+0800 (GMT+08:00) -- login refresh error -- reason:Error: No location header for redirect
Tue Aug 18 2020 15:20:00 GMT+0800 (GMT+08:00) -- login refresh error -- reason:Error: No location header for redirect
Tue Aug 18 2020 15:22:00 GMT+0800 (GMT+08:00) -- login refresh error -- reason:Error: No location header for redirect
Tue Aug 18 2020 15:24:00 GMT+0800 (GMT+08:00) -- login refresh error -- reason:Error: No location header for redirect
Tue Aug 18 2020 15:26:00 GMT+0800 (GMT+08:00) -- login refresh error -- reason:Error: No location header for redirect
Tue Aug 18 2020 15:28:00 GMT+0800 (GMT+08:00) -- login refresh error -- reason:Error: No location header for redirect
Tue Aug 18 2020 15:30:00 GMT+0800 (GMT+08:00) -- login refresh error -- reason:Error: No location header for redirect
Tue Aug 18 2020 15:32:00 GMT+0800 (GMT+08:00) -- login refresh error -- reason:Error: No location header for redirect
Tue Aug 18 2020 15:34:00 GMT+0800 (GMT+08:00) -- login refresh error -- reason:Error: No location header for redirect
Tue Aug 18 2020 15:36:00 GMT+0800 (GMT+08:00) -- login refresh error -- reason:Error: No location header for redirect
Tue Aug 18 2020 15:38:00 GMT+0800 (GMT+08:00) -- login refresh error -- reason:Error: No location header for redirect
Tue Aug 18 2020 15:40:00 GMT+0800 (GMT+08:00) -- login refresh error -- reason:Error: No location header for redirect
Tue Aug 18 2020 15:42:00 GMT+0800 (GMT+08:00) -- login refresh error -- reason:Error: No location header for redirect
Tue Aug 18 2020 15:44:00 GMT+0800 (GMT+08:00) -- login refresh error -- reason:Error: No location header for redirect
Tue Aug 18 2020 15:46:00 GMT+0800 (GMT+08:00) -- login refresh error -- reason:Error: No location header for redirect
Tue Aug 18 2020 15:48:00 GMT+0800 (GMT+08:00) -- login refresh error -- reason:Error: No location header for redirect
Tue Aug 18 2020 15:50:00 GMT+0800 (GMT+08:00) -- login refresh error -- reason:Error: No location header for redirect
Tue Aug 18 2020 15:52:00 GMT+0800 (GMT+08:00) -- login refresh error -- reason:Error: No location header for redirect
Tue Aug 18 2020 15:54:00 GMT+0800 (GMT+08:00) -- login refresh error -- reason:Error: No location header for redirect
Tue Aug 18 2020 15:56:00 GMT+0800 (GMT+08:00) -- login refresh error -- reason:Error: No location header for redirect
Tue Aug 18 2020 15:58:00 GMT+0800 (GMT+08:00) -- login refresh error -- reason:Error: No location header for redirect
Tue Aug 18 2020 16:00:00 GMT+0800 (GMT+08:00) -- login refresh error -- reason:Error: No location header for redirect
Tue Aug 18 2020 16:02:00 GMT+0800 (GMT+08:00) -- login refresh error -- reason:Error: No location header for redirect
Tue Aug 18 2020 16:04:00 GMT+0800 (GMT+08:00) -- login refresh error -- reason:Error: No location header for redirect
Tue Aug 18 2020 16:06:00 GMT+0800 (GMT+08:00) -- login refresh error -- reason:Error: No location header for redirect
Tue Aug 18 2020 16:08:00 GMT+0800 (GMT+08:00) -- login refresh error -- reason:Error: No location header for redirect
Tue Aug 18 2020 16:10:00 GMT+0800 (GMT+08:00) -- login refresh error -- reason:Error: No location header for redirect
Tue Aug 18 2020 16:12:00 GMT+0800 (GMT+08:00) -- login refresh error -- reason:Error: No location header for redirect
Tue Aug 18 2020 16:14:00 GMT+0800 (GMT+08:00) -- login refresh error -- reason:Error: No location header for redirect
Tue Aug 18 2020 16:16:00 GMT+0800 (GMT+08:00) -- login refresh error -- reason:Error: No location header for redirect
Tue Aug 18 2020 16:18:00 GMT+0800 (GMT+08:00) -- login refresh error -- reason:Error: No location header for redirect
Tue Aug 18 2020 16:20:00 GMT+0800 (GMT+08:00) -- login refresh error -- reason:Error: No location header for redirect
Tue Aug 18 2020 16:22:00 GMT+0800 (GMT+08:00) -- login refresh error -- reason:Error: No location header for redirect
Tue Aug 18 2020 16:24:00 GMT+0800 (GMT+08:00) -- login refresh error -- reason:Error: No location header for redirect
Tue Aug 18 2020 16:26:00 GMT+0800 (GMT+08:00) -- login refresh error -- reason:Error: No location header for redirect
Tue Aug 18 2020 16:28:00 GMT+0800 (GMT+08:00) -- login refresh error -- reason:Error: No location header for redirect
Tue Aug 18 2020 16:30:00 GMT+0800 (GMT+08:00) -- login refresh error -- reason:Error: No location header for redirect
Tue Aug 18 2020 16:32:00 GMT+0800 (GMT+08:00) -- login refresh error -- reason:Error: No location header for redirect
Tue Aug 18 2020 16:34:00 GMT+0800 (GMT+08:00) -- login refresh error -- reason:Error: No location header for redirect
Tue Aug 18 2020 16:36:00 GMT+0800 (GMT+08:00) -- login refresh error -- reason:Error: No location header for redirect
Tue Aug 18 2020 16:38:00 GMT+0800 (GMT+08:00) -- login refresh error -- reason:Error: No location header for redirect
Tue Aug 18 2020 16:40:00 GMT+0800 (GMT+08:00) -- login refresh error -- reason:Error: No location header for redirect
Tue Aug 18 2020 16:42:00 GMT+0800 (GMT+08:00) -- login refresh error -- reason:Error: No location header for redirect
Tue Aug 18 2020 16:42:01 GMT+0800 (GMT+08:00) -- login refresh error -- reason:Error: No location header for redirect
Tue Aug 18 2020 16:44:00 GMT+0800 (GMT+08:00) -- login refresh error -- reason:Error: No location header for redirect
Tue Aug 18 2020 16:46:00 GMT+0800 (GMT+08:00) -- login refresh error -- reason:Error: No location header for redirect
Tue Aug 18 2020 16:48:00 GMT+0800 (GMT+08:00) -- login refresh error -- reason:Error: No location header for redirect
Tue Aug 18 2020 16:50:00 GMT+0800 (GMT+08:00) -- login refresh error -- reason:Error: No location header for redirect
Tue Aug 18 2020 16:52:00 GMT+0800 (GMT+08:00) -- login refresh error -- reason:Error: No location header for redirect
Tue Aug 18 2020 16:54:00 GMT+0800 (GMT+08:00) -- login refresh error -- reason:Error: No location header for redirect
Tue Aug 18 2020 16:56:00 GMT+0800 (GMT+08:00) -- login refresh error -- reason:Error: No location header for redirect
Tue Aug 18 2020 16:58:00 GMT+0800 (GMT+08:00) -- login refresh error -- reason:Error: No location header for redirect
Tue Aug 18 2020 17:00:00 GMT+0800 (GMT+08:00) -- login refresh error -- reason:Error: No location header for redirect
Tue Aug 18 2020 17:02:00 GMT+0800 (GMT+08:00) -- login refresh error -- reason:Error: No location header for redirect
Tue Aug 18 2020 17:04:00 GMT+0800 (GMT+08:00) -- login refresh error -- reason:Error: No location header for redirect
Tue Aug 18 2020 17:06:00 GMT+0800 (GMT+08:00) -- login refresh error -- reason:Error: No location header for redirect
Tue Aug 18 2020 17:08:00 GMT+0800 (GMT+08:00) -- login refresh error -- reason:Error: No location header for redirect
Tue Aug 18 2020 17:10:00 GMT+0800 (GMT+08:00) -- login refresh error -- reason:Error: No location header for redirect
Tue Aug 18 2020 17:12:00 GMT+0800 (GMT+08:00) -- login refresh error -- reason:Error: No location header for redirect
Tue Aug 18 2020 17:14:00 GMT+0800 (GMT+08:00) -- login refresh error -- reason:Error: No location header for redirect
Tue Aug 18 2020 17:16:00 GMT+0800 (GMT+08:00) -- login refresh error -- reason:Error: No location header for redirect
Tue Aug 18 2020 17:18:00 GMT+0800 (GMT+08:00) -- login refresh error -- reason:Error: No location header for redirect
Tue Aug 18 2020 17:20:00 GMT+0800 (GMT+08:00) -- login refresh error -- reason:Error: No location header for redirect
Tue Aug 18 2020 17:22:00 GMT+0800 (GMT+08:00) -- login refresh error -- reason:Error: No location header for redirect
Tue Aug 18 2020 17:24:00 GMT+0800 (GMT+08:00) -- login refresh error -- reason:Error: No location header for redirect
Tue Aug 18 2020 17:26:00 GMT+0800 (GMT+08:00) -- login refresh error -- reason:Error: No location header for redirect
Tue Aug 18 2020 17:28:00 GMT+0800 (GMT+08:00) -- login refresh error -- reason:Error: No location header for redirect
Tue Aug 18 2020 17:30:00 GMT+0800 (GMT+08:00) -- login refresh error -- reason:Error: No location header for redirect
Tue Aug 18 2020 17:32:00 GMT+0800 (GMT+08:00) -- login refresh error -- reason:Error: No location header for redirect
Tue Aug 18 2020 17:34:00 GMT+0800 (GMT+08:00) -- login refresh error -- reason:Error: No location header for redirect
Tue Aug 18 2020 17:36:00 GMT+0800 (GMT+08:00) -- login refresh error -- reason:Error: No location header for redirect
Tue Aug 18 2020 17:38:00 GMT+0800 (GMT+08:00) -- login refresh error -- reason:Error: No location header for redirect
Tue Aug 18 2020 17:40:00 GMT+0800 (GMT+08:00) -- login refresh error -- reason:Error: No location header for redirect
Tue Aug 18 2020 17:42:00 GMT+0800 (GMT+08:00) -- login refresh error -- reason:Error: No location header for redirect
Tue Aug 18 2020 17:44:00 GMT+0800 (GMT+08:00) -- login refresh error -- reason:Error: No location header for redirect
Tue Aug 18 2020 17:46:00 GMT+0800 (GMT+08:00) -- login refresh error -- reason:Error: No location header for redirect
Tue Aug 18 2020 17:48:00 GMT+0800 (GMT+08:00) -- login refresh error -- reason:Error: No location header for redirect
Tue Aug 18 2020 17:50:00 GMT+0800 (GMT+08:00) -- login refresh error -- reason:Error: No location header for redirect
Tue Aug 18 2020 17:52:00 GMT+0800 (GMT+08:00) -- login refresh error -- reason:Error: No location header for redirect
Tue Aug 18 2020 17:54:00 GMT+0800 (GMT+08:00) -- login refresh error -- reason:Error: No location header for redirect
Tue Aug 18 2020 17:56:00 GMT+0800 (GMT+08:00) -- login refresh error -- reason:Error: No location header for redirect
Tue Aug 18 2020 17:58:00 GMT+0800 (GMT+08:00) -- login refresh error -- reason:Error: No location header for redirect
Tue Aug 18 2020 18:00:00 GMT+0800 (GMT+08:00) -- login refresh error -- reason:Error: No location header for redirect
Tue Aug 18 2020 18:02:00 GMT+0800 (GMT+08:00) -- login refresh error -- reason:Error: No location header for redirect
Tue Aug 18 2020 18:04:00 GMT+0800 (GMT+08:00) -- login refresh error -- reason:Error: No location header for redirect
Tue Aug 18 2020 18:06:00 GMT+0800 (GMT+08:00) -- login refresh error -- reason:Error: No location header for redirect
Tue Aug 18 2020 18:08:00 GMT+0800 (GMT+08:00) -- login refresh error -- reason:Error: No location header for redirect
Tue Aug 18 2020 18:10:00 GMT+0800 (GMT+08:00) -- login refresh error -- reason:Error: No location header for redirect
Tue Aug 18 2020 18:12:00 GMT+0800 (GMT+08:00) -- login refresh error -- reason:Error: No location header for redirect
Tue Aug 18 2020 18:14:00 GMT+0800 (GMT+08:00) -- login refresh error -- reason:Error: No location header for redirect
Tue Aug 18 2020 18:16:00 GMT+0800 (GMT+08:00) -- login refresh error -- reason:Error: No location header for redirect
Tue Aug 18 2020 18:18:00 GMT+0800 (GMT+08:00) -- login refresh error -- reason:Error: No location header for redirect
Tue Aug 18 2020 18:20:00 GMT+0800 (GMT+08:00) -- login refresh error -- reason:Error: No location header for redirect
Tue Aug 18 2020 18:22:00 GMT+0800 (GMT+08:00) -- login refresh error -- reason:Error: No location header for redirect
Tue Aug 18 2020 18:24:00 GMT+0800 (GMT+08:00) -- login refresh error -- reason:Error: No location header for redirect
Tue Aug 18 2020 18:26:00 GMT+0800 (GMT+08:00) -- login refresh error -- reason:Error: No location header for redirect
Tue Aug 18 2020 18:28:00 GMT+0800 (GMT+08:00) -- login refresh error -- reason:Error: No location header for redirect
Tue Aug 18 2020 18:30:00 GMT+0800 (GMT+08:00) -- login refresh error -- reason:Error: No location header for redirect
Tue Aug 18 2020 18:32:00 GMT+0800 (GMT+08:00) -- login refresh error -- reason:Error: No location header for redirect
Tue Aug 18 2020 18:34:00 GMT+0800 (GMT+08:00) -- login refresh error -- reason:Error: No location header for redirect
Tue Aug 18 2020 18:36:00 GMT+0800 (GMT+08:00) -- login refresh error -- reason:Error: No location header for redirect
Tue Aug 18 2020 18:38:00 GMT+0800 (GMT+08:00) -- login refresh error -- reason:Error: No location header for redirect
Tue Aug 18 2020 18:40:00 GMT+0800 (GMT+08:00) -- login refresh error -- reason:Error: No location header for redirect
Tue Aug 18 2020 18:42:00 GMT+0800 (GMT+08:00) -- login refresh error -- reason:Error: No location header for redirect
Tue Aug 18 2020 18:44:00 GMT+0800 (GMT+08:00) -- login refresh error -- reason:Error: No location header for redirect
Tue Aug 18 2020 18:46:00 GMT+0800 (GMT+08:00) -- login refresh error -- reason:Error: No location header for redirect
Tue Aug 18 2020 18:48:00 GMT+0800 (GMT+08:00) -- login refresh error -- reason:Error: No location header for redirect
Tue Aug 18 2020 18:50:00 GMT+0800 (GMT+08:00) -- login refresh error -- reason:Error: No location header for redirect
Tue Aug 18 2020 18:52:00 GMT+0800 (GMT+08:00) -- login refresh error -- reason:Error: No location header for redirect
Tue Aug 18 2020 18:54:00 GMT+0800 (GMT+08:00) -- login refresh error -- reason:Error: No location header for redirect
Tue Aug 18 2020 18:56:00 GMT+0800 (GMT+08:00) -- login refresh error -- reason:Error: No location header for redirect
Tue Aug 18 2020 18:58:00 GMT+0800 (GMT+08:00) -- login refresh error -- reason:Error: No location header for redirect
Tue Aug 18 2020 19:00:00 GMT+0800 (GMT+08:00) -- login refresh error -- reason:Error: No location header for redirect
Tue Aug 18 2020 19:02:00 GMT+0800 (GMT+08:00) -- login refresh error -- reason:Error: No location header for redirect
Tue Aug 18 2020 19:04:00 GMT+0800 (GMT+08:00) -- login refresh error -- reason:Error: No location header for redirect
Tue Aug 18 2020 19:06:00 GMT+0800 (GMT+08:00) -- login refresh error -- reason:Error: No location header for redirect
Tue Aug 18 2020 19:08:00 GMT+0800 (GMT+08:00) -- login refresh error -- reason:Error: No location header for redirect
Tue Aug 18 2020 19:10:00 GMT+0800 (GMT+08:00) -- login refresh error -- reason:Error: No location header for redirect
Tue Aug 18 2020 19:12:00 GMT+0800 (GMT+08:00) -- login refresh error -- reason:Error: No location header for redirect
Tue Aug 18 2020 19:14:00 GMT+0800 (GMT+08:00) -- login refresh error -- reason:Error: No location header for redirect
Tue Aug 18 2020 19:16:00 GMT+0800 (GMT+08:00) -- login refresh error -- reason:Error: No location header for redirect
Tue Aug 18 2020 19:18:00 GMT+0800 (GMT+08:00) -- login refresh error -- reason:Error: No location header for redirect
Tue Aug 18 2020 19:20:00 GMT+0800 (GMT+08:00) -- login refresh error -- reason:Error: No location header for redirect
Tue Aug 18 2020 19:22:00 GMT+0800 (GMT+08:00) -- login refresh error -- reason:Error: No location header for redirect
Tue Aug 18 2020 19:24:00 GMT+0800 (GMT+08:00) -- login refresh error -- reason:Error: No location header for redirect
Tue Aug 18 2020 19:26:00 GMT+0800 (GMT+08:00) -- login refresh error -- reason:Error: No location header for redirect
Tue Aug 18 2020 19:28:00 GMT+0800 (GMT+08:00) -- login refresh error -- reason:Error: No location header for redirect
Tue Aug 18 2020 19:30:00 GMT+0800 (GMT+08:00) -- login refresh error -- reason:Error: No location header for redirect
Tue Aug 18 2020 19:32:00 GMT+0800 (GMT+08:00) -- login refresh error -- reason:Error: No location header for redirect
Tue Aug 18 2020 19:34:00 GMT+0800 (GMT+08:00) -- login refresh error -- reason:Error: No location header for redirect
Tue Aug 18 2020 19:36:00 GMT+0800 (GMT+08:00) -- login refresh error -- reason:Error: No location header for redirect
Tue Aug 18 2020 19:38:00 GMT+0800 (GMT+08:00) -- login refresh error -- reason:Error: No location header for redirect
Tue Aug 18 2020 19:40:00 GMT+0800 (GMT+08:00) -- login refresh error -- reason:Error: No location header for redirect
Tue Aug 18 2020 19:42:00 GMT+0800 (GMT+08:00) -- login refresh error -- reason:Error: No location header for redirect
Tue Aug 18 2020 19:44:00 GMT+0800 (GMT+08:00) -- login refresh error -- reason:Error: No location header for redirect
Tue Aug 18 2020 19:46:00 GMT+0800 (GMT+08:00) -- login refresh error -- reason:Error: No location header for redirect
Tue Aug 18 2020 19:48:00 GMT+0800 (GMT+08:00) -- login refresh error -- reason:Error: No location header for redirect
Tue Aug 18 2020 19:50:00 GMT+0800 (GMT+08:00) -- login refresh error -- reason:Error: No location header for redirect
Tue Aug 18 2020 19:52:00 GMT+0800 (GMT+08:00) -- login refresh error -- reason:Error: No location header for redirect
Tue Aug 18 2020 19:54:00 GMT+0800 (GMT+08:00) -- login refresh error -- reason:Error: No location header for redirect
Tue Aug 18 2020 19:56:00 GMT+0800 (GMT+08:00) -- login refresh error -- reason:Error: No location header for redirect
Tue Aug 18 2020 19:58:00 GMT+0800 (GMT+08:00) -- login refresh error -- reason:Error: No location header for redirect
Tue Aug 18 2020 20:00:00 GMT+0800 (GMT+08:00) -- login refresh error -- reason:Error: No location header for redirect
Tue Aug 18 2020 20:02:00 GMT+0800 (GMT+08:00) -- login refresh error -- reason:Error: No location header for redirect
Tue Aug 18 2020 20:04:00 GMT+0800 (GMT+08:00) -- login refresh error -- reason:Error: No location header for redirect
Tue Aug 18 2020 20:06:00 GMT+0800 (GMT+08:00) -- login refresh error -- reason:Error: No location header for redirect
Tue Aug 18 2020 20:08:00 GMT+0800 (GMT+08:00) -- login refresh error -- reason:Error: No location header for redirect
Tue Aug 18 2020 20:10:00 GMT+0800 (GMT+08:00) -- login refresh error -- reason:Error: No location header for redirect
Tue Aug 18 2020 20:12:00 GMT+0800 (GMT+08:00) -- login refresh error -- reason:Error: No location header for redirect
Tue Aug 18 2020 20:14:00 GMT+0800 (GMT+08:00) -- login refresh error -- reason:Error: No location header for redirect
Tue Aug 18 2020 20:16:00 GMT+0800 (GMT+08:00) -- login refresh error -- reason:Error: No location header for redirect
Tue Aug 18 2020 20:18:00 GMT+0800 (GMT+08:00) -- login refresh error -- reason:Error: No location header for redirect
Tue Aug 18 2020 20:20:00 GMT+0800 (GMT+08:00) -- login refresh error -- reason:Error: No location header for redirect
Tue Aug 18 2020 20:22:00 GMT+0800 (GMT+08:00) -- login refresh error -- reason:Error: No location header for redirect
Tue Aug 18 2020 20:24:00 GMT+0800 (GMT+08:00) -- login refresh error -- reason:Error: No location header for redirect
Tue Aug 18 2020 20:26:00 GMT+0800 (GMT+08:00) -- login refresh error -- reason:Error: No location header for redirect
Tue Aug 18 2020 20:28:00 GMT+0800 (GMT+08:00) -- login refresh error -- reason:Error: No location header for redirect
Tue Aug 18 2020 20:30:00 GMT+0800 (GMT+08:00) -- login refresh error -- reason:Error: No location header for redirect
Tue Aug 18 2020 20:32:00 GMT+0800 (GMT+08:00) -- login refresh error -- reason:Error: No location header for redirect
Tue Aug 18 2020 20:34:00 GMT+0800 (GMT+08:00) -- login refresh error -- reason:Error: No location header for redirect
Tue Aug 18 2020 20:36:00 GMT+0800 (GMT+08:00) -- login refresh error -- reason:Error: No location header for redirect
Tue Aug 18 2020 20:38:00 GMT+0800 (GMT+08:00) -- login refresh error -- reason:Error: No location header for redirect
Tue Aug 18 2020 20:40:00 GMT+0800 (GMT+08:00) -- login refresh error -- reason:Error: No location header for redirect
Tue Aug 18 2020 20:42:00 GMT+0800 (GMT+08:00) -- login refresh error -- reason:Error: No location header for redirect
Tue Aug 18 2020 20:44:00 GMT+0800 (GMT+08:00) -- login refresh error -- reason:Error: No location header for redirect
Tue Aug 18 2020 20:46:00 GMT+0800 (GMT+08:00) -- login refresh error -- reason:Error: No location header for redirect
Tue Aug 18 2020 20:48:00 GMT+0800 (GMT+08:00) -- login refresh error -- reason:Error: No location header for redirect
Tue Aug 18 2020 20:50:00 GMT+0800 (GMT+08:00) -- login refresh error -- reason:Error: No location header for redirect
Tue Aug 18 2020 20:52:00 GMT+0800 (GMT+08:00) -- login refresh error -- reason:Error: No location header for redirect
Tue Aug 18 2020 20:54:00 GMT+0800 (GMT+08:00) -- login refresh error -- reason:Error: No location header for redirect
Tue Aug 18 2020 20:56:00 GMT+0800 (GMT+08:00) -- login refresh error -- reason:Error: No location header for redirect
Tue Aug 18 2020 20:58:00 GMT+0800 (GMT+08:00) -- login refresh error -- reason:Error: No location header for redirect
Tue Aug 18 2020 21:00:00 GMT+0800 (GMT+08:00) -- login refresh error -- reason:Error: No location header for redirect
Tue Aug 18 2020 21:02:00 GMT+0800 (GMT+08:00) -- login refresh error -- reason:Error: No location header for redirect
Tue Aug 18 2020 21:04:00 GMT+0800 (GMT+08:00) -- login refresh error -- reason:Error: No location header for redirect
Tue Aug 18 2020 21:06:00 GMT+0800 (GMT+08:00) -- login refresh error -- reason:Error: No location header for redirect
Tue Aug 18 2020 21:08:00 GMT+0800 (GMT+08:00) -- login refresh error -- reason:Error: No location header for redirect
Tue Aug 18 2020 21:10:00 GMT+0800 (GMT+08:00) -- login refresh error -- reason:Error: No location header for redirect
Tue Aug 18 2020 21:12:00 GMT+0800 (GMT+08:00) -- login refresh error -- reason:Error: No location header for redirect
Tue Aug 18 2020 21:14:00 GMT+0800 (GMT+08:00) -- login refresh error -- reason:Error: No location header for redirect
Tue Aug 18 2020 21:16:00 GMT+0800 (GMT+08:00) -- login refresh error -- reason:Error: No location header for redirect
Tue Aug 18 2020 21:18:00 GMT+0800 (GMT+08:00) -- login refresh error -- reason:Error: No location header for redirect
Tue Aug 18 2020 21:20:00 GMT+0800 (GMT+08:00) -- login refresh error -- reason:Error: No location header for redirect
Tue Aug 18 2020 21:22:00 GMT+0800 (GMT+08:00) -- login refresh error -- reason:Error: No location header for redirect
Tue Aug 18 2020 21:24:00 GMT+0800 (GMT+08:00) -- login refresh error -- reason:Error: No location header for redirect
Tue Aug 18 2020 21:26:00 GMT+0800 (GMT+08:00) -- login refresh error -- reason:Error: No location header for redirect
Tue Aug 18 2020 21:28:00 GMT+0800 (GMT+08:00) -- login refresh error -- reason:Error: No location header for redirect
Tue Aug 18 2020 21:30:00 GMT+0800 (GMT+08:00) -- login refresh error -- reason:Error: No location header for redirect
Tue Aug 18 2020 21:32:00 GMT+0800 (GMT+08:00) -- login refresh error -- reason:Error: No location header for redirect
Tue Aug 18 2020 21:34:00 GMT+0800 (GMT+08:00) -- login refresh error -- reason:Error: No location header for redirect
Tue Aug 18 2020 21:36:00 GMT+0800 (GMT+08:00) -- login refresh error -- reason:Error: No location header for redirect
Tue Aug 18 2020 21:38:00 GMT+0800 (GMT+08:00) -- login refresh error -- reason:Error: No location header for redirect
Tue Aug 18 2020 21:40:00 GMT+0800 (GMT+08:00) -- login refresh error -- reason:Error: No location header for redirect
Tue Aug 18 2020 21:42:00 GMT+0800 (GMT+08:00) -- login refresh error -- reason:Error: No location header for redirect
Tue Aug 18 2020 21:44:00 GMT+0800 (GMT+08:00) -- login refresh error -- reason:Error: No location header for redirect
Tue Aug 18 2020 21:46:00 GMT+0800 (GMT+08:00) -- login refresh error -- reason:Error: No location header for redirect
Tue Aug 18 2020 21:48:00 GMT+0800 (GMT+08:00) -- login refresh error -- reason:Error: No location header for redirect
Tue Aug 18 2020 21:50:00 GMT+0800 (GMT+08:00) -- login refresh error -- reason:Error: No location header for redirect
Tue Aug 18 2020 21:52:00 GMT+0800 (GMT+08:00) -- login refresh error -- reason:Error: No location header for redirect
Tue Aug 18 2020 21:54:00 GMT+0800 (GMT+08:00) -- login refresh error -- reason:Error: No location header for redirect
Tue Aug 18 2020 21:56:00 GMT+0800 (GMT+08:00) -- login refresh error -- reason:Error: No location header for redirect
Tue Aug 18 2020 21:58:00 GMT+0800 (GMT+08:00) -- login refresh error -- reason:Error: No location header for redirect
Tue Aug 18 2020 22:00:00 GMT+0800 (GMT+08:00) -- login refresh error -- reason:Error: No location header for redirect
Tue Aug 18 2020 22:02:00 GMT+0800 (GMT+08:00) -- login refresh error -- reason:Error: No location header for redirect
Tue Aug 18 2020 22:04:00 GMT+0800 (GMT+08:00) -- login refresh error -- reason:Error: No location header for redirect
Tue Aug 18 2020 22:06:00 GMT+0800 (GMT+08:00) -- login refresh error -- reason:Error: No location header for redirect
Tue Aug 18 2020 22:08:00 GMT+0800 (GMT+08:00) -- login refresh error -- reason:Error: No location header for redirect
Tue Aug 18 2020 22:10:00 GMT+0800 (GMT+08:00) -- login refresh error -- reason:Error: No location header for redirect
Tue Aug 18 2020 22:12:00 GMT+0800 (GMT+08:00) -- login refresh error -- reason:Error: No location header for redirect
Tue Aug 18 2020 22:14:00 GMT+0800 (GMT+08:00) -- login refresh error -- reason:Error: No location header for redirect
Tue Aug 18 2020 22:16:00 GMT+0800 (GMT+08:00) -- login refresh error -- reason:Error: No location header for redirect
Tue Aug 18 2020 22:18:00 GMT+0800 (GMT+08:00) -- login refresh error -- reason:Error: No location header for redirect
Tue Aug 18 2020 22:20:00 GMT+0800 (GMT+08:00) -- login refresh error -- reason:Error: No location header for redirect
Tue Aug 18 2020 22:22:00 GMT+0800 (GMT+08:00) -- login refresh error -- reason:Error: No location header for redirect
Tue Aug 18 2020 22:24:00 GMT+0800 (GMT+08:00) -- login refresh error -- reason:Error: No location header for redirect
Tue Aug 18 2020 22:26:00 GMT+0800 (GMT+08:00) -- login refresh error -- reason:Error: No location header for redirect
Tue Aug 18 2020 22:28:00 GMT+0800 (GMT+08:00) -- login refresh error -- reason:Error: No location header for redirect
Tue Aug 18 2020 22:30:00 GMT+0800 (GMT+08:00) -- login refresh error -- reason:Error: No location header for redirect
Tue Aug 18 2020 22:32:00 GMT+0800 (GMT+08:00) -- login refresh error -- reason:Error: No location header for redirect
Tue Aug 18 2020 22:34:00 GMT+0800 (GMT+08:00) -- login refresh error -- reason:Error: No location header for redirect
Tue Aug 18 2020 22:36:00 GMT+0800 (GMT+08:00) -- login refresh error -- reason:Error: No location header for redirect
Tue Aug 18 2020 22:38:00 GMT+0800 (GMT+08:00) -- login refresh error -- reason:Error: No location header for redirect
Tue Aug 18 2020 22:40:00 GMT+0800 (GMT+08:00) -- login refresh error -- reason:Error: No location header for redirect
Tue Aug 18 2020 22:42:00 GMT+0800 (GMT+08:00) -- login refresh error -- reason:Error: No location header for redirect
Tue Aug 18 2020 22:44:00 GMT+0800 (GMT+08:00) -- login refresh error -- reason:Error: No location header for redirect
Tue Aug 18 2020 22:46:00 GMT+0800 (GMT+08:00) -- login refresh error -- reason:Error: No location header for redirect
Tue Aug 18 2020 22:48:00 GMT+0800 (GMT+08:00) -- login refresh error -- reason:Error: No location header for redirect
Tue Aug 18 2020 22:50:00 GMT+0800 (GMT+08:00) -- login refresh error -- reason:Error: No location header for redirect
Tue Aug 18 2020 22:52:00 GMT+0800 (GMT+08:00) -- login refresh error -- reason:Error: No location header for redirect
Tue Aug 18 2020 22:54:00 GMT+0800 (GMT+08:00) -- login refresh error -- reason:Error: No location header for redirect
Tue Aug 18 2020 22:56:00 GMT+0800 (GMT+08:00) -- login refresh error -- reason:Error: No location header for redirect
Tue Aug 18 2020 22:58:00 GMT+0800 (GMT+08:00) -- login refresh error -- reason:Error: No location header for redirect
Tue Aug 18 2020 23:00:00 GMT+0800 (GMT+08:00) -- login refresh error -- reason:Error: No location header for redirect
Tue Aug 18 2020 23:02:00 GMT+0800 (GMT+08:00) -- login refresh error -- reason:Error: No location header for redirect
Tue Aug 18 2020 23:04:00 GMT+0800 (GMT+08:00) -- login refresh error -- reason:Error: No location header for redirect
Tue Aug 18 2020 23:06:00 GMT+0800 (GMT+08:00) -- login refresh error -- reason:Error: No location header for redirect
Tue Aug 18 2020 23:08:00 GMT+0800 (GMT+08:00) -- login refresh error -- reason:Error: No location header for redirect
Tue Aug 18 2020 23:10:00 GMT+0800 (GMT+08:00) -- login refresh error -- reason:Error: No location header for redirect
Tue Aug 18 2020 23:12:00 GMT+0800 (GMT+08:00) -- login refresh error -- reason:Error: No location header for redirect
Tue Aug 18 2020 23:14:00 GMT+0800 (GMT+08:00) -- login refresh error -- reason:Error: No location header for redirect
Tue Aug 18 2020 23:16:00 GMT+0800 (GMT+08:00) -- login refresh error -- reason:Error: No location header for redirect
Tue Aug 18 2020 23:18:00 GMT+0800 (GMT+08:00) -- login refresh error -- reason:Error: No location header for redirect
Tue Aug 18 2020 23:20:00 GMT+0800 (GMT+08:00) -- login refresh error -- reason:Error: No location header for redirect
Tue Aug 18 2020 23:22:00 GMT+0800 (GMT+08:00) -- login refresh error -- reason:Error: No location header for redirect
Tue Aug 18 2020 23:24:00 GMT+0800 (GMT+08:00) -- login refresh error -- reason:Error: No location header for redirect
Tue Aug 18 2020 23:26:00 GMT+0800 (GMT+08:00) -- login refresh error -- reason:Error: No location header for redirect
Tue Aug 18 2020 23:28:00 GMT+0800 (GMT+08:00) -- login refresh error -- reason:Error: No location header for redirect
Tue Aug 18 2020 23:30:00 GMT+0800 (GMT+08:00) -- login refresh error -- reason:Error: No location header for redirect
Tue Aug 18 2020 23:32:00 GMT+0800 (GMT+08:00) -- login refresh error -- reason:Error: No location header for redirect
Tue Aug 18 2020 23:34:00 GMT+0800 (GMT+08:00) -- login refresh error -- reason:Error: No location header for redirect
Tue Aug 18 2020 23:36:00 GMT+0800 (GMT+08:00) -- login refresh error -- reason:Error: No location header for redirect
Tue Aug 18 2020 23:38:00 GMT+0800 (GMT+08:00) -- login refresh error -- reason:Error: No location header for redirect
Tue Aug 18 2020 23:40:00 GMT+0800 (GMT+08:00) -- login refresh error -- reason:Error: No location header for redirect
Tue Aug 18 2020 23:42:00 GMT+0800 (GMT+08:00) -- login refresh error -- reason:Error: No location header for redirect
Tue Aug 18 2020 23:44:00 GMT+0800 (GMT+08:00) -- login refresh error -- reason:Error: No location header for redirect
Tue Aug 18 2020 23:46:00 GMT+0800 (GMT+08:00) -- login refresh error -- reason:Error: No location header for redirect
Tue Aug 18 2020 23:48:00 GMT+0800 (GMT+08:00) -- login refresh error -- reason:Error: No location header for redirect
Tue Aug 18 2020 23:50:00 GMT+0800 (GMT+08:00) -- login refresh error -- reason:Error: No location header for redirect
Tue Aug 18 2020 23:52:00 GMT+0800 (GMT+08:00) -- login refresh error -- reason:Error: No location header for redirect
Tue Aug 18 2020 23:54:00 GMT+0800 (GMT+08:00) -- login refresh error -- reason:Error: No location header for redirect
Tue Aug 18 2020 23:56:00 GMT+0800 (GMT+08:00) -- login refresh error -- reason:Error: No location header for redirect
Tue Aug 18 2020 23:58:00 GMT+0800 (GMT+08:00) -- login refresh error -- reason:Error: No location header for redirect
Wed Aug 19 2020 00:00:00 GMT+0800 (GMT+08:00) -- login refresh error -- reason:Error: No location header for redirect
Wed Aug 19 2020 00:02:00 GMT+0800 (GMT+08:00) -- login refresh error -- reason:Error: No location header for redirect
Wed Aug 19 2020 00:04:00 GMT+0800 (GMT+08:00) -- login refresh error -- reason:Error: No location header for redirect
Wed Aug 19 2020 00:06:00 GMT+0800 (GMT+08:00) -- login refresh error -- reason:Error: No location header for redirect
Wed Aug 19 2020 00:08:00 GMT+0800 (GMT+08:00) -- login refresh error -- reason:Error: No location header for redirect
Wed Aug 19 2020 00:10:00 GMT+0800 (GMT+08:00) -- login refresh error -- reason:Error: No location header for redirect
Wed Aug 19 2020 00:12:00 GMT+0800 (GMT+08:00) -- login refresh error -- reason:Error: No location header for redirect
Wed Aug 19 2020 00:14:00 GMT+0800 (GMT+08:00) -- login refresh error -- reason:Error: No location header for redirect
Wed Aug 19 2020 00:16:00 GMT+0800 (GMT+08:00) -- login refresh error -- reason:Error: No location header for redirect
Wed Aug 19 2020 00:18:00 GMT+0800 (GMT+08:00) -- login refresh error -- reason:Error: No location header for redirect
Wed Aug 19 2020 00:20:00 GMT+0800 (GMT+08:00) -- login refresh error -- reason:Error: No location header for redirect
Wed Aug 19 2020 00:22:00 GMT+0800 (GMT+08:00) -- login refresh error -- reason:Error: No location header for redirect
Wed Aug 19 2020 00:24:00 GMT+0800 (GMT+08:00) -- login refresh error -- reason:Error: No location header for redirect
Wed Aug 19 2020 00:26:00 GMT+0800 (GMT+08:00) -- login refresh error -- reason:Error: No location header for redirect
Wed Aug 19 2020 00:28:00 GMT+0800 (GMT+08:00) -- login refresh error -- reason:Error: No location header for redirect
Wed Aug 19 2020 00:30:00 GMT+0800 (GMT+08:00) -- login refresh error -- reason:Error: No location header for redirect
Wed Aug 19 2020 00:32:00 GMT+0800 (GMT+08:00) -- login refresh error -- reason:Error: No location header for redirect
Wed Aug 19 2020 00:34:00 GMT+0800 (GMT+08:00) -- login refresh error -- reason:Error: No location header for redirect
Wed Aug 19 2020 00:36:00 GMT+0800 (GMT+08:00) -- login refresh error -- reason:Error: No location header for redirect
Wed Aug 19 2020 00:38:00 GMT+0800 (GMT+08:00) -- login refresh error -- reason:Error: No location header for redirect
Wed Aug 19 2020 00:40:00 GMT+0800 (GMT+08:00) -- login refresh error -- reason:Error: No location header for redirect
Wed Aug 19 2020 00:42:00 GMT+0800 (GMT+08:00) -- login refresh error -- reason:Error: No location header for redirect
Wed Aug 19 2020 00:44:00 GMT+0800 (GMT+08:00) -- login refresh error -- reason:Error: No location header for redirect
Wed Aug 19 2020 00:46:00 GMT+0800 (GMT+08:00) -- login refresh error -- reason:Error: No location header for redirect
Wed Aug 19 2020 00:48:00 GMT+0800 (GMT+08:00) -- login refresh error -- reason:Error: No location header for redirect
Wed Aug 19 2020 00:50:00 GMT+0800 (GMT+08:00) -- login refresh error -- reason:Error: No location header for redirect
Wed Aug 19 2020 00:52:00 GMT+0800 (GMT+08:00) -- login refresh error -- reason:Error: No location header for redirect
Wed Aug 19 2020 00:54:00 GMT+0800 (GMT+08:00) -- login refresh error -- reason:Error: No location header for redirect
Wed Aug 19 2020 00:56:00 GMT+0800 (GMT+08:00) -- login refresh error -- reason:Error: No location header for redirect
Wed Aug 19 2020 00:58:00 GMT+0800 (GMT+08:00) -- login refresh error -- reason:Error: No location header for redirect
Wed Aug 19 2020 01:00:00 GMT+0800 (GMT+08:00) -- login refresh error -- reason:Error: No location header for redirect
Wed Aug 19 2020 01:02:00 GMT+0800 (GMT+08:00) -- login refresh error -- reason:Error: No location header for redirect
Wed Aug 19 2020 01:04:00 GMT+0800 (GMT+08:00) -- login refresh error -- reason:Error: No location header for redirect
Wed Aug 19 2020 01:06:00 GMT+0800 (GMT+08:00) -- login refresh error -- reason:Error: No location header for redirect
Wed Aug 19 2020 01:08:00 GMT+0800 (GMT+08:00) -- login refresh error -- reason:Error: No location header for redirect
Wed Aug 19 2020 01:10:00 GMT+0800 (GMT+08:00) -- login refresh error -- reason:Error: No location header for redirect
Wed Aug 19 2020 01:12:00 GMT+0800 (GMT+08:00) -- login refresh error -- reason:Error: No location header for redirect
Wed Aug 19 2020 01:14:00 GMT+0800 (GMT+08:00) -- login refresh error -- reason:Error: No location header for redirect
Wed Aug 19 2020 01:16:00 GMT+0800 (GMT+08:00) -- login refresh error -- reason:Error: No location header for redirect
Wed Aug 19 2020 01:18:00 GMT+0800 (GMT+08:00) -- login refresh error -- reason:Error: No location header for redirect
Wed Aug 19 2020 01:20:00 GMT+0800 (GMT+08:00) -- login refresh error -- reason:Error: No location header for redirect
Wed Aug 19 2020 01:22:00 GMT+0800 (GMT+08:00) -- login refresh error -- reason:Error: No location header for redirect
Wed Aug 19 2020 01:24:00 GMT+0800 (GMT+08:00) -- login refresh error -- reason:Error: No location header for redirect
Wed Aug 19 2020 01:26:00 GMT+0800 (GMT+08:00) -- login refresh error -- reason:Error: No location header for redirect
Wed Aug 19 2020 01:28:00 GMT+0800 (GMT+08:00) -- login refresh error -- reason:Error: No location header for redirect
Wed Aug 19 2020 01:30:00 GMT+0800 (GMT+08:00) -- login refresh error -- reason:Error: No location header for redirect
Wed Aug 19 2020 01:32:00 GMT+0800 (GMT+08:00) -- login refresh error -- reason:Error: No location header for redirect
Wed Aug 19 2020 01:34:00 GMT+0800 (GMT+08:00) -- login refresh error -- reason:Error: No location header for redirect
Wed Aug 19 2020 01:36:00 GMT+0800 (GMT+08:00) -- login refresh error -- reason:Error: No location header for redirect
Wed Aug 19 2020 01:38:00 GMT+0800 (GMT+08:00) -- login refresh error -- reason:Error: No location header for redirect
Wed Aug 19 2020 01:40:00 GMT+0800 (GMT+08:00) -- login refresh error -- reason:Error: No location header for redirect
Wed Aug 19 2020 01:42:00 GMT+0800 (GMT+08:00) -- login refresh error -- reason:Error: No location header for redirect
Wed Aug 19 2020 01:44:00 GMT+0800 (GMT+08:00) -- login refresh error -- reason:Error: No location header for redirect
Wed Aug 19 2020 01:46:00 GMT+0800 (GMT+08:00) -- login refresh error -- reason:Error: No location header for redirect
Wed Aug 19 2020 01:48:00 GMT+0800 (GMT+08:00) -- login refresh error -- reason:Error: No location header for redirect
Wed Aug 19 2020 01:50:00 GMT+0800 (GMT+08:00) -- login refresh error -- reason:Error: No location header for redirect
Wed Aug 19 2020 01:52:00 GMT+0800 (GMT+08:00) -- login refresh error -- reason:Error: No location header for redirect
Wed Aug 19 2020 01:54:00 GMT+0800 (GMT+08:00) -- login refresh error -- reason:Error: No location header for redirect
Wed Aug 19 2020 01:56:00 GMT+0800 (GMT+08:00) -- login refresh error -- reason:Error: No location header for redirect
Wed Aug 19 2020 01:58:00 GMT+0800 (GMT+08:00) -- login refresh error -- reason:Error: No location header for redirect
Wed Aug 19 2020 02:00:00 GMT+0800 (GMT+08:00) -- login refresh error -- reason:Error: No location header for redirect
Wed Aug 19 2020 02:02:00 GMT+0800 (GMT+08:00) -- login refresh error -- reason:Error: No location header for redirect
Wed Aug 19 2020 02:04:00 GMT+0800 (GMT+08:00) -- login refresh error -- reason:Error: No location header for redirect
Wed Aug 19 2020 02:06:00 GMT+0800 (GMT+08:00) -- login refresh error -- reason:Error: No location header for redirect
Wed Aug 19 2020 02:08:00 GMT+0800 (GMT+08:00) -- login refresh error -- reason:Error: No location header for redirect
Wed Aug 19 2020 02:10:00 GMT+0800 (GMT+08:00) -- login refresh error -- reason:Error: No location header for redirect
Wed Aug 19 2020 02:12:00 GMT+0800 (GMT+08:00) -- login refresh error -- reason:Error: No location header for redirect
Wed Aug 19 2020 02:14:00 GMT+0800 (GMT+08:00) -- login refresh error -- reason:Error: No location header for redirect
Wed Aug 19 2020 02:16:00 GMT+0800 (GMT+08:00) -- login refresh error -- reason:Error: No location header for redirect
Wed Aug 19 2020 02:18:00 GMT+0800 (GMT+08:00) -- login refresh error -- reason:Error: No location header for redirect
Wed Aug 19 2020 02:20:00 GMT+0800 (GMT+08:00) -- login refresh error -- reason:Error: No location header for redirect
Wed Aug 19 2020 02:22:00 GMT+0800 (GMT+08:00) -- login refresh error -- reason:Error: No location header for redirect
Wed Aug 19 2020 02:24:00 GMT+0800 (GMT+08:00) -- login refresh error -- reason:Error: No location header for redirect
Wed Aug 19 2020 02:26:00 GMT+0800 (GMT+08:00) -- login refresh error -- reason:Error: No location header for redirect
Wed Aug 19 2020 02:28:00 GMT+0800 (GMT+08:00) -- login refresh error -- reason:Error: No location header for redirect
Wed Aug 19 2020 02:30:00 GMT+0800 (GMT+08:00) -- login refresh error -- reason:Error: No location header for redirect
Wed Aug 19 2020 02:32:00 GMT+0800 (GMT+08:00) -- login refresh error -- reason:Error: No location header for redirect
Wed Aug 19 2020 02:34:00 GMT+0800 (GMT+08:00) -- login refresh error -- reason:Error: No location header for redirect
Wed Aug 19 2020 02:36:00 GMT+0800 (GMT+08:00) -- login refresh error -- reason:Error: No location header for redirect
Wed Aug 19 2020 02:38:00 GMT+0800 (GMT+08:00) -- login refresh error -- reason:Error: No location header for redirect
Wed Aug 19 2020 02:40:00 GMT+0800 (GMT+08:00) -- login refresh error -- reason:Error: No location header for redirect
Wed Aug 19 2020 02:42:00 GMT+0800 (GMT+08:00) -- login refresh error -- reason:Error: No location header for redirect
Wed Aug 19 2020 02:44:00 GMT+0800 (GMT+08:00) -- login refresh error -- reason:Error: No location header for redirect
Wed Aug 19 2020 02:46:00 GMT+0800 (GMT+08:00) -- login refresh error -- reason:Error: No location header for redirect
Wed Aug 19 2020 02:48:00 GMT+0800 (GMT+08:00) -- login refresh error -- reason:Error: No location header for redirect
Wed Aug 19 2020 02:50:00 GMT+0800 (GMT+08:00) -- login refresh error -- reason:Error: No location header for redirect
Wed Aug 19 2020 02:52:00 GMT+0800 (GMT+08:00) -- login refresh error -- reason:Error: No location header for redirect
Wed Aug 19 2020 02:54:00 GMT+0800 (GMT+08:00) -- login refresh error -- reason:Error: No location header for redirect
Wed Aug 19 2020 02:56:00 GMT+0800 (GMT+08:00) -- login refresh error -- reason:Error: No location header for redirect
Wed Aug 19 2020 02:58:00 GMT+0800 (GMT+08:00) -- login refresh error -- reason:Error: No location header for redirect
Wed Aug 19 2020 03:00:00 GMT+0800 (GMT+08:00) -- login refresh error -- reason:Error: No location header for redirect
Wed Aug 19 2020 03:02:00 GMT+0800 (GMT+08:00) -- login refresh error -- reason:Error: No location header for redirect
Wed Aug 19 2020 03:04:00 GMT+0800 (GMT+08:00) -- login refresh error -- reason:Error: No location header for redirect
Wed Aug 19 2020 03:06:00 GMT+0800 (GMT+08:00) -- login refresh error -- reason:Error: No location header for redirect
Wed Aug 19 2020 03:08:00 GMT+0800 (GMT+08:00) -- login refresh error -- reason:Error: No location header for redirect
Wed Aug 19 2020 03:10:00 GMT+0800 (GMT+08:00) -- login refresh error -- reason:Error: No location header for redirect
Wed Aug 19 2020 03:12:00 GMT+0800 (GMT+08:00) -- login refresh error -- reason:Error: No location header for redirect
Wed Aug 19 2020 03:14:00 GMT+0800 (GMT+08:00) -- login refresh error -- reason:Error: No location header for redirect
Wed Aug 19 2020 03:16:00 GMT+0800 (GMT+08:00) -- login refresh error -- reason:Error: No location header for redirect
Wed Aug 19 2020 03:18:00 GMT+0800 (GMT+08:00) -- login refresh error -- reason:Error: No location header for redirect
Wed Aug 19 2020 03:20:00 GMT+0800 (GMT+08:00) -- login refresh error -- reason:Error: No location header for redirect
Wed Aug 19 2020 03:22:00 GMT+0800 (GMT+08:00) -- login refresh error -- reason:Error: No location header for redirect
Wed Aug 19 2020 03:24:00 GMT+0800 (GMT+08:00) -- login refresh error -- reason:Error: No location header for redirect
Wed Aug 19 2020 03:26:00 GMT+0800 (GMT+08:00) -- login refresh error -- reason:Error: No location header for redirect
Wed Aug 19 2020 03:28:00 GMT+0800 (GMT+08:00) -- login refresh error -- reason:Error: No location header for redirect
Wed Aug 19 2020 03:30:00 GMT+0800 (GMT+08:00) -- login refresh error -- reason:Error: No location header for redirect
Wed Aug 19 2020 03:32:00 GMT+0800 (GMT+08:00) -- login refresh error -- reason:Error: No location header for redirect
Wed Aug 19 2020 03:34:00 GMT+0800 (GMT+08:00) -- login refresh error -- reason:Error: No location header for redirect
Wed Aug 19 2020 03:34:01 GMT+0800 (GMT+08:00) -- login refresh error -- reason:Error: No location header for redirect
Wed Aug 19 2020 03:36:00 GMT+0800 (GMT+08:00) -- login refresh error -- reason:Error: No location header for redirect
Wed Aug 19 2020 03:38:00 GMT+0800 (GMT+08:00) -- login refresh error -- reason:Error: No location header for redirect
Wed Aug 19 2020 03:40:00 GMT+0800 (GMT+08:00) -- login refresh error -- reason:Error: No location header for redirect
Wed Aug 19 2020 03:42:00 GMT+0800 (GMT+08:00) -- login refresh error -- reason:Error: No location header for redirect
Wed Aug 19 2020 03:44:00 GMT+0800 (GMT+08:00) -- login refresh error -- reason:Error: No location header for redirect
Wed Aug 19 2020 03:46:00 GMT+0800 (GMT+08:00) -- login refresh error -- reason:Error: No location header for redirect
Wed Aug 19 2020 03:48:00 GMT+0800 (GMT+08:00) -- login refresh error -- reason:Error: No location header for redirect
Wed Aug 19 2020 03:50:00 GMT+0800 (GMT+08:00) -- login refresh error -- reason:Error: No location header for redirect
Wed Aug 19 2020 03:52:00 GMT+0800 (GMT+08:00) -- login refresh error -- reason:Error: No location header for redirect
Wed Aug 19 2020 03:54:00 GMT+0800 (GMT+08:00) -- login refresh error -- reason:Error: No location header for redirect
Wed Aug 19 2020 03:56:00 GMT+0800 (GMT+08:00) -- login refresh error -- reason:Error: No location header for redirect
Wed Aug 19 2020 03:58:00 GMT+0800 (GMT+08:00) -- login refresh error -- reason:Error: No location header for redirect
Wed Aug 19 2020 04:00:00 GMT+0800 (GMT+08:00) -- login refresh error -- reason:Error: No location header for redirect
Wed Aug 19 2020 04:02:00 GMT+0800 (GMT+08:00) -- login refresh error -- reason:Error: No location header for redirect
Wed Aug 19 2020 04:04:00 GMT+0800 (GMT+08:00) -- login refresh error -- reason:Error: No location header for redirect
Wed Aug 19 2020 04:06:00 GMT+0800 (GMT+08:00) -- login refresh error -- reason:Error: No location header for redirect
Wed Aug 19 2020 04:08:00 GMT+0800 (GMT+08:00) -- login refresh error -- reason:Error: No location header for redirect
Wed Aug 19 2020 04:10:00 GMT+0800 (GMT+08:00) -- login refresh error -- reason:Error: No location header for redirect
Wed Aug 19 2020 04:12:00 GMT+0800 (GMT+08:00) -- login refresh error -- reason:Error: No location header for redirect
Wed Aug 19 2020 04:14:00 GMT+0800 (GMT+08:00) -- login refresh error -- reason:Error: No location header for redirect
Wed Aug 19 2020 04:16:00 GMT+0800 (GMT+08:00) -- login refresh error -- reason:Error: No location header for redirect
Wed Aug 19 2020 04:18:00 GMT+0800 (GMT+08:00) -- login refresh error -- reason:Error: No location header for redirect
Wed Aug 19 2020 04:20:00 GMT+0800 (GMT+08:00) -- login refresh error -- reason:Error: No location header for redirect
Wed Aug 19 2020 04:22:00 GMT+0800 (GMT+08:00) -- login refresh error -- reason:Error: No location header for redirect
Wed Aug 19 2020 04:24:00 GMT+0800 (GMT+08:00) -- login refresh error -- reason:Error: No location header for redirect
Wed Aug 19 2020 04:26:00 GMT+0800 (GMT+08:00) -- login refresh error -- reason:Error: No location header for redirect
Wed Aug 19 2020 04:28:00 GMT+0800 (GMT+08:00) -- login refresh error -- reason:Error: No location header for redirect
Wed Aug 19 2020 04:30:00 GMT+0800 (GMT+08:00) -- login refresh error -- reason:Error: No location header for redirect
Wed Aug 19 2020 04:32:00 GMT+0800 (GMT+08:00) -- login refresh error -- reason:Error: No location header for redirect
Wed Aug 19 2020 04:34:00 GMT+0800 (GMT+08:00) -- login refresh error -- reason:Error: No location header for redirect
Wed Aug 19 2020 04:36:00 GMT+0800 (GMT+08:00) -- login refresh error -- reason:Error: No location header for redirect
Wed Aug 19 2020 04:38:00 GMT+0800 (GMT+08:00) -- login refresh error -- reason:Error: No location header for redirect
Wed Aug 19 2020 04:40:00 GMT+0800 (GMT+08:00) -- login refresh error -- reason:Error: No location header for redirect
Wed Aug 19 2020 04:42:00 GMT+0800 (GMT+08:00) -- login refresh error -- reason:Error: No location header for redirect
Wed Aug 19 2020 04:44:00 GMT+0800 (GMT+08:00) -- login refresh error -- reason:Error: No location header for redirect
Wed Aug 19 2020 04:46:00 GMT+0800 (GMT+08:00) -- login refresh error -- reason:Error: No location header for redirect
Wed Aug 19 2020 04:48:00 GMT+0800 (GMT+08:00) -- login refresh error -- reason:Error: No location header for redirect
Wed Aug 19 2020 04:50:00 GMT+0800 (GMT+08:00) -- login refresh error -- reason:Error: No location header for redirect
Wed Aug 19 2020 04:52:00 GMT+0800 (GMT+08:00) -- login refresh error -- reason:Error: No location header for redirect
Wed Aug 19 2020 04:54:00 GMT+0800 (GMT+08:00) -- login refresh error -- reason:Error: No location header for redirect
Wed Aug 19 2020 04:56:00 GMT+0800 (GMT+08:00) -- login refresh error -- reason:Error: No location header for redirect
Wed Aug 19 2020 04:58:00 GMT+0800 (GMT+08:00) -- login refresh error -- reason:Error: No location header for redirect
Wed Aug 19 2020 05:00:00 GMT+0800 (GMT+08:00) -- login refresh error -- reason:Error: No location header for redirect
Wed Aug 19 2020 05:02:00 GMT+0800 (GMT+08:00) -- login refresh error -- reason:Error: No location header for redirect
Wed Aug 19 2020 05:04:00 GMT+0800 (GMT+08:00) -- login refresh error -- reason:Error: No location header for redirect
Wed Aug 19 2020 05:06:00 GMT+0800 (GMT+08:00) -- login refresh error -- reason:Error: No location header for redirect
Wed Aug 19 2020 05:08:00 GMT+0800 (GMT+08:00) -- login refresh error -- reason:Error: No location header for redirect
Wed Aug 19 2020 05:10:00 GMT+0800 (GMT+08:00) -- login refresh error -- reason:Error: No location header for redirect
Wed Aug 19 2020 05:12:00 GMT+0800 (GMT+08:00) -- login refresh error -- reason:Error: No location header for redirect
Wed Aug 19 2020 05:14:00 GMT+0800 (GMT+08:00) -- login refresh error -- reason:Error: No location header for redirect
Wed Aug 19 2020 05:16:00 GMT+0800 (GMT+08:00) -- login refresh error -- reason:Error: No location header for redirect
Wed Aug 19 2020 05:18:00 GMT+0800 (GMT+08:00) -- login refresh error -- reason:Error: No location header for redirect
Wed Aug 19 2020 05:20:00 GMT+0800 (GMT+08:00) -- login refresh error -- reason:Error: No location header for redirect
Wed Aug 19 2020 05:22:00 GMT+0800 (GMT+08:00) -- login refresh error -- reason:Error: No location header for redirect
Wed Aug 19 2020 05:24:00 GMT+0800 (GMT+08:00) -- login refresh error -- reason:Error: No location header for redirect
Wed Aug 19 2020 05:26:00 GMT+0800 (GMT+08:00) -- login refresh error -- reason:Error: No location header for redirect
Wed Aug 19 2020 05:28:00 GMT+0800 (GMT+08:00) -- login refresh error -- reason:Error: No location header for redirect
Wed Aug 19 2020 05:30:00 GMT+0800 (GMT+08:00) -- login refresh error -- reason:Error: No location header for redirect
Wed Aug 19 2020 05:32:00 GMT+0800 (GMT+08:00) -- login refresh error -- reason:Error: No location header for redirect
Wed Aug 19 2020 05:34:00 GMT+0800 (GMT+08:00) -- login refresh error -- reason:Error: No location header for redirect
Wed Aug 19 2020 05:36:00 GMT+0800 (GMT+08:00) -- login refresh error -- reason:Error: No location header for redirect
Wed Aug 19 2020 05:38:00 GMT+0800 (GMT+08:00) -- login refresh error -- reason:Error: No location header for redirect
Wed Aug 19 2020 05:40:00 GMT+0800 (GMT+08:00) -- login refresh error -- reason:Error: No location header for redirect
Wed Aug 19 2020 05:42:00 GMT+0800 (GMT+08:00) -- login refresh error -- reason:Error: No location header for redirect
Wed Aug 19 2020 05:44:00 GMT+0800 (GMT+08:00) -- login refresh error -- reason:Error: No location header for redirect
Wed Aug 19 2020 05:46:00 GMT+0800 (GMT+08:00) -- login refresh error -- reason:Error: No location header for redirect
Wed Aug 19 2020 05:48:00 GMT+0800 (GMT+08:00) -- login refresh error -- reason:Error: No location header for redirect
Wed Aug 19 2020 05:50:00 GMT+0800 (GMT+08:00) -- login refresh error -- reason:Error: No location header for redirect
Wed Aug 19 2020 05:52:00 GMT+0800 (GMT+08:00) -- login refresh error -- reason:Error: No location header for redirect
Wed Aug 19 2020 05:54:00 GMT+0800 (GMT+08:00) -- login refresh error -- reason:Error: No location header for redirect
Wed Aug 19 2020 05:56:00 GMT+0800 (GMT+08:00) -- login refresh error -- reason:Error: No location header for redirect
Wed Aug 19 2020 05:58:00 GMT+0800 (GMT+08:00) -- login refresh error -- reason:Error: No location header for redirect
Wed Aug 19 2020 06:00:00 GMT+0800 (GMT+08:00) -- login refresh error -- reason:Error: No location header for redirect
Wed Aug 19 2020 06:02:00 GMT+0800 (GMT+08:00) -- login refresh error -- reason:Error: No location header for redirect
Wed Aug 19 2020 06:04:00 GMT+0800 (GMT+08:00) -- login refresh error -- reason:Error: No location header for redirect
Wed Aug 19 2020 06:06:00 GMT+0800 (GMT+08:00) -- login refresh error -- reason:Error: No location header for redirect
Wed Aug 19 2020 06:08:00 GMT+0800 (GMT+08:00) -- login refresh error -- reason:Error: No location header for redirect
Wed Aug 19 2020 06:10:00 GMT+0800 (GMT+08:00) -- login refresh error -- reason:Error: No location header for redirect
Wed Aug 19 2020 06:12:00 GMT+0800 (GMT+08:00) -- login refresh error -- reason:Error: No location header for redirect
Wed Aug 19 2020 06:14:00 GMT+0800 (GMT+08:00) -- login refresh error -- reason:Error: No location header for redirect
Wed Aug 19 2020 06:16:00 GMT+0800 (GMT+08:00) -- login refresh error -- reason:Error: No location header for redirect
Wed Aug 19 2020 06:18:00 GMT+0800 (GMT+08:00) -- login refresh error -- reason:Error: No location header for redirect
Wed Aug 19 2020 06:20:00 GMT+0800 (GMT+08:00) -- login refresh error -- reason:Error: No location header for redirect
Wed Aug 19 2020 06:22:00 GMT+0800 (GMT+08:00) -- login refresh error -- reason:Error: No location header for redirect
Wed Aug 19 2020 06:24:00 GMT+0800 (GMT+08:00) -- login refresh error -- reason:Error: No location header for redirect
Wed Aug 19 2020 06:26:00 GMT+0800 (GMT+08:00) -- login refresh error -- reason:Error: No location header for redirect
Wed Aug 19 2020 06:28:00 GMT+0800 (GMT+08:00) -- login refresh error -- reason:Error: No location header for redirect
Wed Aug 19 2020 06:30:00 GMT+0800 (GMT+08:00) -- login refresh error -- reason:Error: No location header for redirect
Wed Aug 19 2020 06:32:00 GMT+0800 (GMT+08:00) -- login refresh error -- reason:Error: No location header for redirect
Wed Aug 19 2020 06:34:00 GMT+0800 (GMT+08:00) -- login refresh error -- reason:Error: No location header for redirect
Wed Aug 19 2020 06:36:00 GMT+0800 (GMT+08:00) -- login refresh error -- reason:Error: No location header for redirect
Wed Aug 19 2020 06:38:00 GMT+0800 (GMT+08:00) -- login refresh error -- reason:Error: No location header for redirect
Wed Aug 19 2020 06:40:00 GMT+0800 (GMT+08:00) -- login refresh error -- reason:Error: No location header for redirect
Wed Aug 19 2020 06:42:00 GMT+0800 (GMT+08:00) -- login refresh error -- reason:Error: No location header for redirect
Wed Aug 19 2020 06:44:00 GMT+0800 (GMT+08:00) -- login refresh error -- reason:Error: No location header for redirect
Wed Aug 19 2020 06:46:00 GMT+0800 (GMT+08:00) -- login refresh error -- reason:Error: No location header for redirect
Wed Aug 19 2020 06:48:00 GMT+0800 (GMT+08:00) -- login refresh error -- reason:Error: No location header for redirect
Wed Aug 19 2020 06:50:00 GMT+0800 (GMT+08:00) -- login refresh error -- reason:Error: No location header for redirect
Wed Aug 19 2020 06:52:00 GMT+0800 (GMT+08:00) -- login refresh error -- reason:Error: No location header for redirect
Wed Aug 19 2020 06:54:00 GMT+0800 (GMT+08:00) -- login refresh error -- reason:Error: No location header for redirect
Wed Aug 19 2020 06:56:00 GMT+0800 (GMT+08:00) -- login refresh error -- reason:Error: No location header for redirect
Wed Aug 19 2020 06:58:00 GMT+0800 (GMT+08:00) -- login refresh error -- reason:Error: No location header for redirect
Wed Aug 19 2020 07:00:00 GMT+0800 (GMT+08:00) -- login refresh error -- reason:Error: No location header for redirect
Wed Aug 19 2020 07:02:00 GMT+0800 (GMT+08:00) -- login refresh error -- reason:Error: No location header for redirect
Wed Aug 19 2020 07:04:00 GMT+0800 (GMT+08:00) -- login refresh error -- reason:Error: No location header for redirect
Wed Aug 19 2020 07:06:00 GMT+0800 (GMT+08:00) -- login refresh error -- reason:Error: No location header for redirect
Wed Aug 19 2020 07:08:00 GMT+0800 (GMT+08:00) -- login refresh error -- reason:Error: No location header for redirect
Wed Aug 19 2020 07:10:00 GMT+0800 (GMT+08:00) -- login refresh error -- reason:Error: No location header for redirect
Wed Aug 19 2020 07:12:00 GMT+0800 (GMT+08:00) -- login refresh error -- reason:Error: No location header for redirect
Wed Aug 19 2020 07:14:00 GMT+0800 (GMT+08:00) -- login refresh error -- reason:Error: No location header for redirect
Wed Aug 19 2020 07:16:00 GMT+0800 (GMT+08:00) -- login refresh error -- reason:Error: No location header for redirect
Wed Aug 19 2020 07:18:00 GMT+0800 (GMT+08:00) -- login refresh error -- reason:Error: No location header for redirect
Wed Aug 19 2020 07:20:00 GMT+0800 (GMT+08:00) -- login refresh error -- reason:Error: No location header for redirect
Wed Aug 19 2020 07:22:00 GMT+0800 (GMT+08:00) -- login refresh error -- reason:Error: No location header for redirect
Wed Aug 19 2020 07:24:00 GMT+0800 (GMT+08:00) -- login refresh error -- reason:Error: No location header for redirect
Wed Aug 19 2020 07:26:00 GMT+0800 (GMT+08:00) -- login refresh error -- reason:Error: No location header for redirect
Wed Aug 19 2020 07:28:00 GMT+0800 (GMT+08:00) -- login refresh error -- reason:Error: No location header for redirect
Wed Aug 19 2020 07:30:00 GMT+0800 (GMT+08:00) -- login refresh error -- reason:Error: No location header for redirect
Wed Aug 19 2020 07:32:00 GMT+0800 (GMT+08:00) -- login refresh error -- reason:Error: No location header for redirect
Wed Aug 19 2020 07:34:00 GMT+0800 (GMT+08:00) -- login refresh error -- reason:Error: No location header for redirect
Wed Aug 19 2020 07:36:00 GMT+0800 (GMT+08:00) -- login refresh error -- reason:Error: No location header for redirect
Wed Aug 19 2020 07:38:00 GMT+0800 (GMT+08:00) -- login refresh error -- reason:Error: No location header for redirect
Wed Aug 19 2020 07:40:00 GMT+0800 (GMT+08:00) -- login refresh error -- reason:Error: No location header for redirect
Wed Aug 19 2020 07:42:00 GMT+0800 (GMT+08:00) -- login refresh error -- reason:Error: No location header for redirect
Wed Aug 19 2020 07:44:00 GMT+0800 (GMT+08:00) -- login refresh error -- reason:Error: No location header for redirect
Wed Aug 19 2020 07:46:00 GMT+0800 (GMT+08:00) -- login refresh error -- reason:Error: No location header for redirect
Wed Aug 19 2020 07:48:00 GMT+0800 (GMT+08:00) -- login refresh error -- reason:Error: No location header for redirect
Wed Aug 19 2020 07:50:00 GMT+0800 (GMT+08:00) -- login refresh error -- reason:Error: No location header for redirect
Wed Aug 19 2020 07:52:00 GMT+0800 (GMT+08:00) -- login refresh error -- reason:Error: No location header for redirect
Wed Aug 19 2020 07:54:00 GMT+0800 (GMT+08:00) -- login refresh error -- reason:Error: No location header for redirect
Wed Aug 19 2020 07:56:00 GMT+0800 (GMT+08:00) -- login refresh error -- reason:Error: No location header for redirect
Wed Aug 19 2020 07:58:00 GMT+0800 (GMT+08:00) -- login refresh error -- reason:Error: No location header for redirect
Wed Aug 19 2020 08:00:00 GMT+0800 (GMT+08:00) -- login refresh error -- reason:Error: No location header for redirect
Wed Aug 19 2020 08:02:00 GMT+0800 (GMT+08:00) -- login refresh error -- reason:Error: No location header for redirect
Wed Aug 19 2020 08:04:00 GMT+0800 (GMT+08:00) -- login refresh error -- reason:Error: No location header for redirect
Wed Aug 19 2020 08:06:00 GMT+0800 (GMT+08:00) -- login refresh error -- reason:Error: No location header for redirect
Wed Aug 19 2020 08:08:00 GMT+0800 (GMT+08:00) -- login refresh error -- reason:Error: No location header for redirect
Wed Aug 19 2020 08:10:00 GMT+0800 (GMT+08:00) -- login refresh error -- reason:Error: No location header for redirect
Wed Aug 19 2020 08:12:00 GMT+0800 (GMT+08:00) -- login refresh error -- reason:Error: No location header for redirect
Wed Aug 19 2020 08:14:00 GMT+0800 (GMT+08:00) -- login refresh error -- reason:Error: No location header for redirect
Wed Aug 19 2020 08:16:00 GMT+0800 (GMT+08:00) -- login refresh error -- reason:Error: No location header for redirect
Wed Aug 19 2020 08:18:00 GMT+0800 (GMT+08:00) -- login refresh error -- reason:Error: No location header for redirect
Wed Aug 19 2020 08:20:00 GMT+0800 (GMT+08:00) -- login refresh error -- reason:Error: No location header for redirect
Wed Aug 19 2020 08:22:00 GMT+0800 (GMT+08:00) -- login refresh error -- reason:Error: No location header for redirect
Wed Aug 19 2020 08:24:00 GMT+0800 (GMT+08:00) -- login refresh error -- reason:Error: No location header for redirect
Wed Aug 19 2020 08:26:00 GMT+0800 (GMT+08:00) -- login refresh error -- reason:Error: No location header for redirect
Wed Aug 19 2020 08:28:00 GMT+0800 (GMT+08:00) -- login refresh error -- reason:Error: No location header for redirect
Wed Aug 19 2020 08:30:00 GMT+0800 (GMT+08:00) -- login refresh error -- reason:Error: No location header for redirect
Wed Aug 19 2020 08:32:00 GMT+0800 (GMT+08:00) -- login refresh error -- reason:Error: No location header for redirect
Wed Aug 19 2020 08:34:00 GMT+0800 (GMT+08:00) -- login refresh error -- reason:Error: No location header for redirect
Wed Aug 19 2020 08:36:00 GMT+0800 (GMT+08:00) -- login refresh error -- reason:Error: No location header for redirect
Wed Aug 19 2020 08:38:00 GMT+0800 (GMT+08:00) -- login refresh error -- reason:Error: No location header for redirect
Wed Aug 19 2020 08:40:00 GMT+0800 (GMT+08:00) -- login refresh error -- reason:Error: No location header for redirect
Wed Aug 19 2020 08:42:00 GMT+0800 (GMT+08:00) -- login refresh error -- reason:Error: No location header for redirect
Wed Aug 19 2020 08:44:00 GMT+0800 (GMT+08:00) -- login refresh error -- reason:Error: No location header for redirect
Wed Aug 19 2020 08:46:00 GMT+0800 (GMT+08:00) -- login refresh error -- reason:Error: No location header for redirect
Wed Aug 19 2020 08:48:00 GMT+0800 (GMT+08:00) -- login refresh error -- reason:Error: No location header for redirect
Wed Aug 19 2020 08:50:00 GMT+0800 (GMT+08:00) -- login refresh error -- reason:Error: No location header for redirect
Wed Aug 19 2020 08:52:00 GMT+0800 (GMT+08:00) -- login refresh error -- reason:Error: No location header for redirect
Wed Aug 19 2020 08:54:00 GMT+0800 (GMT+08:00) -- login refresh error -- reason:Error: No location header for redirect
Wed Aug 19 2020 08:56:00 GMT+0800 (GMT+08:00) -- login refresh error -- reason:Error: No location header for redirect
Wed Aug 19 2020 08:58:00 GMT+0800 (GMT+08:00) -- login refresh error -- reason:Error: No location header for redirect
Wed Aug 19 2020 09:00:00 GMT+0800 (GMT+08:00) -- login refresh error -- reason:Error: No location header for redirect
Wed Aug 19 2020 09:02:00 GMT+0800 (GMT+08:00) -- login refresh error -- reason:Error: No location header for redirect
Wed Aug 19 2020 09:04:00 GMT+0800 (GMT+08:00) -- login refresh error -- reason:Error: No location header for redirect
Wed Aug 19 2020 09:06:00 GMT+0800 (GMT+08:00) -- login refresh error -- reason:Error: No location header for redirect
Wed Aug 19 2020 09:08:00 GMT+0800 (GMT+08:00) -- login refresh error -- reason:Error: No location header for redirect
Wed Aug 19 2020 09:10:00 GMT+0800 (GMT+08:00) -- login refresh error -- reason:Error: No location header for redirect
Wed Aug 19 2020 09:12:00 GMT+0800 (GMT+08:00) -- login refresh error -- reason:Error: No location header for redirect
Wed Aug 19 2020 09:14:00 GMT+0800 (GMT+08:00) -- login refresh error -- reason:Error: No location header for redirect
Wed Aug 19 2020 09:16:00 GMT+0800 (GMT+08:00) -- login refresh error -- reason:Error: No location header for redirect
Wed Aug 19 2020 09:18:00 GMT+0800 (GMT+08:00) -- login refresh error -- reason:Error: No location header for redirect
Wed Aug 19 2020 09:20:00 GMT+0800 (GMT+08:00) -- login refresh error -- reason:Error: No location header for redirect
Wed Aug 19 2020 09:22:00 GMT+0800 (GMT+08:00) -- login refresh error -- reason:Error: No location header for redirect
Wed Aug 19 2020 09:24:00 GMT+0800 (GMT+08:00) -- login refresh error -- reason:Error: No location header for redirect
Wed Aug 19 2020 09:26:00 GMT+0800 (GMT+08:00) -- login refresh error -- reason:Error: No location header for redirect
Wed Aug 19 2020 09:28:00 GMT+0800 (GMT+08:00) -- login refresh error -- reason:Error: No location header for redirect
Wed Aug 19 2020 09:30:00 GMT+0800 (GMT+08:00) -- login refresh error -- reason:Error: No location header for redirect
Wed Aug 19 2020 09:32:00 GMT+0800 (GMT+08:00) -- login refresh error -- reason:Error: No location header for redirect
Wed Aug 19 2020 09:34:00 GMT+0800 (GMT+08:00) -- login refresh error -- reason:Error: No location header for redirect
Wed Aug 19 2020 09:36:00 GMT+0800 (GMT+08:00) -- login refresh error -- reason:Error: No location header for redirect
Wed Aug 19 2020 09:38:00 GMT+0800 (GMT+08:00) -- login refresh error -- reason:Error: No location header for redirect
Wed Aug 19 2020 09:40:00 GMT+0800 (GMT+08:00) -- login refresh error -- reason:Error: No location header for redirect
Wed Aug 19 2020 09:42:00 GMT+0800 (GMT+08:00) -- login refresh error -- reason:Error: No location header for redirect
Wed Aug 19 2020 09:44:00 GMT+0800 (GMT+08:00) -- login refresh error -- reason:Error: No location header for redirect
Wed Aug 19 2020 09:46:00 GMT+0800 (GMT+08:00) -- login refresh error -- reason:Error: No location header for redirect
Wed Aug 19 2020 09:48:00 GMT+0800 (GMT+08:00) -- login refresh error -- reason:Error: No location header for redirect
Wed Aug 19 2020 09:50:00 GMT+0800 (GMT+08:00) -- login refresh error -- reason:Error: No location header for redirect
Wed Aug 19 2020 09:52:00 GMT+0800 (GMT+08:00) -- login refresh error -- reason:Error: No location header for redirect
Wed Aug 19 2020 09:54:00 GMT+0800 (GMT+08:00) -- login refresh error -- reason:Error: No location header for redirect
Wed Aug 19 2020 09:56:00 GMT+0800 (GMT+08:00) -- login refresh error -- reason:Error: No location header for redirect
Wed Aug 19 2020 09:58:00 GMT+0800 (GMT+08:00) -- login refresh error -- reason:Error: No location header for redirect
Wed Aug 19 2020 10:00:00 GMT+0800 (GMT+08:00) -- login refresh error -- reason:Error: No location header for redirect
Wed Aug 19 2020 10:02:00 GMT+0800 (GMT+08:00) -- login refresh error -- reason:Error: No location header for redirect
Wed Aug 19 2020 10:04:00 GMT+0800 (GMT+08:00) -- login refresh error -- reason:Error: No location header for redirect
Wed Aug 19 2020 10:06:00 GMT+0800 (GMT+08:00) -- login refresh error -- reason:Error: No location header for redirect
Wed Aug 19 2020 10:08:00 GMT+0800 (GMT+08:00) -- login refresh error -- reason:Error: No location header for redirect
Wed Aug 19 2020 10:10:00 GMT+0800 (GMT+08:00) -- login refresh error -- reason:Error: No location header for redirect
Wed Aug 19 2020 10:12:00 GMT+0800 (GMT+08:00) -- login refresh error -- reason:Error: No location header for redirect
Wed Aug 19 2020 10:14:00 GMT+0800 (GMT+08:00) -- login refresh error -- reason:Error: No location header for redirect
Wed Aug 19 2020 10:16:00 GMT+0800 (GMT+08:00) -- login refresh error -- reason:Error: No location header for redirect
Wed Aug 19 2020 10:18:00 GMT+0800 (GMT+08:00) -- login refresh error -- reason:Error: No location header for redirect
Wed Aug 19 2020 10:20:00 GMT+0800 (GMT+08:00) -- login refresh error -- reason:Error: No location header for redirect
Wed Aug 19 2020 10:22:00 GMT+0800 (GMT+08:00) -- login refresh error -- reason:Error: No location header for redirect
Wed Aug 19 2020 10:24:00 GMT+0800 (GMT+08:00) -- login refresh error -- reason:Error: No location header for redirect
Wed Aug 19 2020 10:26:00 GMT+0800 (GMT+08:00) -- login refresh error -- reason:Error: No location header for redirect
Wed Aug 19 2020 10:28:00 GMT+0800 (GMT+08:00) -- login refresh error -- reason:Error: No location header for redirect
Wed Aug 19 2020 10:30:00 GMT+0800 (GMT+08:00) -- login refresh error -- reason:Error: No location header for redirect
Wed Aug 19 2020 10:32:00 GMT+0800 (GMT+08:00) -- login refresh error -- reason:Error: No location header for redirect
Wed Aug 19 2020 10:34:00 GMT+0800 (GMT+08:00) -- login refresh error -- reason:Error: No location header for redirect
Wed Aug 19 2020 10:36:00 GMT+0800 (GMT+08:00) -- login refresh error -- reason:Error: No location header for redirect
Wed Aug 19 2020 10:38:00 GMT+0800 (GMT+08:00) -- login refresh error -- reason:Error: No location header for redirect
Wed Aug 19 2020 10:40:00 GMT+0800 (GMT+08:00) -- login refresh error -- reason:Error: No location header for redirect
Wed Aug 19 2020 10:42:00 GMT+0800 (GMT+08:00) -- login refresh error -- reason:Error: No location header for redirect
Wed Aug 19 2020 10:44:00 GMT+0800 (GMT+08:00) -- login refresh error -- reason:Error: No location header for redirect
Wed Aug 19 2020 10:46:00 GMT+0800 (GMT+08:00) -- login refresh error -- reason:Error: No location header for redirect
Wed Aug 19 2020 10:48:00 GMT+0800 (GMT+08:00) -- login refresh error -- reason:Error: No location header for redirect
Wed Aug 19 2020 10:50:00 GMT+0800 (GMT+08:00) -- login refresh error -- reason:Error: No location header for redirect
Wed Aug 19 2020 10:52:00 GMT+0800 (GMT+08:00) -- login refresh error -- reason:Error: No location header for redirect
Wed Aug 19 2020 10:54:00 GMT+0800 (GMT+08:00) -- login refresh error -- reason:Error: No location header for redirect
Wed Aug 19 2020 10:56:00 GMT+0800 (GMT+08:00) -- login refresh error -- reason:Error: No location header for redirect
Wed Aug 19 2020 10:58:00 GMT+0800 (GMT+08:00) -- login refresh error -- reason:Error: No location header for redirect
Wed Aug 19 2020 11:00:00 GMT+0800 (GMT+08:00) -- login refresh error -- reason:Error: No location header for redirect
Wed Aug 19 2020 11:02:00 GMT+0800 (GMT+08:00) -- login refresh error -- reason:Error: No location header for redirect
Wed Aug 19 2020 11:04:00 GMT+0800 (GMT+08:00) -- login refresh error -- reason:Error: No location header for redirect
Wed Aug 19 2020 11:06:00 GMT+0800 (GMT+08:00) -- login refresh error -- reason:Error: No location header for redirect
Wed Aug 19 2020 11:08:00 GMT+0800 (GMT+08:00) -- login refresh error -- reason:Error: No location header for redirect
Wed Aug 19 2020 11:10:00 GMT+0800 (GMT+08:00) -- login refresh error -- reason:Error: No location header for redirect
Wed Aug 19 2020 11:12:00 GMT+0800 (GMT+08:00) -- login refresh error -- reason:Error: No location header for redirect
Wed Aug 19 2020 11:14:00 GMT+0800 (GMT+08:00) -- login refresh error -- reason:Error: No location header for redirect
Wed Aug 19 2020 11:16:00 GMT+0800 (GMT+08:00) -- login refresh error -- reason:Error: No location header for redirect
Wed Aug 19 2020 11:18:00 GMT+0800 (GMT+08:00) -- login refresh error -- reason:Error: No location header for redirect
Wed Aug 19 2020 11:20:00 GMT+0800 (GMT+08:00) -- login refresh error -- reason:Error: No location header for redirect
Wed Aug 19 2020 11:22:00 GMT+0800 (GMT+08:00) -- login refresh error -- reason:Error: No location header for redirect
Wed Aug 19 2020 11:24:00 GMT+0800 (GMT+08:00) -- login refresh error -- reason:Error: No location header for redirect
Wed Aug 19 2020 11:26:00 GMT+0800 (GMT+08:00) -- login refresh error -- reason:Error: No location header for redirect
Wed Aug 19 2020 11:28:00 GMT+0800 (GMT+08:00) -- login refresh error -- reason:Error: No location header for redirect
Wed Aug 19 2020 11:30:00 GMT+0800 (GMT+08:00) -- login refresh error -- reason:Error: No location header for redirect
Wed Aug 19 2020 11:32:00 GMT+0800 (GMT+08:00) -- login refresh error -- reason:Error: No location header for redirect
Wed Aug 19 2020 11:34:00 GMT+0800 (GMT+08:00) -- login refresh error -- reason:Error: No location header for redirect
Wed Aug 19 2020 11:36:00 GMT+0800 (GMT+08:00) -- login refresh error -- reason:Error: No location header for redirect
Wed Aug 19 2020 11:38:00 GMT+0800 (GMT+08:00) -- login refresh error -- reason:Error: No location header for redirect
Wed Aug 19 2020 11:40:00 GMT+0800 (GMT+08:00) -- login refresh error -- reason:Error: No location header for redirect
Wed Aug 19 2020 11:42:00 GMT+0800 (GMT+08:00) -- login refresh error -- reason:Error: No location header for redirect
Wed Aug 19 2020 11:44:00 GMT+0800 (GMT+08:00) -- login refresh error -- reason:Error: No location header for redirect
Wed Aug 19 2020 11:46:00 GMT+0800 (GMT+08:00) -- login refresh error -- reason:Error: No location header for redirect
Wed Aug 19 2020 11:48:00 GMT+0800 (GMT+08:00) -- login refresh error -- reason:Error: No location header for redirect
Wed Aug 19 2020 11:50:00 GMT+0800 (GMT+08:00) -- login refresh error -- reason:Error: No location header for redirect
Wed Aug 19 2020 11:52:00 GMT+0800 (GMT+08:00) -- login refresh error -- reason:Error: No location header for redirect
Wed Aug 19 2020 11:54:00 GMT+0800 (GMT+08:00) -- login refresh error -- reason:Error: No location header for redirect
Wed Aug 19 2020 11:56:00 GMT+0800 (GMT+08:00) -- login refresh error -- reason:Error: No location header for redirect
Wed Aug 19 2020 11:58:00 GMT+0800 (GMT+08:00) -- login refresh error -- reason:Error: No location header for redirect
Wed Aug 19 2020 12:00:00 GMT+0800 (GMT+08:00) -- login refresh error -- reason:Error: No location header for redirect
Wed Aug 19 2020 12:02:00 GMT+0800 (GMT+08:00) -- login refresh error -- reason:Error: No location header for redirect
Wed Aug 19 2020 12:04:00 GMT+0800 (GMT+08:00) -- login refresh error -- reason:Error: No location header for redirect
Wed Aug 19 2020 12:06:00 GMT+0800 (GMT+08:00) -- login refresh error -- reason:Error: No location header for redirect
Wed Aug 19 2020 12:08:00 GMT+0800 (GMT+08:00) -- login refresh error -- reason:Error: No location header for redirect
Wed Aug 19 2020 12:10:00 GMT+0800 (GMT+08:00) -- login refresh error -- reason:Error: No location header for redirect
Wed Aug 19 2020 12:12:00 GMT+0800 (GMT+08:00) -- login refresh error -- reason:Error: No location header for redirect
Wed Aug 19 2020 12:14:00 GMT+0800 (GMT+08:00) -- login refresh error -- reason:Error: No location header for redirect
Wed Aug 19 2020 12:16:00 GMT+0800 (GMT+08:00) -- login refresh error -- reason:Error: No location header for redirect
Wed Aug 19 2020 12:18:00 GMT+0800 (GMT+08:00) -- login refresh error -- reason:Error: No location header for redirect
Wed Aug 19 2020 12:20:00 GMT+0800 (GMT+08:00) -- login refresh error -- reason:Error: No location header for redirect
Wed Aug 19 2020 12:22:00 GMT+0800 (GMT+08:00) -- login refresh error -- reason:Error: No location header for redirect
Wed Aug 19 2020 12:24:00 GMT+0800 (GMT+08:00) -- login refresh error -- reason:Error: No location header for redirect
Wed Aug 19 2020 12:26:00 GMT+0800 (GMT+08:00) -- login refresh error -- reason:Error: No location header for redirect
Wed Aug 19 2020 12:28:00 GMT+0800 (GMT+08:00) -- login refresh error -- reason:Error: No location header for redirect
Wed Aug 19 2020 12:30:00 GMT+0800 (GMT+08:00) -- login refresh error -- reason:Error: No location header for redirect
Wed Aug 19 2020 12:32:00 GMT+0800 (GMT+08:00) -- login refresh error -- reason:Error: No location header for redirect
Wed Aug 19 2020 12:34:00 GMT+0800 (GMT+08:00) -- login refresh error -- reason:Error: No location header for redirect
Wed Aug 19 2020 12:36:00 GMT+0800 (GMT+08:00) -- login refresh error -- reason:Error: No location header for redirect
Wed Aug 19 2020 12:38:00 GMT+0800 (GMT+08:00) -- login refresh error -- reason:Error: No location header for redirect
Wed Aug 19 2020 12:40:00 GMT+0800 (GMT+08:00) -- login refresh error -- reason:Error: No location header for redirect
Wed Aug 19 2020 12:42:00 GMT+0800 (GMT+08:00) -- login refresh error -- reason:Error: No location header for redirect
Wed Aug 19 2020 12:44:00 GMT+0800 (GMT+08:00) -- login refresh error -- reason:Error: No location header for redirect
Wed Aug 19 2020 12:46:00 GMT+0800 (GMT+08:00) -- login refresh error -- reason:Error: No location header for redirect
Wed Aug 19 2020 12:48:00 GMT+0800 (GMT+08:00) -- login refresh error -- reason:Error: No location header for redirect
Wed Aug 19 2020 12:50:00 GMT+0800 (GMT+08:00) -- login refresh error -- reason:Error: No location header for redirect
Wed Aug 19 2020 12:52:00 GMT+0800 (GMT+08:00) -- login refresh error -- reason:Error: No location header for redirect
Wed Aug 19 2020 12:54:00 GMT+0800 (GMT+08:00) -- login refresh error -- reason:Error: No location header for redirect
Wed Aug 19 2020 12:56:00 GMT+0800 (GMT+08:00) -- login refresh error -- reason:Error: No location header for redirect
Wed Aug 19 2020 12:58:00 GMT+0800 (GMT+08:00) -- login refresh error -- reason:Error: No location header for redirect
Wed Aug 19 2020 13:00:00 GMT+0800 (GMT+08:00) -- login refresh error -- reason:Error: No location header for redirect
Wed Aug 19 2020 13:02:00 GMT+0800 (GMT+08:00) -- login refresh error -- reason:Error: No location header for redirect
Wed Aug 19 2020 13:04:00 GMT+0800 (GMT+08:00) -- login refresh error -- reason:Error: No location header for redirect
Wed Aug 19 2020 13:06:00 GMT+0800 (GMT+08:00) -- login refresh error -- reason:Error: No location header for redirect
Wed Aug 19 2020 13:08:00 GMT+0800 (GMT+08:00) -- login refresh error -- reason:Error: No location header for redirect
Wed Aug 19 2020 13:10:00 GMT+0800 (GMT+08:00) -- login refresh error -- reason:Error: No location header for redirect
Wed Aug 19 2020 13:12:00 GMT+0800 (GMT+08:00) -- login refresh error -- reason:Error: No location header for redirect
Wed Aug 19 2020 13:14:00 GMT+0800 (GMT+08:00) -- login refresh error -- reason:Error: No location header for redirect
Wed Aug 19 2020 13:16:00 GMT+0800 (GMT+08:00) -- login refresh error -- reason:Error: No location header for redirect
Wed Aug 19 2020 13:18:00 GMT+0800 (GMT+08:00) -- login refresh error -- reason:Error: No location header for redirect
Wed Aug 19 2020 13:20:00 GMT+0800 (GMT+08:00) -- login refresh error -- reason:Error: No location header for redirect
Wed Aug 19 2020 13:22:00 GMT+0800 (GMT+08:00) -- login refresh error -- reason:Error: No location header for redirect
Wed Aug 19 2020 13:24:00 GMT+0800 (GMT+08:00) -- login refresh error -- reason:Error: No location header for redirect
Wed Aug 19 2020 13:26:00 GMT+0800 (GMT+08:00) -- login refresh error -- reason:Error: No location header for redirect
Wed Aug 19 2020 13:28:00 GMT+0800 (GMT+08:00) -- login refresh error -- reason:Error: No location header for redirect
Wed Aug 19 2020 13:30:00 GMT+0800 (GMT+08:00) -- login refresh error -- reason:Error: No location header for redirect
Wed Aug 19 2020 13:32:00 GMT+0800 (GMT+08:00) -- login refresh error -- reason:Error: No location header for redirect
Wed Aug 19 2020 13:34:00 GMT+0800 (GMT+08:00) -- login refresh error -- reason:Error: No location header for redirect
Wed Aug 19 2020 13:36:00 GMT+0800 (GMT+08:00) -- login refresh error -- reason:Error: No location header for redirect
Wed Aug 19 2020 13:38:00 GMT+0800 (GMT+08:00) -- login refresh error -- reason:Error: No location header for redirect
Wed Aug 19 2020 13:40:00 GMT+0800 (GMT+08:00) -- login refresh error -- reason:Error: No location header for redirect
Wed Aug 19 2020 13:42:00 GMT+0800 (GMT+08:00) -- login refresh error -- reason:Error: No location header for redirect
Wed Aug 19 2020 13:44:00 GMT+0800 (GMT+08:00) -- login refresh error -- reason:Error: No location header for redirect
Wed Aug 19 2020 13:46:00 GMT+0800 (GMT+08:00) -- login refresh error -- reason:Error: No location header for redirect
Wed Aug 19 2020 13:48:00 GMT+0800 (GMT+08:00) -- login refresh error -- reason:Error: No location header for redirect
Wed Aug 19 2020 13:50:00 GMT+0800 (GMT+08:00) -- login refresh error -- reason:Error: No location header for redirect
Wed Aug 19 2020 13:52:00 GMT+0800 (GMT+08:00) -- login refresh error -- reason:Error: No location header for redirect
Wed Aug 19 2020 13:54:00 GMT+0800 (GMT+08:00) -- login refresh error -- reason:Error: No location header for redirect
Wed Aug 19 2020 13:56:00 GMT+0800 (GMT+08:00) -- login refresh error -- reason:Error: No location header for redirect
Wed Aug 19 2020 13:58:00 GMT+0800 (GMT+08:00) -- login refresh error -- reason:Error: No location header for redirect
Wed Aug 19 2020 14:00:00 GMT+0800 (GMT+08:00) -- login refresh error -- reason:Error: No location header for redirect
Wed Aug 19 2020 14:02:00 GMT+0800 (GMT+08:00) -- login refresh error -- reason:Error: No location header for redirect
Wed Aug 19 2020 14:04:00 GMT+0800 (GMT+08:00) -- login refresh error -- reason:Error: No location header for redirect
Wed Aug 19 2020 14:06:00 GMT+0800 (GMT+08:00) -- login refresh error -- reason:Error: No location header for redirect
Wed Aug 19 2020 14:08:00 GMT+0800 (GMT+08:00) -- login refresh error -- reason:Error: No location header for redirect
Wed Aug 19 2020 14:10:00 GMT+0800 (GMT+08:00) -- login refresh error -- reason:Error: No location header for redirect
Wed Aug 19 2020 14:12:00 GMT+0800 (GMT+08:00) -- login refresh error -- reason:Error: No location header for redirect
Wed Aug 19 2020 14:14:00 GMT+0800 (GMT+08:00) -- login refresh error -- reason:Error: No location header for redirect
Wed Aug 19 2020 14:16:00 GMT+0800 (GMT+08:00) -- login refresh error -- reason:Error: No location header for redirect
Wed Aug 19 2020 14:18:00 GMT+0800 (GMT+08:00) -- login refresh error -- reason:Error: No location header for redirect
Wed Aug 19 2020 14:20:00 GMT+0800 (GMT+08:00) -- login refresh error -- reason:Error: No location header for redirect
Wed Aug 19 2020 14:22:00 GMT+0800 (GMT+08:00) -- login refresh error -- reason:Error: No location header for redirect
Wed Aug 19 2020 14:24:00 GMT+0800 (GMT+08:00) -- login refresh error -- reason:Error: No location header for redirect
Wed Aug 19 2020 14:26:00 GMT+0800 (GMT+08:00) -- login refresh error -- reason:Error: No location header for redirect
Wed Aug 19 2020 14:28:00 GMT+0800 (GMT+08:00) -- login refresh error -- reason:Error: No location header for redirect
Wed Aug 19 2020 14:30:00 GMT+0800 (GMT+08:00) -- login refresh error -- reason:Error: No location header for redirect
Wed Aug 19 2020 14:32:00 GMT+0800 (GMT+08:00) -- login refresh error -- reason:Error: No location header for redirect
Wed Aug 19 2020 14:34:00 GMT+0800 (GMT+08:00) -- login refresh error -- reason:Error: No location header for redirect
Wed Aug 19 2020 14:36:00 GMT+0800 (GMT+08:00) -- login refresh error -- reason:Error: No location header for redirect
Wed Aug 19 2020 14:38:00 GMT+0800 (GMT+08:00) -- login refresh error -- reason:Error: No location header for redirect
Wed Aug 19 2020 14:40:00 GMT+0800 (GMT+08:00) -- login refresh error -- reason:Error: No location header for redirect
Wed Aug 19 2020 14:42:00 GMT+0800 (GMT+08:00) -- login refresh error -- reason:Error: No location header for redirect
Wed Aug 19 2020 14:44:00 GMT+0800 (GMT+08:00) -- login refresh error -- reason:Error: No location header for redirect
Wed Aug 19 2020 14:46:00 GMT+0800 (GMT+08:00) -- login refresh error -- reason:Error: No location header for redirect
Wed Aug 19 2020 14:48:00 GMT+0800 (GMT+08:00) -- login refresh error -- reason:Error: No location header for redirect
Wed Aug 19 2020 14:50:00 GMT+0800 (GMT+08:00) -- login refresh error -- reason:Error: No location header for redirect
Wed Aug 19 2020 14:52:00 GMT+0800 (GMT+08:00) -- login refresh error -- reason:Error: No location header for redirect
Wed Aug 19 2020 14:54:00 GMT+0800 (GMT+08:00) -- login refresh error -- reason:Error: No location header for redirect
Wed Aug 19 2020 14:56:00 GMT+0800 (GMT+08:00) -- login refresh error -- reason:Error: No location header for redirect
Wed Aug 19 2020 14:58:00 GMT+0800 (GMT+08:00) -- login refresh error -- reason:Error: No location header for redirect
Wed Aug 19 2020 15:00:00 GMT+0800 (GMT+08:00) -- login refresh error -- reason:Error: No location header for redirect
Wed Aug 19 2020 15:02:00 GMT+0800 (GMT+08:00) -- login refresh error -- reason:Error: No location header for redirect
Wed Aug 19 2020 15:04:00 GMT+0800 (GMT+08:00) -- login refresh error -- reason:Error: No location header for redirect
Wed Aug 19 2020 15:06:00 GMT+0800 (GMT+08:00) -- login refresh error -- reason:Error: No location header for redirect
Wed Aug 19 2020 15:08:00 GMT+0800 (GMT+08:00) -- login refresh error -- reason:Error: No location header for redirect
Wed Aug 19 2020 15:10:00 GMT+0800 (GMT+08:00) -- login refresh error -- reason:Error: No location header for redirect
Wed Aug 19 2020 15:12:00 GMT+0800 (GMT+08:00) -- login refresh error -- reason:Error: No location header for redirect
Wed Aug 19 2020 15:14:00 GMT+0800 (GMT+08:00) -- login refresh error -- reason:Error: No location header for redirect
Wed Aug 19 2020 15:16:00 GMT+0800 (GMT+08:00) -- login refresh error -- reason:Error: No location header for redirect
Wed Aug 19 2020 15:18:00 GMT+0800 (GMT+08:00) -- login refresh error -- reason:Error: No location header for redirect
Wed Aug 19 2020 15:20:00 GMT+0800 (GMT+08:00) -- login refresh error -- reason:Error: No location header for redirect
Wed Aug 19 2020 15:22:00 GMT+0800 (GMT+08:00) -- login refresh error -- reason:Error: No location header for redirect
Wed Aug 19 2020 15:24:00 GMT+0800 (GMT+08:00) -- login refresh error -- reason:Error: No location header for redirect
Wed Aug 19 2020 15:26:00 GMT+0800 (GMT+08:00) -- login refresh error -- reason:Error: No location header for redirect
Wed Aug 19 2020 15:28:00 GMT+0800 (GMT+08:00) -- login refresh error -- reason:Error: No location header for redirect
Wed Aug 19 2020 15:30:00 GMT+0800 (GMT+08:00) -- login refresh error -- reason:Error: No location header for redirect
Wed Aug 19 2020 15:32:00 GMT+0800 (GMT+08:00) -- login refresh error -- reason:Error: No location header for redirect
Wed Aug 19 2020 15:34:00 GMT+0800 (GMT+08:00) -- login refresh error -- reason:Error: No location header for redirect
Wed Aug 19 2020 15:36:00 GMT+0800 (GMT+08:00) -- login refresh error -- reason:Error: No location header for redirect
Wed Aug 19 2020 15:38:00 GMT+0800 (GMT+08:00) -- login refresh error -- reason:Error: No location header for redirect
Wed Aug 19 2020 15:40:00 GMT+0800 (GMT+08:00) -- login refresh error -- reason:Error: No location header for redirect
Wed Aug 19 2020 15:42:00 GMT+0800 (GMT+08:00) -- login refresh error -- reason:Error: No location header for redirect
Wed Aug 19 2020 15:44:00 GMT+0800 (GMT+08:00) -- login refresh error -- reason:Error: No location header for redirect
Wed Aug 19 2020 15:46:00 GMT+0800 (GMT+08:00) -- login refresh error -- reason:Error: No location header for redirect
Wed Aug 19 2020 15:48:00 GMT+0800 (GMT+08:00) -- login refresh error -- reason:Error: No location header for redirect
Wed Aug 19 2020 15:50:00 GMT+0800 (GMT+08:00) -- login refresh error -- reason:Error: No location header for redirect
Wed Aug 19 2020 15:52:00 GMT+0800 (GMT+08:00) -- login refresh error -- reason:Error: No location header for redirect
Wed Aug 19 2020 15:54:00 GMT+0800 (GMT+08:00) -- login refresh error -- reason:Error: No location header for redirect
Wed Aug 19 2020 15:56:00 GMT+0800 (GMT+08:00) -- login refresh error -- reason:Error: No location header for redirect
Wed Aug 19 2020 15:58:00 GMT+0800 (GMT+08:00) -- login refresh error -- reason:Error: No location header for redirect
Wed Aug 19 2020 16:00:00 GMT+0800 (GMT+08:00) -- login refresh error -- reason:Error: No location header for redirect
Wed Aug 19 2020 16:02:00 GMT+0800 (GMT+08:00) -- login refresh error -- reason:Error: No location header for redirect
Wed Aug 19 2020 16:04:00 GMT+0800 (GMT+08:00) -- login refresh error -- reason:Error: No location header for redirect
Wed Aug 19 2020 16:06:00 GMT+0800 (GMT+08:00) -- login refresh error -- reason:Error: No location header for redirect
Wed Aug 19 2020 16:08:00 GMT+0800 (GMT+08:00) -- login refresh error -- reason:Error: No location header for redirect
Wed Aug 19 2020 16:10:00 GMT+0800 (GMT+08:00) -- login refresh error -- reason:Error: No location header for redirect
Wed Aug 19 2020 16:12:00 GMT+0800 (GMT+08:00) -- login refresh error -- reason:Error: No location header for redirect
Wed Aug 19 2020 16:14:00 GMT+0800 (GMT+08:00) -- login refresh error -- reason:Error: No location header for redirect
Wed Aug 19 2020 16:16:00 GMT+0800 (GMT+08:00) -- login refresh error -- reason:Error: No location header for redirect
Wed Aug 19 2020 16:18:00 GMT+0800 (GMT+08:00) -- login refresh error -- reason:Error: No location header for redirect
Wed Aug 19 2020 16:20:00 GMT+0800 (GMT+08:00) -- login refresh error -- reason:Error: No location header for redirect
Wed Aug 19 2020 16:22:00 GMT+0800 (GMT+08:00) -- login refresh error -- reason:Error: No location header for redirect
Wed Aug 19 2020 16:24:00 GMT+0800 (GMT+08:00) -- login refresh error -- reason:Error: No location header for redirect
Wed Aug 19 2020 16:26:00 GMT+0800 (GMT+08:00) -- login refresh error -- reason:Error: No location header for redirect
Wed Aug 19 2020 16:28:00 GMT+0800 (GMT+08:00) -- login refresh error -- reason:Error: No location header for redirect
Wed Aug 19 2020 16:30:00 GMT+0800 (GMT+08:00) -- login refresh error -- reason:Error: No location header for redirect
Wed Aug 19 2020 16:32:00 GMT+0800 (GMT+08:00) -- login refresh error -- reason:Error: No location header for redirect
Wed Aug 19 2020 16:34:00 GMT+0800 (GMT+08:00) -- login refresh error -- reason:Error: No location header for redirect
Wed Aug 19 2020 16:36:00 GMT+0800 (GMT+08:00) -- login refresh error -- reason:Error: No location header for redirect
Wed Aug 19 2020 16:38:00 GMT+0800 (GMT+08:00) -- login refresh error -- reason:Error: No location header for redirect
Wed Aug 19 2020 16:40:00 GMT+0800 (GMT+08:00) -- login refresh error -- reason:Error: No location header for redirect
Wed Aug 19 2020 16:42:00 GMT+0800 (GMT+08:00) -- login refresh error -- reason:Error: No location header for redirect
Wed Aug 19 2020 16:44:00 GMT+0800 (GMT+08:00) -- login refresh error -- reason:Error: No location header for redirect
Wed Aug 19 2020 16:46:00 GMT+0800 (GMT+08:00) -- login refresh error -- reason:Error: No location header for redirect
Wed Aug 19 2020 16:48:00 GMT+0800 (GMT+08:00) -- login refresh error -- reason:Error: No location header for redirect
Wed Aug 19 2020 16:50:00 GMT+0800 (GMT+08:00) -- login refresh error -- reason:Error: No location header for redirect
Wed Aug 19 2020 16:52:00 GMT+0800 (GMT+08:00) -- login refresh error -- reason:Error: No location header for redirect
Wed Aug 19 2020 16:54:00 GMT+0800 (GMT+08:00) -- login refresh error -- reason:Error: No location header for redirect
Wed Aug 19 2020 16:56:00 GMT+0800 (GMT+08:00) -- login refresh error -- reason:Error: No location header for redirect
Wed Aug 19 2020 16:58:00 GMT+0800 (GMT+08:00) -- login refresh error -- reason:Error: No location header for redirect
Wed Aug 19 2020 17:00:00 GMT+0800 (GMT+08:00) -- login refresh error -- reason:Error: No location header for redirect
Wed Aug 19 2020 17:02:00 GMT+0800 (GMT+08:00) -- login refresh error -- reason:Error: No location header for redirect
Wed Aug 19 2020 17:04:00 GMT+0800 (GMT+08:00) -- login refresh error -- reason:Error: No location header for redirect
Wed Aug 19 2020 17:06:00 GMT+0800 (GMT+08:00) -- login refresh error -- reason:Error: No location header for redirect
Wed Aug 19 2020 17:08:00 GMT+0800 (GMT+08:00) -- login refresh error -- reason:Error: No location header for redirect
Wed Aug 19 2020 17:10:00 GMT+0800 (GMT+08:00) -- login refresh error -- reason:Error: No location header for redirect
Wed Aug 19 2020 17:12:00 GMT+0800 (GMT+08:00) -- login refresh error -- reason:Error: No location header for redirect
Wed Aug 19 2020 17:14:00 GMT+0800 (GMT+08:00) -- login refresh error -- reason:Error: No location header for redirect
Wed Aug 19 2020 17:16:00 GMT+0800 (GMT+08:00) -- login refresh error -- reason:Error: No location header for redirect
Wed Aug 19 2020 17:18:00 GMT+0800 (GMT+08:00) -- login refresh error -- reason:Error: No location header for redirect
Wed Aug 19 2020 17:20:00 GMT+0800 (GMT+08:00) -- login refresh error -- reason:Error: No location header for redirect
Wed Aug 19 2020 17:22:00 GMT+0800 (GMT+08:00) -- login refresh error -- reason:Error: No location header for redirect
Wed Aug 19 2020 17:24:00 GMT+0800 (GMT+08:00) -- login refresh error -- reason:Error: No location header for redirect
Wed Aug 19 2020 17:26:00 GMT+0800 (GMT+08:00) -- login refresh error -- reason:Error: No location header for redirect
Wed Aug 19 2020 17:28:00 GMT+0800 (GMT+08:00) -- login refresh error -- reason:Error: No location header for redirect
Wed Aug 19 2020 17:30:00 GMT+0800 (GMT+08:00) -- login refresh error -- reason:Error: No location header for redirect
Wed Aug 19 2020 17:32:00 GMT+0800 (GMT+08:00) -- login refresh error -- reason:Error: No location header for redirect
Wed Aug 19 2020 17:34:00 GMT+0800 (GMT+08:00) -- login refresh error -- reason:Error: No location header for redirect
Wed Aug 19 2020 17:36:00 GMT+0800 (GMT+08:00) -- login refresh error -- reason:Error: No location header for redirect
Wed Aug 19 2020 17:38:00 GMT+0800 (GMT+08:00) -- login refresh error -- reason:Error: No location header for redirect
Wed Aug 19 2020 17:40:00 GMT+0800 (GMT+08:00) -- login refresh error -- reason:Error: No location header for redirect
Wed Aug 19 2020 17:42:00 GMT+0800 (GMT+08:00) -- login refresh error -- reason:Error: No location header for redirect
Wed Aug 19 2020 17:44:00 GMT+0800 (GMT+08:00) -- login refresh error -- reason:Error: No location header for redirect
Wed Aug 19 2020 17:46:00 GMT+0800 (GMT+08:00) -- login refresh error -- reason:Error: No location header for redirect
Wed Aug 19 2020 17:48:00 GMT+0800 (GMT+08:00) -- login refresh error -- reason:Error: No location header for redirect
Wed Aug 19 2020 17:50:00 GMT+0800 (GMT+08:00) -- login refresh error -- reason:Error: No location header for redirect
Wed Aug 19 2020 17:52:00 GMT+0800 (GMT+08:00) -- login refresh error -- reason:Error: No location header for redirect
Wed Aug 19 2020 17:52:01 GMT+0800 (GMT+08:00) -- login refresh error -- reason:Error: No location header for redirect
Wed Aug 19 2020 17:54:00 GMT+0800 (GMT+08:00) -- login refresh error -- reason:Error: No location header for redirect
Wed Aug 19 2020 17:56:00 GMT+0800 (GMT+08:00) -- login refresh error -- reason:Error: No location header for redirect
Wed Aug 19 2020 17:58:00 GMT+0800 (GMT+08:00) -- login refresh error -- reason:Error: No location header for redirect
Wed Aug 19 2020 18:00:00 GMT+0800 (GMT+08:00) -- login refresh error -- reason:Error: No location header for redirect
Wed Aug 19 2020 18:02:00 GMT+0800 (GMT+08:00) -- login refresh error -- reason:Error: No location header for redirect
Wed Aug 19 2020 18:04:00 GMT+0800 (GMT+08:00) -- login refresh error -- reason:Error: No location header for redirect
Wed Aug 19 2020 18:06:00 GMT+0800 (GMT+08:00) -- login refresh error -- reason:Error: No location header for redirect
Wed Aug 19 2020 18:08:00 GMT+0800 (GMT+08:00) -- login refresh error -- reason:Error: No location header for redirect
Wed Aug 19 2020 18:10:00 GMT+0800 (GMT+08:00) -- login refresh error -- reason:Error: No location header for redirect
Wed Aug 19 2020 18:12:00 GMT+0800 (GMT+08:00) -- login refresh error -- reason:Error: No location header for redirect
Wed Aug 19 2020 18:14:00 GMT+0800 (GMT+08:00) -- login refresh error -- reason:Error: No location header for redirect
Wed Aug 19 2020 18:16:00 GMT+0800 (GMT+08:00) -- login refresh error -- reason:Error: No location header for redirect
Wed Aug 19 2020 18:18:00 GMT+0800 (GMT+08:00) -- login refresh error -- reason:Error: No location header for redirect
Wed Aug 19 2020 18:20:00 GMT+0800 (GMT+08:00) -- login refresh error -- reason:Error: No location header for redirect
Wed Aug 19 2020 18:22:00 GMT+0800 (GMT+08:00) -- login refresh error -- reason:Error: No location header for redirect
Wed Aug 19 2020 18:24:00 GMT+0800 (GMT+08:00) -- login refresh error -- reason:Error: No location header for redirect
Wed Aug 19 2020 18:26:00 GMT+0800 (GMT+08:00) -- login refresh error -- reason:Error: No location header for redirect
Wed Aug 19 2020 18:28:00 GMT+0800 (GMT+08:00) -- login refresh error -- reason:Error: No location header for redirect
Wed Aug 19 2020 18:30:00 GMT+0800 (GMT+08:00) -- login refresh error -- reason:Error: No location header for redirect
Wed Aug 19 2020 18:32:00 GMT+0800 (GMT+08:00) -- login refresh error -- reason:Error: No location header for redirect
Wed Aug 19 2020 18:34:00 GMT+0800 (GMT+08:00) -- login refresh error -- reason:Error: No location header for redirect
Wed Aug 19 2020 18:36:00 GMT+0800 (GMT+08:00) -- login refresh error -- reason:Error: No location header for redirect
Wed Aug 19 2020 18:38:00 GMT+0800 (GMT+08:00) -- login refresh error -- reason:Error: No location header for redirect
Wed Aug 19 2020 18:40:00 GMT+0800 (GMT+08:00) -- login refresh error -- reason:Error: No location header for redirect
Wed Aug 19 2020 18:42:00 GMT+0800 (GMT+08:00) -- login refresh error -- reason:Error: No location header for redirect
Wed Aug 19 2020 18:44:00 GMT+0800 (GMT+08:00) -- login refresh error -- reason:Error: No location header for redirect
Wed Aug 19 2020 18:46:00 GMT+0800 (GMT+08:00) -- login refresh error -- reason:Error: No location header for redirect
Wed Aug 19 2020 18:48:00 GMT+0800 (GMT+08:00) -- login refresh error -- reason:Error: No location header for redirect
Wed Aug 19 2020 18:50:00 GMT+0800 (GMT+08:00) -- login refresh error -- reason:Error: No location header for redirect
Wed Aug 19 2020 18:52:00 GMT+0800 (GMT+08:00) -- login refresh error -- reason:Error: No location header for redirect
Wed Aug 19 2020 18:54:00 GMT+0800 (GMT+08:00) -- login refresh error -- reason:Error: No location header for redirect
Wed Aug 19 2020 18:56:00 GMT+0800 (GMT+08:00) -- login refresh error -- reason:Error: No location header for redirect
Wed Aug 19 2020 18:58:00 GMT+0800 (GMT+08:00) -- login refresh error -- reason:Error: No location header for redirect
Wed Aug 19 2020 19:00:00 GMT+0800 (GMT+08:00) -- login refresh error -- reason:Error: No location header for redirect
Wed Aug 19 2020 19:02:00 GMT+0800 (GMT+08:00) -- login refresh error -- reason:Error: No location header for redirect
Wed Aug 19 2020 19:04:00 GMT+0800 (GMT+08:00) -- login refresh error -- reason:Error: No location header for redirect
Wed Aug 19 2020 19:06:00 GMT+0800 (GMT+08:00) -- login refresh error -- reason:Error: No location header for redirect
Wed Aug 19 2020 19:08:00 GMT+0800 (GMT+08:00) -- login refresh error -- reason:Error: No location header for redirect
Wed Aug 19 2020 19:10:00 GMT+0800 (GMT+08:00) -- login refresh error -- reason:Error: No location header for redirect
Wed Aug 19 2020 19:12:00 GMT+0800 (GMT+08:00) -- login refresh error -- reason:Error: No location header for redirect
Wed Aug 19 2020 19:14:00 GMT+0800 (GMT+08:00) -- login refresh error -- reason:Error: No location header for redirect
Wed Aug 19 2020 19:16:07 GMT+0800 (GMT+08:00) -- login refresh error -- reason:Error: No location header for redirect
Wed Aug 19 2020 19:18:00 GMT+0800 (GMT+08:00) -- login refresh error -- reason:Error: No location header for redirect
Wed Aug 19 2020 19:20:00 GMT+0800 (GMT+08:00) -- login refresh error -- reason:Error: No location header for redirect
Wed Aug 19 2020 19:22:00 GMT+0800 (GMT+08:00) -- login refresh error -- reason:Error: No location header for redirect
Wed Aug 19 2020 19:24:00 GMT+0800 (GMT+08:00) -- login refresh error -- reason:Error: No location header for redirect
Wed Aug 19 2020 19:26:00 GMT+0800 (GMT+08:00) -- login refresh error -- reason:Error: No location header for redirect
Wed Aug 19 2020 19:28:00 GMT+0800 (GMT+08:00) -- login refresh error -- reason:Error: No location header for redirect
Wed Aug 19 2020 19:30:00 GMT+0800 (GMT+08:00) -- login refresh error -- reason:Error: No location header for redirect
Wed Aug 19 2020 19:32:00 GMT+0800 (GMT+08:00) -- login refresh error -- reason:Error: No location header for redirect
Wed Aug 19 2020 19:34:00 GMT+0800 (GMT+08:00) -- login refresh error -- reason:Error: No location header for redirect
Wed Aug 19 2020 19:36:00 GMT+0800 (GMT+08:00) -- login refresh error -- reason:Error: No location header for redirect
Wed Aug 19 2020 19:38:00 GMT+0800 (GMT+08:00) -- login refresh error -- reason:Error: No location header for redirect
Wed Aug 19 2020 19:40:00 GMT+0800 (GMT+08:00) -- login refresh error -- reason:Error: No location header for redirect
Wed Aug 19 2020 19:42:00 GMT+0800 (GMT+08:00) -- login refresh error -- reason:Error: No location header for redirect
Wed Aug 19 2020 19:44:00 GMT+0800 (GMT+08:00) -- login refresh error -- reason:Error: No location header for redirect
Wed Aug 19 2020 19:46:00 GMT+0800 (GMT+08:00) -- login refresh error -- reason:Error: No location header for redirect
Wed Aug 19 2020 19:48:00 GMT+0800 (GMT+08:00) -- login refresh error -- reason:Error: No location header for redirect
Wed Aug 19 2020 19:50:00 GMT+0800 (GMT+08:00) -- login refresh error -- reason:Error: No location header for redirect
Wed Aug 19 2020 19:52:00 GMT+0800 (GMT+08:00) -- login refresh error -- reason:Error: No location header for redirect
Wed Aug 19 2020 19:54:00 GMT+0800 (GMT+08:00) -- login refresh error -- reason:Error: No location header for redirect
Wed Aug 19 2020 19:56:00 GMT+0800 (GMT+08:00) -- login refresh error -- reason:Error: No location header for redirect
Wed Aug 19 2020 19:58:00 GMT+0800 (GMT+08:00) -- login refresh error -- reason:Error: No location header for redirect
Wed Aug 19 2020 20:00:00 GMT+0800 (GMT+08:00) -- login refresh error -- reason:Error: No location header for redirect
Wed Aug 19 2020 20:02:00 GMT+0800 (GMT+08:00) -- login refresh error -- reason:Error: No location header for redirect
Wed Aug 19 2020 20:04:00 GMT+0800 (GMT+08:00) -- login refresh error -- reason:Error: No location header for redirect
Wed Aug 19 2020 20:06:00 GMT+0800 (GMT+08:00) -- login refresh error -- reason:Error: No location header for redirect
Wed Aug 19 2020 20:08:00 GMT+0800 (GMT+08:00) -- login refresh error -- reason:Error: No location header for redirect
Wed Aug 19 2020 20:10:00 GMT+0800 (GMT+08:00) -- login refresh error -- reason:Error: No location header for redirect
Wed Aug 19 2020 20:12:00 GMT+0800 (GMT+08:00) -- login refresh error -- reason:Error: No location header for redirect
Wed Aug 19 2020 20:14:00 GMT+0800 (GMT+08:00) -- login refresh error -- reason:Error: No location header for redirect
Wed Aug 19 2020 20:16:00 GMT+0800 (GMT+08:00) -- login refresh error -- reason:Error: No location header for redirect
Wed Aug 19 2020 20:18:00 GMT+0800 (GMT+08:00) -- login refresh error -- reason:Error: No location header for redirect
Wed Aug 19 2020 20:20:00 GMT+0800 (GMT+08:00) -- login refresh error -- reason:Error: No location header for redirect
Wed Aug 19 2020 20:22:00 GMT+0800 (GMT+08:00) -- login refresh error -- reason:Error: No location header for redirect
Wed Aug 19 2020 20:24:00 GMT+0800 (GMT+08:00) -- login refresh error -- reason:Error: No location header for redirect
Wed Aug 19 2020 20:26:00 GMT+0800 (GMT+08:00) -- login refresh error -- reason:Error: No location header for redirect
Wed Aug 19 2020 20:28:00 GMT+0800 (GMT+08:00) -- login refresh error -- reason:Error: No location header for redirect
Wed Aug 19 2020 20:30:00 GMT+0800 (GMT+08:00) -- login refresh error -- reason:Error: No location header for redirect
Wed Aug 19 2020 20:32:00 GMT+0800 (GMT+08:00) -- login refresh error -- reason:Error: No location header for redirect
Wed Aug 19 2020 20:34:00 GMT+0800 (GMT+08:00) -- login refresh error -- reason:Error: No location header for redirect
Wed Aug 19 2020 20:36:00 GMT+0800 (GMT+08:00) -- login refresh error -- reason:Error: No location header for redirect
Wed Aug 19 2020 20:38:00 GMT+0800 (GMT+08:00) -- login refresh error -- reason:Error: No location header for redirect
Wed Aug 19 2020 20:40:00 GMT+0800 (GMT+08:00) -- login refresh error -- reason:Error: No location header for redirect
Wed Aug 19 2020 20:42:00 GMT+0800 (GMT+08:00) -- login refresh error -- reason:Error: No location header for redirect
Wed Aug 19 2020 20:44:00 GMT+0800 (GMT+08:00) -- login refresh error -- reason:Error: No location header for redirect
Wed Aug 19 2020 20:46:00 GMT+0800 (GMT+08:00) -- login refresh error -- reason:Error: No location header for redirect
Wed Aug 19 2020 20:48:00 GMT+0800 (GMT+08:00) -- login refresh error -- reason:Error: No location header for redirect
Wed Aug 19 2020 20:50:00 GMT+0800 (GMT+08:00) -- login refresh error -- reason:Error: No location header for redirect
Wed Aug 19 2020 20:52:00 GMT+0800 (GMT+08:00) -- login refresh error -- reason:Error: No location header for redirect
Wed Aug 19 2020 20:54:00 GMT+0800 (GMT+08:00) -- login refresh error -- reason:Error: No location header for redirect
Wed Aug 19 2020 20:56:00 GMT+0800 (GMT+08:00) -- login refresh error -- reason:Error: No location header for redirect
Wed Aug 19 2020 20:58:00 GMT+0800 (GMT+08:00) -- login refresh error -- reason:Error: No location header for redirect
Wed Aug 19 2020 21:00:00 GMT+0800 (GMT+08:00) -- login refresh error -- reason:Error: No location header for redirect
Wed Aug 19 2020 21:02:00 GMT+0800 (GMT+08:00) -- login refresh error -- reason:Error: No location header for redirect
Wed Aug 19 2020 21:04:00 GMT+0800 (GMT+08:00) -- login refresh error -- reason:Error: No location header for redirect
Wed Aug 19 2020 21:06:00 GMT+0800 (GMT+08:00) -- login refresh error -- reason:Error: No location header for redirect
Wed Aug 19 2020 21:08:00 GMT+0800 (GMT+08:00) -- login refresh error -- reason:Error: No location header for redirect
Wed Aug 19 2020 21:10:00 GMT+0800 (GMT+08:00) -- login refresh error -- reason:Error: No location header for redirect
Wed Aug 19 2020 21:12:00 GMT+0800 (GMT+08:00) -- login refresh error -- reason:Error: No location header for redirect
Wed Aug 19 2020 21:14:00 GMT+0800 (GMT+08:00) -- login refresh error -- reason:Error: No location header for redirect
Wed Aug 19 2020 21:16:00 GMT+0800 (GMT+08:00) -- login refresh error -- reason:Error: No location header for redirect
Wed Aug 19 2020 21:18:00 GMT+0800 (GMT+08:00) -- login refresh error -- reason:Error: No location header for redirect
Wed Aug 19 2020 21:20:00 GMT+0800 (GMT+08:00) -- login refresh error -- reason:Error: No location header for redirect
Wed Aug 19 2020 21:22:00 GMT+0800 (GMT+08:00) -- login refresh error -- reason:Error: No location header for redirect
Wed Aug 19 2020 21:24:00 GMT+0800 (GMT+08:00) -- login refresh error -- reason:Error: No location header for redirect
Wed Aug 19 2020 21:26:00 GMT+0800 (GMT+08:00) -- login refresh error -- reason:Error: No location header for redirect
Wed Aug 19 2020 21:28:02 GMT+0800 (GMT+08:00) -- login refresh error -- reason:Error: No location header for redirect
Wed Aug 19 2020 21:30:00 GMT+0800 (GMT+08:00) -- login refresh error -- reason:Error: No location header for redirect
Wed Aug 19 2020 21:32:00 GMT+0800 (GMT+08:00) -- login refresh error -- reason:Error: No location header for redirect
Wed Aug 19 2020 21:34:00 GMT+0800 (GMT+08:00) -- login refresh error -- reason:Error: No location header for redirect
Wed Aug 19 2020 21:36:00 GMT+0800 (GMT+08:00) -- login refresh error -- reason:Error: No location header for redirect
Wed Aug 19 2020 21:38:00 GMT+0800 (GMT+08:00) -- login refresh error -- reason:Error: No location header for redirect
Wed Aug 19 2020 21:40:00 GMT+0800 (GMT+08:00) -- login refresh error -- reason:Error: No location header for redirect
Wed Aug 19 2020 21:42:00 GMT+0800 (GMT+08:00) -- login refresh error -- reason:Error: No location header for redirect
Wed Aug 19 2020 21:44:00 GMT+0800 (GMT+08:00) -- login refresh error -- reason:Error: No location header for redirect
Wed Aug 19 2020 21:46:00 GMT+0800 (GMT+08:00) -- login refresh error -- reason:Error: No location header for redirect
Wed Aug 19 2020 21:48:00 GMT+0800 (GMT+08:00) -- login refresh error -- reason:Error: No location header for redirect
Wed Aug 19 2020 21:50:00 GMT+0800 (GMT+08:00) -- login refresh error -- reason:Error: No location header for redirect
Wed Aug 19 2020 21:52:00 GMT+0800 (GMT+08:00) -- login refresh error -- reason:Error: No location header for redirect
Wed Aug 19 2020 21:54:00 GMT+0800 (GMT+08:00) -- login refresh error -- reason:Error: No location header for redirect
Wed Aug 19 2020 21:56:00 GMT+0800 (GMT+08:00) -- login refresh error -- reason:Error: No location header for redirect
Wed Aug 19 2020 21:58:00 GMT+0800 (GMT+08:00) -- login refresh error -- reason:Error: No location header for redirect
Wed Aug 19 2020 22:00:00 GMT+0800 (GMT+08:00) -- login refresh error -- reason:Error: No location header for redirect
Wed Aug 19 2020 22:02:00 GMT+0800 (GMT+08:00) -- login refresh error -- reason:Error: No location header for redirect
Wed Aug 19 2020 22:04:00 GMT+0800 (GMT+08:00) -- login refresh error -- reason:Error: No location header for redirect
Wed Aug 19 2020 22:06:00 GMT+0800 (GMT+08:00) -- login refresh error -- reason:Error: No location header for redirect
Wed Aug 19 2020 22:08:00 GMT+0800 (GMT+08:00) -- login refresh error -- reason:Error: No location header for redirect
Wed Aug 19 2020 22:10:00 GMT+0800 (GMT+08:00) -- login refresh error -- reason:Error: No location header for redirect
Wed Aug 19 2020 22:12:00 GMT+0800 (GMT+08:00) -- login refresh error -- reason:Error: No location header for redirect
Wed Aug 19 2020 22:14:00 GMT+0800 (GMT+08:00) -- login refresh error -- reason:Error: No location header for redirect
Wed Aug 19 2020 22:16:00 GMT+0800 (GMT+08:00) -- login refresh error -- reason:Error: No location header for redirect
Wed Aug 19 2020 22:18:00 GMT+0800 (GMT+08:00) -- login refresh error -- reason:Error: No location header for redirect
Wed Aug 19 2020 22:20:00 GMT+0800 (GMT+08:00) -- login refresh error -- reason:Error: No location header for redirect
Wed Aug 19 2020 22:22:00 GMT+0800 (GMT+08:00) -- login refresh error -- reason:Error: No location header for redirect
Wed Aug 19 2020 22:24:00 GMT+0800 (GMT+08:00) -- login refresh error -- reason:Error: No location header for redirect
Wed Aug 19 2020 22:26:00 GMT+0800 (GMT+08:00) -- login refresh error -- reason:Error: No location header for redirect
Wed Aug 19 2020 22:28:00 GMT+0800 (GMT+08:00) -- login refresh error -- reason:Error: No location header for redirect
Wed Aug 19 2020 22:30:00 GMT+0800 (GMT+08:00) -- login refresh error -- reason:Error: No location header for redirect
Wed Aug 19 2020 22:32:00 GMT+0800 (GMT+08:00) -- login refresh error -- reason:Error: No location header for redirect
Wed Aug 19 2020 22:34:00 GMT+0800 (GMT+08:00) -- login refresh error -- reason:Error: No location header for redirect
Wed Aug 19 2020 22:36:00 GMT+0800 (GMT+08:00) -- login refresh error -- reason:Error: No location header for redirect
Wed Aug 19 2020 22:38:00 GMT+0800 (GMT+08:00) -- login refresh error -- reason:Error: No location header for redirect
Wed Aug 19 2020 22:40:00 GMT+0800 (GMT+08:00) -- login refresh error -- reason:Error: No location header for redirect
Wed Aug 19 2020 22:42:00 GMT+0800 (GMT+08:00) -- login refresh error -- reason:Error: No location header for redirect
Wed Aug 19 2020 22:44:00 GMT+0800 (GMT+08:00) -- login refresh error -- reason:Error: No location header for redirect
Wed Aug 19 2020 22:46:00 GMT+0800 (GMT+08:00) -- login refresh error -- reason:Error: No location header for redirect
Wed Aug 19 2020 22:48:00 GMT+0800 (GMT+08:00) -- login refresh error -- reason:Error: No location header for redirect
Wed Aug 19 2020 22:50:00 GMT+0800 (GMT+08:00) -- login refresh error -- reason:Error: No location header for redirect
Wed Aug 19 2020 22:52:00 GMT+0800 (GMT+08:00) -- login refresh error -- reason:Error: No location header for redirect
Wed Aug 19 2020 22:54:00 GMT+0800 (GMT+08:00) -- login refresh error -- reason:Error: No location header for redirect
Wed Aug 19 2020 22:56:00 GMT+0800 (GMT+08:00) -- login refresh error -- reason:Error: No location header for redirect
Wed Aug 19 2020 22:58:00 GMT+0800 (GMT+08:00) -- login refresh error -- reason:Error: No location header for redirect
Wed Aug 19 2020 23:00:00 GMT+0800 (GMT+08:00) -- login refresh error -- reason:Error: No location header for redirect
Wed Aug 19 2020 23:02:00 GMT+0800 (GMT+08:00) -- login refresh error -- reason:Error: No location header for redirect
Wed Aug 19 2020 23:04:00 GMT+0800 (GMT+08:00) -- login refresh error -- reason:Error: No location header for redirect
Wed Aug 19 2020 23:06:00 GMT+0800 (GMT+08:00) -- login refresh error -- reason:Error: No location header for redirect
Wed Aug 19 2020 23:08:00 GMT+0800 (GMT+08:00) -- login refresh error -- reason:Error: No location header for redirect
Wed Aug 19 2020 23:10:00 GMT+0800 (GMT+08:00) -- login refresh error -- reason:Error: No location header for redirect
Wed Aug 19 2020 23:12:00 GMT+0800 (GMT+08:00) -- login refresh error -- reason:Error: No location header for redirect
Wed Aug 19 2020 23:14:00 GMT+0800 (GMT+08:00) -- login refresh error -- reason:Error: No location header for redirect
Wed Aug 19 2020 23:16:00 GMT+0800 (GMT+08:00) -- login refresh error -- reason:Error: No location header for redirect
Wed Aug 19 2020 23:18:00 GMT+0800 (GMT+08:00) -- login refresh error -- reason:Error: No location header for redirect
Wed Aug 19 2020 23:20:00 GMT+0800 (GMT+08:00) -- login refresh error -- reason:Error: No location header for redirect
Wed Aug 19 2020 23:22:00 GMT+0800 (GMT+08:00) -- login refresh error -- reason:Error: No location header for redirect
Wed Aug 19 2020 23:24:00 GMT+0800 (GMT+08:00) -- login refresh error -- reason:Error: No location header for redirect
Wed Aug 19 2020 23:26:00 GMT+0800 (GMT+08:00) -- login refresh error -- reason:Error: No location header for redirect
Wed Aug 19 2020 23:28:00 GMT+0800 (GMT+08:00) -- login refresh error -- reason:Error: No location header for redirect
Wed Aug 19 2020 23:30:00 GMT+0800 (GMT+08:00) -- login refresh error -- reason:Error: No location header for redirect
Wed Aug 19 2020 23:32:00 GMT+0800 (GMT+08:00) -- login refresh error -- reason:Error: No location header for redirect
Wed Aug 19 2020 23:34:00 GMT+0800 (GMT+08:00) -- login refresh error -- reason:Error: No location header for redirect
Wed Aug 19 2020 23:36:00 GMT+0800 (GMT+08:00) -- login refresh error -- reason:Error: No location header for redirect
Wed Aug 19 2020 23:38:00 GMT+0800 (GMT+08:00) -- login refresh error -- reason:Error: No location header for redirect
Wed Aug 19 2020 23:40:00 GMT+0800 (GMT+08:00) -- login refresh error -- reason:Error: No location header for redirect
Wed Aug 19 2020 23:42:00 GMT+0800 (GMT+08:00) -- login refresh error -- reason:Error: No location header for redirect
Wed Aug 19 2020 23:44:00 GMT+0800 (GMT+08:00) -- login refresh error -- reason:Error: No location header for redirect
Wed Aug 19 2020 23:46:00 GMT+0800 (GMT+08:00) -- login refresh error -- reason:Error: No location header for redirect
Wed Aug 19 2020 23:48:00 GMT+0800 (GMT+08:00) -- login refresh error -- reason:Error: No location header for redirect
Wed Aug 19 2020 23:50:00 GMT+0800 (GMT+08:00) -- login refresh error -- reason:Error: No location header for redirect
Wed Aug 19 2020 23:52:00 GMT+0800 (GMT+08:00) -- login refresh error -- reason:Error: No location header for redirect
Wed Aug 19 2020 23:54:00 GMT+0800 (GMT+08:00) -- login refresh error -- reason:Error: No location header for redirect
Wed Aug 19 2020 23:56:00 GMT+0800 (GMT+08:00) -- login refresh error -- reason:Error: No location header for redirect
Wed Aug 19 2020 23:58:00 GMT+0800 (GMT+08:00) -- login refresh error -- reason:Error: No location header for redirect
Thu Aug 20 2020 00:00:00 GMT+0800 (GMT+08:00) -- login refresh error -- reason:Error: No location header for redirect
Thu Aug 20 2020 00:02:00 GMT+0800 (GMT+08:00) -- login refresh error -- reason:Error: No location header for redirect
Thu Aug 20 2020 00:04:00 GMT+0800 (GMT+08:00) -- login refresh error -- reason:Error: No location header for redirect
Thu Aug 20 2020 00:06:00 GMT+0800 (GMT+08:00) -- login refresh error -- reason:Error: No location header for redirect
Thu Aug 20 2020 00:08:00 GMT+0800 (GMT+08:00) -- login refresh error -- reason:Error: No location header for redirect
Thu Aug 20 2020 00:10:00 GMT+0800 (GMT+08:00) -- login refresh error -- reason:Error: No location header for redirect
Thu Aug 20 2020 00:12:00 GMT+0800 (GMT+08:00) -- login refresh error -- reason:Error: No location header for redirect
Thu Aug 20 2020 00:14:00 GMT+0800 (GMT+08:00) -- login refresh error -- reason:Error: No location header for redirect
Thu Aug 20 2020 00:16:00 GMT+0800 (GMT+08:00) -- login refresh error -- reason:Error: No location header for redirect
Thu Aug 20 2020 00:18:00 GMT+0800 (GMT+08:00) -- login refresh error -- reason:Error: No location header for redirect
Thu Aug 20 2020 00:20:00 GMT+0800 (GMT+08:00) -- login refresh error -- reason:Error: No location header for redirect
Thu Aug 20 2020 00:22:00 GMT+0800 (GMT+08:00) -- login refresh error -- reason:Error: No location header for redirect
Thu Aug 20 2020 00:24:00 GMT+0800 (GMT+08:00) -- login refresh error -- reason:Error: No location header for redirect
Thu Aug 20 2020 00:26:00 GMT+0800 (GMT+08:00) -- login refresh error -- reason:Error: No location header for redirect
Thu Aug 20 2020 00:28:00 GMT+0800 (GMT+08:00) -- login refresh error -- reason:Error: No location header for redirect
Thu Aug 20 2020 00:30:00 GMT+0800 (GMT+08:00) -- login refresh error -- reason:Error: No location header for redirect
Thu Aug 20 2020 00:32:00 GMT+0800 (GMT+08:00) -- login refresh error -- reason:Error: No location header for redirect
Thu Aug 20 2020 00:34:00 GMT+0800 (GMT+08:00) -- login refresh error -- reason:Error: No location header for redirect
Thu Aug 20 2020 00:36:00 GMT+0800 (GMT+08:00) -- login refresh error -- reason:Error: No location header for redirect
Thu Aug 20 2020 00:38:00 GMT+0800 (GMT+08:00) -- login refresh error -- reason:Error: No location header for redirect
Thu Aug 20 2020 00:40:00 GMT+0800 (GMT+08:00) -- login refresh error -- reason:Error: No location header for redirect
Thu Aug 20 2020 00:42:00 GMT+0800 (GMT+08:00) -- login refresh error -- reason:Error: No location header for redirect
Thu Aug 20 2020 00:44:00 GMT+0800 (GMT+08:00) -- login refresh error -- reason:Error: No location header for redirect
Thu Aug 20 2020 00:46:00 GMT+0800 (GMT+08:00) -- login refresh error -- reason:Error: No location header for redirect
Thu Aug 20 2020 00:48:00 GMT+0800 (GMT+08:00) -- login refresh error -- reason:Error: No location header for redirect
Thu Aug 20 2020 00:50:00 GMT+0800 (GMT+08:00) -- login refresh error -- reason:Error: No location header for redirect
Thu Aug 20 2020 00:52:00 GMT+0800 (GMT+08:00) -- login refresh error -- reason:Error: No location header for redirect
Thu Aug 20 2020 00:54:00 GMT+0800 (GMT+08:00) -- login refresh error -- reason:Error: No location header for redirect
Thu Aug 20 2020 00:56:00 GMT+0800 (GMT+08:00) -- login refresh error -- reason:Error: No location header for redirect
Thu Aug 20 2020 00:58:00 GMT+0800 (GMT+08:00) -- login refresh error -- reason:Error: No location header for redirect
Thu Aug 20 2020 01:00:00 GMT+0800 (GMT+08:00) -- login refresh error -- reason:Error: No location header for redirect
Thu Aug 20 2020 01:02:00 GMT+0800 (GMT+08:00) -- login refresh error -- reason:Error: No location header for redirect
Thu Aug 20 2020 01:04:00 GMT+0800 (GMT+08:00) -- login refresh error -- reason:Error: No location header for redirect
Thu Aug 20 2020 01:06:00 GMT+0800 (GMT+08:00) -- login refresh error -- reason:Error: No location header for redirect
Thu Aug 20 2020 01:08:00 GMT+0800 (GMT+08:00) -- login refresh error -- reason:Error: No location header for redirect
Thu Aug 20 2020 01:10:00 GMT+0800 (GMT+08:00) -- login refresh error -- reason:Error: No location header for redirect
Thu Aug 20 2020 01:12:00 GMT+0800 (GMT+08:00) -- login refresh error -- reason:Error: No location header for redirect
Thu Aug 20 2020 01:14:00 GMT+0800 (GMT+08:00) -- login refresh error -- reason:Error: No location header for redirect
Thu Aug 20 2020 01:16:00 GMT+0800 (GMT+08:00) -- login refresh error -- reason:Error: No location header for redirect
Thu Aug 20 2020 01:18:00 GMT+0800 (GMT+08:00) -- login refresh error -- reason:Error: No location header for redirect
Thu Aug 20 2020 01:20:00 GMT+0800 (GMT+08:00) -- login refresh error -- reason:Error: No location header for redirect
Thu Aug 20 2020 01:22:00 GMT+0800 (GMT+08:00) -- login refresh error -- reason:Error: No location header for redirect
Thu Aug 20 2020 01:24:00 GMT+0800 (GMT+08:00) -- login refresh error -- reason:Error: No location header for redirect
Thu Aug 20 2020 01:26:00 GMT+0800 (GMT+08:00) -- login refresh error -- reason:Error: No location header for redirect
Thu Aug 20 2020 01:28:00 GMT+0800 (GMT+08:00) -- login refresh error -- reason:Error: No location header for redirect
Thu Aug 20 2020 01:30:00 GMT+0800 (GMT+08:00) -- login refresh error -- reason:Error: No location header for redirect
Thu Aug 20 2020 01:32:00 GMT+0800 (GMT+08:00) -- login refresh error -- reason:Error: No location header for redirect
Thu Aug 20 2020 01:34:00 GMT+0800 (GMT+08:00) -- login refresh error -- reason:Error: No location header for redirect
Thu Aug 20 2020 01:36:00 GMT+0800 (GMT+08:00) -- login refresh error -- reason:Error: No location header for redirect
Thu Aug 20 2020 01:38:00 GMT+0800 (GMT+08:00) -- login refresh error -- reason:Error: No location header for redirect
Thu Aug 20 2020 01:40:00 GMT+0800 (GMT+08:00) -- login refresh error -- reason:Error: No location header for redirect
Thu Aug 20 2020 01:42:00 GMT+0800 (GMT+08:00) -- login refresh error -- reason:Error: No location header for redirect
Thu Aug 20 2020 01:44:00 GMT+0800 (GMT+08:00) -- login refresh error -- reason:Error: No location header for redirect
Thu Aug 20 2020 01:46:00 GMT+0800 (GMT+08:00) -- login refresh error -- reason:Error: No location header for redirect
Thu Aug 20 2020 01:48:00 GMT+0800 (GMT+08:00) -- login refresh error -- reason:Error: No location header for redirect
Thu Aug 20 2020 01:50:00 GMT+0800 (GMT+08:00) -- login refresh error -- reason:Error: No location header for redirect
Thu Aug 20 2020 01:52:00 GMT+0800 (GMT+08:00) -- login refresh error -- reason:Error: No location header for redirect
Thu Aug 20 2020 01:54:00 GMT+0800 (GMT+08:00) -- login refresh error -- reason:Error: No location header for redirect
Thu Aug 20 2020 01:56:00 GMT+0800 (GMT+08:00) -- login refresh error -- reason:Error: No location header for redirect
Thu Aug 20 2020 01:56:01 GMT+0800 (GMT+08:00) -- login refresh error -- reason:Error: No location header for redirect
Thu Aug 20 2020 01:58:00 GMT+0800 (GMT+08:00) -- login refresh error -- reason:Error: No location header for redirect
Thu Aug 20 2020 02:00:00 GMT+0800 (GMT+08:00) -- login refresh error -- reason:Error: No location header for redirect
Thu Aug 20 2020 02:02:00 GMT+0800 (GMT+08:00) -- login refresh error -- reason:Error: No location header for redirect
Thu Aug 20 2020 02:04:00 GMT+0800 (GMT+08:00) -- login refresh error -- reason:Error: No location header for redirect
Thu Aug 20 2020 02:06:00 GMT+0800 (GMT+08:00) -- login refresh error -- reason:Error: No location header for redirect
Thu Aug 20 2020 02:08:00 GMT+0800 (GMT+08:00) -- login refresh error -- reason:Error: No location header for redirect
Thu Aug 20 2020 02:10:00 GMT+0800 (GMT+08:00) -- login refresh error -- reason:Error: No location header for redirect
Thu Aug 20 2020 02:12:00 GMT+0800 (GMT+08:00) -- login refresh error -- reason:Error: No location header for redirect
Thu Aug 20 2020 02:14:00 GMT+0800 (GMT+08:00) -- login refresh error -- reason:Error: No location header for redirect
Thu Aug 20 2020 02:16:00 GMT+0800 (GMT+08:00) -- login refresh error -- reason:Error: No location header for redirect
Thu Aug 20 2020 02:18:00 GMT+0800 (GMT+08:00) -- login refresh error -- reason:Error: No location header for redirect
Thu Aug 20 2020 02:20:00 GMT+0800 (GMT+08:00) -- login refresh error -- reason:Error: No location header for redirect
Thu Aug 20 2020 02:22:00 GMT+0800 (GMT+08:00) -- login refresh error -- reason:Error: No location header for redirect
Thu Aug 20 2020 02:24:00 GMT+0800 (GMT+08:00) -- login refresh error -- reason:Error: No location header for redirect
Thu Aug 20 2020 02:26:00 GMT+0800 (GMT+08:00) -- login refresh error -- reason:Error: No location header for redirect
Thu Aug 20 2020 02:28:00 GMT+0800 (GMT+08:00) -- login refresh error -- reason:Error: No location header for redirect
Thu Aug 20 2020 02:30:00 GMT+0800 (GMT+08:00) -- login refresh error -- reason:Error: No location header for redirect
Thu Aug 20 2020 02:32:00 GMT+0800 (GMT+08:00) -- login refresh error -- reason:Error: No location header for redirect
Thu Aug 20 2020 02:34:00 GMT+0800 (GMT+08:00) -- login refresh error -- reason:Error: No location header for redirect
Thu Aug 20 2020 02:36:00 GMT+0800 (GMT+08:00) -- login refresh error -- reason:Error: No location header for redirect
Thu Aug 20 2020 02:38:00 GMT+0800 (GMT+08:00) -- login refresh error -- reason:Error: No location header for redirect
Thu Aug 20 2020 02:40:00 GMT+0800 (GMT+08:00) -- login refresh error -- reason:Error: No location header for redirect
Thu Aug 20 2020 02:42:00 GMT+0800 (GMT+08:00) -- login refresh error -- reason:Error: No location header for redirect
Thu Aug 20 2020 02:44:00 GMT+0800 (GMT+08:00) -- login refresh error -- reason:Error: No location header for redirect
Thu Aug 20 2020 02:46:00 GMT+0800 (GMT+08:00) -- login refresh error -- reason:Error: No location header for redirect
Thu Aug 20 2020 02:48:00 GMT+0800 (GMT+08:00) -- login refresh error -- reason:Error: No location header for redirect
Thu Aug 20 2020 02:50:00 GMT+0800 (GMT+08:00) -- login refresh error -- reason:Error: No location header for redirect
Thu Aug 20 2020 02:52:00 GMT+0800 (GMT+08:00) -- login refresh error -- reason:Error: No location header for redirect
Thu Aug 20 2020 02:54:00 GMT+0800 (GMT+08:00) -- login refresh error -- reason:Error: No location header for redirect
Thu Aug 20 2020 02:56:00 GMT+0800 (GMT+08:00) -- login refresh error -- reason:Error: No location header for redirect
Thu Aug 20 2020 02:58:00 GMT+0800 (GMT+08:00) -- login refresh error -- reason:Error: No location header for redirect
Thu Aug 20 2020 03:00:00 GMT+0800 (GMT+08:00) -- login refresh error -- reason:Error: No location header for redirect
Thu Aug 20 2020 03:02:00 GMT+0800 (GMT+08:00) -- login refresh error -- reason:Error: No location header for redirect
Thu Aug 20 2020 03:04:00 GMT+0800 (GMT+08:00) -- login refresh error -- reason:Error: No location header for redirect
Thu Aug 20 2020 03:06:00 GMT+0800 (GMT+08:00) -- login refresh error -- reason:Error: No location header for redirect
Thu Aug 20 2020 03:08:00 GMT+0800 (GMT+08:00) -- login refresh error -- reason:Error: No location header for redirect
Thu Aug 20 2020 03:10:00 GMT+0800 (GMT+08:00) -- login refresh error -- reason:Error: No location header for redirect
Thu Aug 20 2020 03:12:00 GMT+0800 (GMT+08:00) -- login refresh error -- reason:Error: No location header for redirect
Thu Aug 20 2020 03:14:00 GMT+0800 (GMT+08:00) -- login refresh error -- reason:Error: No location header for redirect
Thu Aug 20 2020 03:16:00 GMT+0800 (GMT+08:00) -- login refresh error -- reason:Error: No location header for redirect
Thu Aug 20 2020 03:18:00 GMT+0800 (GMT+08:00) -- login refresh error -- reason:Error: No location header for redirect
Thu Aug 20 2020 03:20:00 GMT+0800 (GMT+08:00) -- login refresh error -- reason:Error: No location header for redirect
Thu Aug 20 2020 03:22:00 GMT+0800 (GMT+08:00) -- login refresh error -- reason:Error: No location header for redirect
Thu Aug 20 2020 03:24:00 GMT+0800 (GMT+08:00) -- login refresh error -- reason:Error: No location header for redirect
Thu Aug 20 2020 03:26:00 GMT+0800 (GMT+08:00) -- login refresh error -- reason:Error: No location header for redirect
Thu Aug 20 2020 03:28:00 GMT+0800 (GMT+08:00) -- login refresh error -- reason:Error: No location header for redirect
Thu Aug 20 2020 03:30:00 GMT+0800 (GMT+08:00) -- login refresh error -- reason:Error: No location header for redirect
Thu Aug 20 2020 03:32:00 GMT+0800 (GMT+08:00) -- login refresh error -- reason:Error: No location header for redirect
Thu Aug 20 2020 03:34:00 GMT+0800 (GMT+08:00) -- login refresh error -- reason:Error: No location header for redirect
Thu Aug 20 2020 03:36:00 GMT+0800 (GMT+08:00) -- login refresh error -- reason:Error: No location header for redirect
Thu Aug 20 2020 03:38:00 GMT+0800 (GMT+08:00) -- login refresh error -- reason:Error: No location header for redirect
Thu Aug 20 2020 03:40:00 GMT+0800 (GMT+08:00) -- login refresh error -- reason:Error: No location header for redirect
Thu Aug 20 2020 03:42:00 GMT+0800 (GMT+08:00) -- login refresh error -- reason:Error: No location header for redirect
Thu Aug 20 2020 03:44:00 GMT+0800 (GMT+08:00) -- login refresh error -- reason:Error: No location header for redirect
Thu Aug 20 2020 03:46:00 GMT+0800 (GMT+08:00) -- login refresh error -- reason:Error: No location header for redirect
Thu Aug 20 2020 03:48:00 GMT+0800 (GMT+08:00) -- login refresh error -- reason:Error: No location header for redirect
Thu Aug 20 2020 03:50:00 GMT+0800 (GMT+08:00) -- login refresh error -- reason:Error: No location header for redirect
Thu Aug 20 2020 03:52:00 GMT+0800 (GMT+08:00) -- login refresh error -- reason:Error: No location header for redirect
Thu Aug 20 2020 03:54:00 GMT+0800 (GMT+08:00) -- login refresh error -- reason:Error: No location header for redirect
Thu Aug 20 2020 03:56:00 GMT+0800 (GMT+08:00) -- login refresh error -- reason:Error: No location header for redirect
Thu Aug 20 2020 03:58:00 GMT+0800 (GMT+08:00) -- login refresh error -- reason:Error: No location header for redirect
Thu Aug 20 2020 04:00:00 GMT+0800 (GMT+08:00) -- login refresh error -- reason:Error: No location header for redirect
Thu Aug 20 2020 04:02:00 GMT+0800 (GMT+08:00) -- login refresh error -- reason:Error: No location header for redirect
Thu Aug 20 2020 04:04:00 GMT+0800 (GMT+08:00) -- login refresh error -- reason:Error: No location header for redirect
Thu Aug 20 2020 04:06:00 GMT+0800 (GMT+08:00) -- login refresh error -- reason:Error: No location header for redirect
Thu Aug 20 2020 04:08:00 GMT+0800 (GMT+08:00) -- login refresh error -- reason:Error: No location header for redirect
Thu Aug 20 2020 04:10:00 GMT+0800 (GMT+08:00) -- login refresh error -- reason:Error: No location header for redirect
Thu Aug 20 2020 04:12:00 GMT+0800 (GMT+08:00) -- login refresh error -- reason:Error: No location header for redirect
Thu Aug 20 2020 04:14:00 GMT+0800 (GMT+08:00) -- login refresh error -- reason:Error: No location header for redirect
Thu Aug 20 2020 04:16:00 GMT+0800 (GMT+08:00) -- login refresh error -- reason:Error: No location header for redirect
Thu Aug 20 2020 04:18:00 GMT+0800 (GMT+08:00) -- login refresh error -- reason:Error: No location header for redirect
Thu Aug 20 2020 04:20:00 GMT+0800 (GMT+08:00) -- login refresh error -- reason:Error: No location header for redirect
Thu Aug 20 2020 04:22:00 GMT+0800 (GMT+08:00) -- login refresh error -- reason:Error: No location header for redirect
Thu Aug 20 2020 04:24:00 GMT+0800 (GMT+08:00) -- login refresh error -- reason:Error: No location header for redirect
Thu Aug 20 2020 04:26:00 GMT+0800 (GMT+08:00) -- login refresh error -- reason:Error: No location header for redirect
Thu Aug 20 2020 04:28:00 GMT+0800 (GMT+08:00) -- login refresh error -- reason:Error: No location header for redirect
Thu Aug 20 2020 04:30:00 GMT+0800 (GMT+08:00) -- login refresh error -- reason:Error: No location header for redirect
Thu Aug 20 2020 04:32:00 GMT+0800 (GMT+08:00) -- login refresh error -- reason:Error: No location header for redirect
Thu Aug 20 2020 04:34:00 GMT+0800 (GMT+08:00) -- login refresh error -- reason:Error: No location header for redirect
Thu Aug 20 2020 04:36:00 GMT+0800 (GMT+08:00) -- login refresh error -- reason:Error: No location header for redirect
Thu Aug 20 2020 04:38:00 GMT+0800 (GMT+08:00) -- login refresh error -- reason:Error: No location header for redirect
Thu Aug 20 2020 04:40:00 GMT+0800 (GMT+08:00) -- login refresh error -- reason:Error: No location header for redirect
Thu Aug 20 2020 04:42:00 GMT+0800 (GMT+08:00) -- login refresh error -- reason:Error: No location header for redirect
Thu Aug 20 2020 04:44:00 GMT+0800 (GMT+08:00) -- login refresh error -- reason:Error: No location header for redirect
Thu Aug 20 2020 04:46:00 GMT+0800 (GMT+08:00) -- login refresh error -- reason:Error: No location header for redirect
Thu Aug 20 2020 04:48:00 GMT+0800 (GMT+08:00) -- login refresh error -- reason:Error: No location header for redirect
Thu Aug 20 2020 04:50:00 GMT+0800 (GMT+08:00) -- login refresh error -- reason:Error: No location header for redirect
Thu Aug 20 2020 04:52:00 GMT+0800 (GMT+08:00) -- login refresh error -- reason:Error: No location header for redirect
Thu Aug 20 2020 04:54:00 GMT+0800 (GMT+08:00) -- login refresh error -- reason:Error: No location header for redirect
Thu Aug 20 2020 04:56:00 GMT+0800 (GMT+08:00) -- login refresh error -- reason:Error: No location header for redirect
Thu Aug 20 2020 04:58:00 GMT+0800 (GMT+08:00) -- login refresh error -- reason:Error: No location header for redirect
Thu Aug 20 2020 05:00:00 GMT+0800 (GMT+08:00) -- login refresh error -- reason:Error: No location header for redirect
Thu Aug 20 2020 05:02:00 GMT+0800 (GMT+08:00) -- login refresh error -- reason:Error: No location header for redirect
Thu Aug 20 2020 05:04:00 GMT+0800 (GMT+08:00) -- login refresh error -- reason:Error: No location header for redirect
Thu Aug 20 2020 05:06:00 GMT+0800 (GMT+08:00) -- login refresh error -- reason:Error: No location header for redirect
Thu Aug 20 2020 05:08:00 GMT+0800 (GMT+08:00) -- login refresh error -- reason:Error: No location header for redirect
Thu Aug 20 2020 05:10:00 GMT+0800 (GMT+08:00) -- login refresh error -- reason:Error: No location header for redirect
Thu Aug 20 2020 05:12:00 GMT+0800 (GMT+08:00) -- login refresh error -- reason:Error: No location header for redirect
Thu Aug 20 2020 05:14:00 GMT+0800 (GMT+08:00) -- login refresh error -- reason:Error: No location header for redirect
Thu Aug 20 2020 05:16:00 GMT+0800 (GMT+08:00) -- login refresh error -- reason:Error: No location header for redirect
Thu Aug 20 2020 05:18:00 GMT+0800 (GMT+08:00) -- login refresh error -- reason:Error: No location header for redirect
Thu Aug 20 2020 05:20:00 GMT+0800 (GMT+08:00) -- login refresh error -- reason:Error: No location header for redirect
Thu Aug 20 2020 05:22:00 GMT+0800 (GMT+08:00) -- login refresh error -- reason:Error: No location header for redirect
Thu Aug 20 2020 05:24:00 GMT+0800 (GMT+08:00) -- login refresh error -- reason:Error: No location header for redirect
Thu Aug 20 2020 05:26:00 GMT+0800 (GMT+08:00) -- login refresh error -- reason:Error: No location header for redirect
Thu Aug 20 2020 05:28:00 GMT+0800 (GMT+08:00) -- login refresh error -- reason:Error: No location header for redirect
Thu Aug 20 2020 05:30:00 GMT+0800 (GMT+08:00) -- login refresh error -- reason:Error: No location header for redirect
Thu Aug 20 2020 05:32:00 GMT+0800 (GMT+08:00) -- login refresh error -- reason:Error: No location header for redirect
Thu Aug 20 2020 05:34:00 GMT+0800 (GMT+08:00) -- login refresh error -- reason:Error: No location header for redirect
Thu Aug 20 2020 05:36:00 GMT+0800 (GMT+08:00) -- login refresh error -- reason:Error: No location header for redirect
Thu Aug 20 2020 05:38:00 GMT+0800 (GMT+08:00) -- login refresh error -- reason:Error: No location header for redirect
Thu Aug 20 2020 05:40:00 GMT+0800 (GMT+08:00) -- login refresh error -- reason:Error: No location header for redirect
Thu Aug 20 2020 05:42:00 GMT+0800 (GMT+08:00) -- login refresh error -- reason:Error: No location header for redirect
Thu Aug 20 2020 05:44:00 GMT+0800 (GMT+08:00) -- login refresh error -- reason:Error: No location header for redirect
Thu Aug 20 2020 05:46:00 GMT+0800 (GMT+08:00) -- login refresh error -- reason:Error: No location header for redirect
Thu Aug 20 2020 05:48:00 GMT+0800 (GMT+08:00) -- login refresh error -- reason:Error: No location header for redirect
Thu Aug 20 2020 05:50:00 GMT+0800 (GMT+08:00) -- login refresh error -- reason:Error: No location header for redirect
Thu Aug 20 2020 05:52:00 GMT+0800 (GMT+08:00) -- login refresh error -- reason:Error: No location header for redirect
Thu Aug 20 2020 05:54:00 GMT+0800 (GMT+08:00) -- login refresh error -- reason:Error: No location header for redirect
Thu Aug 20 2020 05:56:00 GMT+0800 (GMT+08:00) -- login refresh error -- reason:Error: No location header for redirect
Thu Aug 20 2020 05:58:00 GMT+0800 (GMT+08:00) -- login refresh error -- reason:Error: No location header for redirect
Thu Aug 20 2020 06:00:00 GMT+0800 (GMT+08:00) -- login refresh error -- reason:Error: No location header for redirect
Thu Aug 20 2020 06:02:00 GMT+0800 (GMT+08:00) -- login refresh error -- reason:Error: No location header for redirect
Thu Aug 20 2020 06:04:00 GMT+0800 (GMT+08:00) -- login refresh error -- reason:Error: No location header for redirect
Thu Aug 20 2020 06:06:00 GMT+0800 (GMT+08:00) -- login refresh error -- reason:Error: No location header for redirect
Thu Aug 20 2020 06:08:00 GMT+0800 (GMT+08:00) -- login refresh error -- reason:Error: No location header for redirect
Thu Aug 20 2020 06:10:00 GMT+0800 (GMT+08:00) -- login refresh error -- reason:Error: No location header for redirect
Thu Aug 20 2020 06:12:00 GMT+0800 (GMT+08:00) -- login refresh error -- reason:Error: No location header for redirect
Thu Aug 20 2020 06:14:00 GMT+0800 (GMT+08:00) -- login refresh error -- reason:Error: No location header for redirect
Thu Aug 20 2020 06:16:00 GMT+0800 (GMT+08:00) -- login refresh error -- reason:Error: No location header for redirect
Thu Aug 20 2020 06:18:00 GMT+0800 (GMT+08:00) -- login refresh error -- reason:Error: No location header for redirect
Thu Aug 20 2020 06:20:00 GMT+0800 (GMT+08:00) -- login refresh error -- reason:Error: No location header for redirect
Thu Aug 20 2020 06:22:00 GMT+0800 (GMT+08:00) -- login refresh error -- reason:Error: No location header for redirect
Thu Aug 20 2020 06:24:00 GMT+0800 (GMT+08:00) -- login refresh error -- reason:Error: No location header for redirect
Thu Aug 20 2020 06:26:00 GMT+0800 (GMT+08:00) -- login refresh error -- reason:Error: No location header for redirect
Thu Aug 20 2020 06:28:21 GMT+0800 (GMT+08:00) -- login refresh error -- reason:Error: Bad Gateway
Thu Aug 20 2020 06:30:21 GMT+0800 (GMT+08:00) -- login refresh error -- reason:Error: Bad Gateway
Thu Aug 20 2020 06:32:21 GMT+0800 (GMT+08:00) -- login refresh error -- reason:Error: Bad Gateway
Thu Aug 20 2020 06:34:11 GMT+0800 (GMT+08:00) -- login refresh error -- reason:Error: Bad Gateway
Thu Aug 20 2020 06:36:00 GMT+0800 (GMT+08:00) -- login refresh error -- reason:Error: Bad Gateway
Thu Aug 20 2020 06:38:11 GMT+0800 (GMT+08:00) -- login refresh error -- reason:Error: Bad Gateway
Thu Aug 20 2020 06:40:11 GMT+0800 (GMT+08:00) -- login refresh error -- reason:Error: Bad Gateway
Thu Aug 20 2020 06:42:11 GMT+0800 (GMT+08:00) -- login refresh error -- reason:Error: Bad Gateway
Thu Aug 20 2020 06:44:11 GMT+0800 (GMT+08:00) -- login refresh error -- reason:Error: Bad Gateway
Thu Aug 20 2020 06:46:11 GMT+0800 (GMT+08:00) -- login refresh error -- reason:Error: Bad Gateway
Thu Aug 20 2020 06:48:11 GMT+0800 (GMT+08:00) -- login refresh error -- reason:Error: Bad Gateway
Thu Aug 20 2020 06:50:11 GMT+0800 (GMT+08:00) -- login refresh error -- reason:Error: Bad Gateway
Thu Aug 20 2020 06:52:00 GMT+0800 (GMT+08:00) -- login refresh error -- reason:Error: No location header for redirect
Thu Aug 20 2020 06:54:00 GMT+0800 (GMT+08:00) -- login refresh error -- reason:Error: No location header for redirect
Thu Aug 20 2020 06:56:00 GMT+0800 (GMT+08:00) -- login refresh error -- reason:Error: No location header for redirect
Thu Aug 20 2020 06:58:00 GMT+0800 (GMT+08:00) -- login refresh error -- reason:Error: No location header for redirect
Thu Aug 20 2020 07:00:00 GMT+0800 (GMT+08:00) -- login refresh error -- reason:Error: No location header for redirect
Thu Aug 20 2020 07:02:00 GMT+0800 (GMT+08:00) -- login refresh error -- reason:Error: No location header for redirect
Thu Aug 20 2020 07:04:00 GMT+0800 (GMT+08:00) -- login refresh error -- reason:Error: No location header for redirect
Thu Aug 20 2020 07:06:00 GMT+0800 (GMT+08:00) -- login refresh error -- reason:Error: No location header for redirect
Thu Aug 20 2020 07:08:00 GMT+0800 (GMT+08:00) -- login refresh error -- reason:Error: No location header for redirect
Thu Aug 20 2020 07:10:00 GMT+0800 (GMT+08:00) -- login refresh error -- reason:Error: No location header for redirect
Thu Aug 20 2020 07:12:00 GMT+0800 (GMT+08:00) -- login refresh error -- reason:Error: No location header for redirect
Thu Aug 20 2020 07:14:00 GMT+0800 (GMT+08:00) -- login refresh error -- reason:Error: No location header for redirect
Thu Aug 20 2020 07:16:00 GMT+0800 (GMT+08:00) -- login refresh error -- reason:Error: No location header for redirect
Thu Aug 20 2020 07:18:00 GMT+0800 (GMT+08:00) -- login refresh error -- reason:Error: No location header for redirect
Thu Aug 20 2020 07:20:00 GMT+0800 (GMT+08:00) -- login refresh error -- reason:Error: No location header for redirect
Thu Aug 20 2020 07:22:00 GMT+0800 (GMT+08:00) -- login refresh error -- reason:Error: No location header for redirect
Thu Aug 20 2020 07:24:00 GMT+0800 (GMT+08:00) -- login refresh error -- reason:Error: No location header for redirect
Thu Aug 20 2020 07:26:00 GMT+0800 (GMT+08:00) -- login refresh error -- reason:Error: No location header for redirect
Thu Aug 20 2020 07:28:00 GMT+0800 (GMT+08:00) -- login refresh error -- reason:Error: No location header for redirect
Thu Aug 20 2020 07:30:00 GMT+0800 (GMT+08:00) -- login refresh error -- reason:Error: No location header for redirect
Thu Aug 20 2020 07:32:00 GMT+0800 (GMT+08:00) -- login refresh error -- reason:Error: No location header for redirect
Thu Aug 20 2020 07:34:00 GMT+0800 (GMT+08:00) -- login refresh error -- reason:Error: No location header for redirect
Thu Aug 20 2020 07:36:00 GMT+0800 (GMT+08:00) -- login refresh error -- reason:Error: No location header for redirect
Thu Aug 20 2020 07:38:00 GMT+0800 (GMT+08:00) -- login refresh error -- reason:Error: No location header for redirect
Thu Aug 20 2020 07:40:00 GMT+0800 (GMT+08:00) -- login refresh error -- reason:Error: No location header for redirect
Thu Aug 20 2020 07:42:00 GMT+0800 (GMT+08:00) -- login refresh error -- reason:Error: No location header for redirect
Thu Aug 20 2020 07:44:00 GMT+0800 (GMT+08:00) -- login refresh error -- reason:Error: No location header for redirect
Thu Aug 20 2020 07:46:00 GMT+0800 (GMT+08:00) -- login refresh error -- reason:Error: No location header for redirect
Thu Aug 20 2020 07:48:00 GMT+0800 (GMT+08:00) -- login refresh error -- reason:Error: No location header for redirect
Thu Aug 20 2020 07:50:00 GMT+0800 (GMT+08:00) -- login refresh error -- reason:Error: No location header for redirect
Thu Aug 20 2020 07:52:00 GMT+0800 (GMT+08:00) -- login refresh error -- reason:Error: No location header for redirect
Thu Aug 20 2020 07:54:00 GMT+0800 (GMT+08:00) -- login refresh error -- reason:Error: No location header for redirect
Thu Aug 20 2020 07:56:00 GMT+0800 (GMT+08:00) -- login refresh error -- reason:Error: No location header for redirect
Thu Aug 20 2020 07:58:00 GMT+0800 (GMT+08:00) -- login refresh error -- reason:Error: No location header for redirect
Thu Aug 20 2020 08:00:00 GMT+0800 (GMT+08:00) -- login refresh error -- reason:Error: No location header for redirect
Thu Aug 20 2020 08:02:00 GMT+0800 (GMT+08:00) -- login refresh error -- reason:Error: No location header for redirect
Thu Aug 20 2020 08:04:00 GMT+0800 (GMT+08:00) -- login refresh error -- reason:Error: No location header for redirect
Thu Aug 20 2020 08:06:00 GMT+0800 (GMT+08:00) -- login refresh error -- reason:Error: No location header for redirect
Thu Aug 20 2020 08:08:00 GMT+0800 (GMT+08:00) -- login refresh error -- reason:Error: No location header for redirect
Thu Aug 20 2020 08:10:00 GMT+0800 (GMT+08:00) -- login refresh error -- reason:Error: No location header for redirect
Thu Aug 20 2020 08:12:00 GMT+0800 (GMT+08:00) -- login refresh error -- reason:Error: No location header for redirect
Thu Aug 20 2020 08:14:00 GMT+0800 (GMT+08:00) -- login refresh error -- reason:Error: No location header for redirect
Thu Aug 20 2020 08:16:00 GMT+0800 (GMT+08:00) -- login refresh error -- reason:Error: No location header for redirect
Thu Aug 20 2020 08:18:00 GMT+0800 (GMT+08:00) -- login refresh error -- reason:Error: No location header for redirect
Thu Aug 20 2020 08:20:00 GMT+0800 (GMT+08:00) -- login refresh error -- reason:Error: No location header for redirect
Thu Aug 20 2020 08:22:00 GMT+0800 (GMT+08:00) -- login refresh error -- reason:Error: No location header for redirect
Thu Aug 20 2020 08:24:00 GMT+0800 (GMT+08:00) -- login refresh error -- reason:Error: No location header for redirect
Thu Aug 20 2020 08:26:00 GMT+0800 (GMT+08:00) -- login refresh error -- reason:Error: No location header for redirect
Thu Aug 20 2020 08:28:00 GMT+0800 (GMT+08:00) -- login refresh error -- reason:Error: No location header for redirect
Thu Aug 20 2020 08:30:00 GMT+0800 (GMT+08:00) -- login refresh error -- reason:Error: No location header for redirect
Thu Aug 20 2020 08:32:00 GMT+0800 (GMT+08:00) -- login refresh error -- reason:Error: No location header for redirect
Thu Aug 20 2020 08:34:00 GMT+0800 (GMT+08:00) -- login refresh error -- reason:Error: No location header for redirect
Thu Aug 20 2020 08:36:00 GMT+0800 (GMT+08:00) -- login refresh error -- reason:Error: No location header for redirect
Thu Aug 20 2020 08:38:00 GMT+0800 (GMT+08:00) -- login refresh error -- reason:Error: No location header for redirect
Thu Aug 20 2020 08:40:00 GMT+0800 (GMT+08:00) -- login refresh error -- reason:Error: No location header for redirect
Thu Aug 20 2020 08:42:00 GMT+0800 (GMT+08:00) -- login refresh error -- reason:Error: No location header for redirect
Thu Aug 20 2020 08:44:00 GMT+0800 (GMT+08:00) -- login refresh error -- reason:Error: No location header for redirect
Thu Aug 20 2020 08:46:00 GMT+0800 (GMT+08:00) -- login refresh error -- reason:Error: No location header for redirect
Thu Aug 20 2020 08:48:00 GMT+0800 (GMT+08:00) -- login refresh error -- reason:Error: No location header for redirect
Thu Aug 20 2020 08:50:00 GMT+0800 (GMT+08:00) -- login refresh error -- reason:Error: No location header for redirect
Thu Aug 20 2020 08:52:00 GMT+0800 (GMT+08:00) -- login refresh error -- reason:Error: No location header for redirect
Thu Aug 20 2020 08:54:00 GMT+0800 (GMT+08:00) -- login refresh error -- reason:Error: No location header for redirect
Thu Aug 20 2020 08:56:00 GMT+0800 (GMT+08:00) -- login refresh error -- reason:Error: No location header for redirect
Thu Aug 20 2020 08:58:00 GMT+0800 (GMT+08:00) -- login refresh error -- reason:Error: No location header for redirect
Thu Aug 20 2020 09:00:00 GMT+0800 (GMT+08:00) -- login refresh error -- reason:Error: No location header for redirect
Thu Aug 20 2020 09:02:00 GMT+0800 (GMT+08:00) -- login refresh error -- reason:Error: No location header for redirect
Thu Aug 20 2020 09:04:00 GMT+0800 (GMT+08:00) -- login refresh error -- reason:Error: No location header for redirect
Thu Aug 20 2020 09:06:00 GMT+0800 (GMT+08:00) -- login refresh error -- reason:Error: No location header for redirect
Thu Aug 20 2020 09:08:00 GMT+0800 (GMT+08:00) -- login refresh error -- reason:Error: No location header for redirect
Thu Aug 20 2020 09:10:00 GMT+0800 (GMT+08:00) -- login refresh error -- reason:Error: No location header for redirect
Thu Aug 20 2020 09:12:00 GMT+0800 (GMT+08:00) -- login refresh error -- reason:Error: No location header for redirect
Thu Aug 20 2020 09:14:00 GMT+0800 (GMT+08:00) -- login refresh error -- reason:Error: No location header for redirect
Thu Aug 20 2020 09:16:00 GMT+0800 (GMT+08:00) -- login refresh error -- reason:Error: No location header for redirect
Thu Aug 20 2020 09:18:00 GMT+0800 (GMT+08:00) -- login refresh error -- reason:Error: No location header for redirect
Thu Aug 20 2020 09:20:00 GMT+0800 (GMT+08:00) -- login refresh error -- reason:Error: No location header for redirect
Thu Aug 20 2020 09:22:00 GMT+0800 (GMT+08:00) -- login refresh error -- reason:Error: No location header for redirect
Thu Aug 20 2020 09:24:00 GMT+0800 (GMT+08:00) -- login refresh error -- reason:Error: No location header for redirect
Thu Aug 20 2020 09:26:00 GMT+0800 (GMT+08:00) -- login refresh error -- reason:Error: No location header for redirect
Thu Aug 20 2020 09:28:00 GMT+0800 (GMT+08:00) -- login refresh error -- reason:Error: No location header for redirect
Thu Aug 20 2020 09:30:00 GMT+0800 (GMT+08:00) -- login refresh error -- reason:Error: No location header for redirect
Thu Aug 20 2020 09:32:00 GMT+0800 (GMT+08:00) -- login refresh error -- reason:Error: No location header for redirect
Thu Aug 20 2020 09:34:00 GMT+0800 (GMT+08:00) -- login refresh error -- reason:Error: No location header for redirect
Thu Aug 20 2020 09:36:00 GMT+0800 (GMT+08:00) -- login refresh error -- reason:Error: No location header for redirect
Thu Aug 20 2020 09:38:00 GMT+0800 (GMT+08:00) -- login refresh error -- reason:Error: No location header for redirect
Thu Aug 20 2020 09:40:00 GMT+0800 (GMT+08:00) -- login refresh error -- reason:Error: No location header for redirect
Thu Aug 20 2020 09:42:00 GMT+0800 (GMT+08:00) -- login refresh error -- reason:Error: No location header for redirect
Thu Aug 20 2020 09:44:00 GMT+0800 (GMT+08:00) -- login refresh error -- reason:Error: No location header for redirect
Thu Aug 20 2020 09:46:00 GMT+0800 (GMT+08:00) -- login refresh error -- reason:Error: No location header for redirect
Thu Aug 20 2020 09:48:00 GMT+0800 (GMT+08:00) -- login refresh error -- reason:Error: No location header for redirect
Thu Aug 20 2020 09:50:00 GMT+0800 (GMT+08:00) -- login refresh error -- reason:Error: No location header for redirect
Thu Aug 20 2020 09:52:00 GMT+0800 (GMT+08:00) -- login refresh error -- reason:Error: No location header for redirect
Thu Aug 20 2020 09:54:00 GMT+0800 (GMT+08:00) -- login refresh error -- reason:Error: No location header for redirect
Thu Aug 20 2020 09:56:00 GMT+0800 (GMT+08:00) -- login refresh error -- reason:Error: No location header for redirect
Thu Aug 20 2020 09:58:00 GMT+0800 (GMT+08:00) -- login refresh error -- reason:Error: No location header for redirect
Thu Aug 20 2020 10:00:00 GMT+0800 (GMT+08:00) -- login refresh error -- reason:Error: No location header for redirect
Thu Aug 20 2020 10:02:00 GMT+0800 (GMT+08:00) -- login refresh error -- reason:Error: No location header for redirect
Thu Aug 20 2020 10:04:00 GMT+0800 (GMT+08:00) -- login refresh error -- reason:Error: No location header for redirect
Thu Aug 20 2020 10:06:00 GMT+0800 (GMT+08:00) -- login refresh error -- reason:Error: No location header for redirect
Thu Aug 20 2020 10:08:00 GMT+0800 (GMT+08:00) -- login refresh error -- reason:Error: No location header for redirect
Thu Aug 20 2020 10:10:00 GMT+0800 (GMT+08:00) -- login refresh error -- reason:Error: No location header for redirect
Thu Aug 20 2020 10:12:00 GMT+0800 (GMT+08:00) -- login refresh error -- reason:Error: No location header for redirect
Thu Aug 20 2020 10:14:00 GMT+0800 (GMT+08:00) -- login refresh error -- reason:Error: No location header for redirect
Thu Aug 20 2020 10:16:00 GMT+0800 (GMT+08:00) -- login refresh error -- reason:Error: No location header for redirect
Thu Aug 20 2020 10:18:00 GMT+0800 (GMT+08:00) -- login refresh error -- reason:Error: No location header for redirect
Thu Aug 20 2020 10:20:00 GMT+0800 (GMT+08:00) -- login refresh error -- reason:Error: No location header for redirect
Thu Aug 20 2020 10:22:00 GMT+0800 (GMT+08:00) -- login refresh error -- reason:Error: No location header for redirect
Thu Aug 20 2020 10:24:00 GMT+0800 (GMT+08:00) -- login refresh error -- reason:Error: No location header for redirect
Thu Aug 20 2020 10:26:00 GMT+0800 (GMT+08:00) -- login refresh error -- reason:Error: No location header for redirect
Thu Aug 20 2020 10:28:00 GMT+0800 (GMT+08:00) -- login refresh error -- reason:Error: No location header for redirect
Thu Aug 20 2020 10:30:00 GMT+0800 (GMT+08:00) -- login refresh error -- reason:Error: No location header for redirect
Thu Aug 20 2020 10:32:00 GMT+0800 (GMT+08:00) -- login refresh error -- reason:Error: No location header for redirect
Thu Aug 20 2020 10:34:00 GMT+0800 (GMT+08:00) -- login refresh error -- reason:Error: No location header for redirect
Thu Aug 20 2020 10:36:00 GMT+0800 (GMT+08:00) -- login refresh error -- reason:Error: No location header for redirect
Thu Aug 20 2020 10:38:00 GMT+0800 (GMT+08:00) -- login refresh error -- reason:Error: No location header for redirect
Thu Aug 20 2020 10:40:00 GMT+0800 (GMT+08:00) -- login refresh error -- reason:Error: No location header for redirect
Thu Aug 20 2020 10:42:00 GMT+0800 (GMT+08:00) -- login refresh error -- reason:Error: No location header for redirect
Thu Aug 20 2020 10:44:00 GMT+0800 (GMT+08:00) -- login refresh error -- reason:Error: No location header for redirect
Thu Aug 20 2020 10:46:00 GMT+0800 (GMT+08:00) -- login refresh error -- reason:Error: No location header for redirect
Thu Aug 20 2020 10:48:00 GMT+0800 (GMT+08:00) -- login refresh error -- reason:Error: No location header for redirect
Thu Aug 20 2020 10:50:00 GMT+0800 (GMT+08:00) -- login refresh error -- reason:Error: No location header for redirect
Thu Aug 20 2020 10:52:00 GMT+0800 (GMT+08:00) -- login refresh error -- reason:Error: No location header for redirect
Thu Aug 20 2020 10:54:00 GMT+0800 (GMT+08:00) -- login refresh error -- reason:Error: No location header for redirect
Thu Aug 20 2020 10:56:00 GMT+0800 (GMT+08:00) -- login refresh error -- reason:Error: No location header for redirect
Thu Aug 20 2020 10:58:00 GMT+0800 (GMT+08:00) -- login refresh error -- reason:Error: No location header for redirect
Thu Aug 20 2020 11:00:00 GMT+0800 (GMT+08:00) -- login refresh error -- reason:Error: No location header for redirect
Thu Aug 20 2020 11:02:00 GMT+0800 (GMT+08:00) -- login refresh error -- reason:Error: No location header for redirect
Thu Aug 20 2020 11:04:00 GMT+0800 (GMT+08:00) -- login refresh error -- reason:Error: No location header for redirect
Thu Aug 20 2020 11:06:00 GMT+0800 (GMT+08:00) -- login refresh error -- reason:Error: No location header for redirect
Thu Aug 20 2020 11:08:00 GMT+0800 (GMT+08:00) -- login refresh error -- reason:Error: No location header for redirect
Thu Aug 20 2020 11:10:00 GMT+0800 (GMT+08:00) -- login refresh error -- reason:Error: No location header for redirect
Thu Aug 20 2020 11:12:00 GMT+0800 (GMT+08:00) -- login refresh error -- reason:Error: No location header for redirect
Thu Aug 20 2020 11:14:00 GMT+0800 (GMT+08:00) -- login refresh error -- reason:Error: No location header for redirect
Thu Aug 20 2020 11:16:00 GMT+0800 (GMT+08:00) -- login refresh error -- reason:Error: No location header for redirect
Thu Aug 20 2020 11:18:00 GMT+0800 (GMT+08:00) -- login refresh error -- reason:Error: No location header for redirect
Thu Aug 20 2020 11:20:00 GMT+0800 (GMT+08:00) -- login refresh error -- reason:Error: No location header for redirect
Thu Aug 20 2020 11:22:00 GMT+0800 (GMT+08:00) -- login refresh error -- reason:Error: No location header for redirect
Thu Aug 20 2020 11:24:00 GMT+0800 (GMT+08:00) -- login refresh error -- reason:Error: No location header for redirect
Thu Aug 20 2020 11:26:00 GMT+0800 (GMT+08:00) -- login refresh error -- reason:Error: No location header for redirect
Thu Aug 20 2020 11:28:00 GMT+0800 (GMT+08:00) -- login refresh error -- reason:Error: No location header for redirect
Thu Aug 20 2020 11:30:00 GMT+0800 (GMT+08:00) -- login refresh error -- reason:Error: No location header for redirect
Thu Aug 20 2020 11:32:00 GMT+0800 (GMT+08:00) -- login refresh error -- reason:Error: No location header for redirect
Thu Aug 20 2020 11:34:00 GMT+0800 (GMT+08:00) -- login refresh error -- reason:Error: No location header for redirect
Thu Aug 20 2020 11:36:00 GMT+0800 (GMT+08:00) -- login refresh error -- reason:Error: No location header for redirect
Thu Aug 20 2020 11:38:00 GMT+0800 (GMT+08:00) -- login refresh error -- reason:Error: No location header for redirect
Thu Aug 20 2020 11:40:02 GMT+0800 (GMT+08:00) -- login refresh error -- reason:Error: No location header for redirect
Thu Aug 20 2020 11:42:00 GMT+0800 (GMT+08:00) -- login refresh error -- reason:Error: No location header for redirect
Thu Aug 20 2020 11:44:00 GMT+0800 (GMT+08:00) -- login refresh error -- reason:Error: No location header for redirect
Thu Aug 20 2020 11:46:01 GMT+0800 (GMT+08:00) -- login refresh error -- reason:Error: No location header for redirect
Thu Aug 20 2020 11:48:00 GMT+0800 (GMT+08:00) -- login refresh error -- reason:Error: No location header for redirect
Thu Aug 20 2020 11:50:00 GMT+0800 (GMT+08:00) -- login refresh error -- reason:Error: No location header for redirect
Thu Aug 20 2020 11:52:00 GMT+0800 (GMT+08:00) -- login refresh error -- reason:Error: No location header for redirect
Thu Aug 20 2020 11:54:00 GMT+0800 (GMT+08:00) -- login refresh error -- reason:Error: No location header for redirect
Thu Aug 20 2020 11:56:00 GMT+0800 (GMT+08:00) -- login refresh error -- reason:Error: No location header for redirect
Thu Aug 20 2020 11:58:00 GMT+0800 (GMT+08:00) -- login refresh error -- reason:Error: No location header for redirect
Thu Aug 20 2020 12:00:00 GMT+0800 (GMT+08:00) -- login refresh error -- reason:Error: No location header for redirect
Thu Aug 20 2020 12:02:00 GMT+0800 (GMT+08:00) -- login refresh error -- reason:Error: No location header for redirect
Thu Aug 20 2020 12:04:00 GMT+0800 (GMT+08:00) -- login refresh error -- reason:Error: No location header for redirect
Thu Aug 20 2020 12:06:00 GMT+0800 (GMT+08:00) -- login refresh error -- reason:Error: No location header for redirect
Thu Aug 20 2020 12:08:00 GMT+0800 (GMT+08:00) -- login refresh error -- reason:Error: No location header for redirect
Thu Aug 20 2020 12:10:00 GMT+0800 (GMT+08:00) -- login refresh error -- reason:Error: No location header for redirect
Thu Aug 20 2020 12:12:00 GMT+0800 (GMT+08:00) -- login refresh error -- reason:Error: No location header for redirect
Thu Aug 20 2020 12:14:00 GMT+0800 (GMT+08:00) -- login refresh error -- reason:Error: No location header for redirect
Thu Aug 20 2020 12:16:00 GMT+0800 (GMT+08:00) -- login refresh error -- reason:Error: No location header for redirect
Thu Aug 20 2020 12:18:00 GMT+0800 (GMT+08:00) -- login refresh error -- reason:Error: No location header for redirect
Thu Aug 20 2020 12:20:00 GMT+0800 (GMT+08:00) -- login refresh error -- reason:Error: No location header for redirect
Thu Aug 20 2020 12:22:00 GMT+0800 (GMT+08:00) -- login refresh error -- reason:Error: No location header for redirect
Thu Aug 20 2020 12:24:00 GMT+0800 (GMT+08:00) -- login refresh error -- reason:Error: No location header for redirect
Thu Aug 20 2020 12:26:00 GMT+0800 (GMT+08:00) -- login refresh error -- reason:Error: No location header for redirect
Thu Aug 20 2020 12:28:00 GMT+0800 (GMT+08:00) -- login refresh error -- reason:Error: No location header for redirect
Thu Aug 20 2020 12:30:00 GMT+0800 (GMT+08:00) -- login refresh error -- reason:Error: No location header for redirect
Thu Aug 20 2020 12:32:00 GMT+0800 (GMT+08:00) -- login refresh error -- reason:Error: No location header for redirect
Thu Aug 20 2020 12:34:00 GMT+0800 (GMT+08:00) -- login refresh error -- reason:Error: No location header for redirect
Thu Aug 20 2020 12:36:00 GMT+0800 (GMT+08:00) -- login refresh error -- reason:Error: No location header for redirect
Thu Aug 20 2020 12:38:00 GMT+0800 (GMT+08:00) -- login refresh error -- reason:Error: No location header for redirect
Thu Aug 20 2020 12:40:00 GMT+0800 (GMT+08:00) -- login refresh error -- reason:Error: No location header for redirect
Thu Aug 20 2020 12:42:01 GMT+0800 (GMT+08:00) -- login refresh error -- reason:Error: No location header for redirect
Thu Aug 20 2020 12:44:00 GMT+0800 (GMT+08:00) -- login refresh error -- reason:Error: No location header for redirect
Thu Aug 20 2020 12:46:00 GMT+0800 (GMT+08:00) -- login refresh error -- reason:Error: No location header for redirect
Thu Aug 20 2020 12:48:00 GMT+0800 (GMT+08:00) -- login refresh error -- reason:Error: No location header for redirect
Thu Aug 20 2020 12:50:00 GMT+0800 (GMT+08:00) -- login refresh error -- reason:Error: No location header for redirect
Thu Aug 20 2020 12:52:00 GMT+0800 (GMT+08:00) -- login refresh error -- reason:Error: No location header for redirect
Thu Aug 20 2020 12:54:00 GMT+0800 (GMT+08:00) -- login refresh error -- reason:Error: No location header for redirect
Thu Aug 20 2020 12:56:00 GMT+0800 (GMT+08:00) -- login refresh error -- reason:Error: No location header for redirect
Thu Aug 20 2020 12:58:00 GMT+0800 (GMT+08:00) -- login refresh error -- reason:Error: No location header for redirect
Thu Aug 20 2020 13:00:00 GMT+0800 (GMT+08:00) -- login refresh error -- reason:Error: No location header for redirect
Thu Aug 20 2020 13:02:00 GMT+0800 (GMT+08:00) -- login refresh error -- reason:Error: No location header for redirect
Thu Aug 20 2020 13:04:00 GMT+0800 (GMT+08:00) -- login refresh error -- reason:Error: No location header for redirect
Thu Aug 20 2020 13:06:00 GMT+0800 (GMT+08:00) -- login refresh error -- reason:Error: No location header for redirect
Thu Aug 20 2020 13:08:00 GMT+0800 (GMT+08:00) -- login refresh error -- reason:Error: No location header for redirect
Thu Aug 20 2020 13:10:00 GMT+0800 (GMT+08:00) -- login refresh error -- reason:Error: No location header for redirect
Thu Aug 20 2020 13:12:00 GMT+0800 (GMT+08:00) -- login refresh error -- reason:Error: No location header for redirect
Thu Aug 20 2020 13:14:00 GMT+0800 (GMT+08:00) -- login refresh error -- reason:Error: No location header for redirect
Thu Aug 20 2020 13:16:00 GMT+0800 (GMT+08:00) -- login refresh error -- reason:Error: No location header for redirect
Thu Aug 20 2020 13:18:00 GMT+0800 (GMT+08:00) -- login refresh error -- reason:Error: No location header for redirect
Thu Aug 20 2020 13:20:00 GMT+0800 (GMT+08:00) -- login refresh error -- reason:Error: No location header for redirect
Thu Aug 20 2020 13:22:06 GMT+0800 (GMT+08:00) -- login refresh error -- reason:Error: No location header for redirect
Thu Aug 20 2020 13:24:00 GMT+0800 (GMT+08:00) -- login refresh error -- reason:Error: No location header for redirect
Thu Aug 20 2020 13:26:06 GMT+0800 (GMT+08:00) -- login refresh error -- reason:Error: No location header for redirect
Thu Aug 20 2020 13:28:00 GMT+0800 (GMT+08:00) -- login refresh error -- reason:Error: No location header for redirect
Thu Aug 20 2020 13:30:00 GMT+0800 (GMT+08:00) -- login refresh error -- reason:Error: No location header for redirect
Thu Aug 20 2020 13:32:00 GMT+0800 (GMT+08:00) -- login refresh error -- reason:Error: No location header for redirect
Thu Aug 20 2020 13:34:00 GMT+0800 (GMT+08:00) -- login refresh error -- reason:Error: No location header for redirect
Thu Aug 20 2020 13:36:00 GMT+0800 (GMT+08:00) -- login refresh error -- reason:Error: No location header for redirect
Thu Aug 20 2020 13:38:00 GMT+0800 (GMT+08:00) -- login refresh error -- reason:Error: No location header for redirect
Thu Aug 20 2020 13:40:00 GMT+0800 (GMT+08:00) -- login refresh error -- reason:Error: No location header for redirect
Thu Aug 20 2020 13:42:00 GMT+0800 (GMT+08:00) -- login refresh error -- reason:Error: No location header for redirect
Thu Aug 20 2020 13:44:00 GMT+0800 (GMT+08:00) -- login refresh error -- reason:Error: No location header for redirect
Thu Aug 20 2020 13:46:00 GMT+0800 (GMT+08:00) -- login refresh error -- reason:Error: No location header for redirect
Thu Aug 20 2020 13:48:04 GMT+0800 (GMT+08:00) -- login refresh error -- reason:Error: No location header for redirect
Thu Aug 20 2020 13:50:00 GMT+0800 (GMT+08:00) -- login refresh error -- reason:Error: No location header for redirect
Thu Aug 20 2020 13:52:01 GMT+0800 (GMT+08:00) -- login refresh error -- reason:Error: No location header for redirect
Thu Aug 20 2020 13:54:00 GMT+0800 (GMT+08:00) -- login refresh error -- reason:Error: No location header for redirect
Thu Aug 20 2020 13:56:00 GMT+0800 (GMT+08:00) -- login refresh error -- reason:Error: No location header for redirect
Thu Aug 20 2020 13:58:00 GMT+0800 (GMT+08:00) -- login refresh error -- reason:Error: No location header for redirect
Thu Aug 20 2020 14:00:00 GMT+0800 (GMT+08:00) -- login refresh error -- reason:Error: No location header for redirect
Thu Aug 20 2020 14:02:00 GMT+0800 (GMT+08:00) -- login refresh error -- reason:Error: No location header for redirect
Thu Aug 20 2020 14:04:00 GMT+0800 (GMT+08:00) -- login refresh error -- reason:Error: No location header for redirect
Thu Aug 20 2020 14:06:00 GMT+0800 (GMT+08:00) -- login refresh error -- reason:Error: No location header for redirect
Thu Aug 20 2020 14:08:00 GMT+0800 (GMT+08:00) -- login refresh error -- reason:Error: No location header for redirect
Thu Aug 20 2020 14:10:00 GMT+0800 (GMT+08:00) -- login refresh error -- reason:Error: No location header for redirect
Thu Aug 20 2020 14:12:00 GMT+0800 (GMT+08:00) -- login refresh error -- reason:Error: No location header for redirect
Thu Aug 20 2020 14:14:00 GMT+0800 (GMT+08:00) -- login refresh error -- reason:Error: No location header for redirect
Thu Aug 20 2020 14:16:00 GMT+0800 (GMT+08:00) -- login refresh error -- reason:Error: No location header for redirect
Thu Aug 20 2020 14:18:00 GMT+0800 (GMT+08:00) -- login refresh error -- reason:Error: No location header for redirect
Thu Aug 20 2020 14:20:00 GMT+0800 (GMT+08:00) -- login refresh error -- reason:Error: No location header for redirect
Thu Aug 20 2020 14:22:00 GMT+0800 (GMT+08:00) -- login refresh error -- reason:Error: No location header for redirect
Thu Aug 20 2020 14:24:00 GMT+0800 (GMT+08:00) -- login refresh error -- reason:Error: No location header for redirect
Thu Aug 20 2020 14:26:00 GMT+0800 (GMT+08:00) -- login refresh error -- reason:Error: No location header for redirect
Thu Aug 20 2020 14:28:00 GMT+0800 (GMT+08:00) -- login refresh error -- reason:Error: No location header for redirect
Thu Aug 20 2020 14:30:00 GMT+0800 (GMT+08:00) -- login refresh error -- reason:Error: No location header for redirect
Thu Aug 20 2020 14:32:00 GMT+0800 (GMT+08:00) -- login refresh error -- reason:Error: No location header for redirect
Thu Aug 20 2020 14:34:00 GMT+0800 (GMT+08:00) -- login refresh error -- reason:Error: No location header for redirect
Thu Aug 20 2020 14:36:00 GMT+0800 (GMT+08:00) -- login refresh error -- reason:Error: No location header for redirect
Thu Aug 20 2020 14:38:00 GMT+0800 (GMT+08:00) -- login refresh error -- reason:Error: No location header for redirect
Thu Aug 20 2020 14:40:00 GMT+0800 (GMT+08:00) -- login refresh error -- reason:Error: No location header for redirect
Thu Aug 20 2020 14:42:00 GMT+0800 (GMT+08:00) -- login refresh error -- reason:Error: No location header for redirect
Thu Aug 20 2020 14:44:00 GMT+0800 (GMT+08:00) -- login refresh error -- reason:Error: No location header for redirect
Thu Aug 20 2020 14:46:00 GMT+0800 (GMT+08:00) -- login refresh error -- reason:Error: No location header for redirect
Thu Aug 20 2020 14:48:00 GMT+0800 (GMT+08:00) -- login refresh error -- reason:Error: No location header for redirect
Thu Aug 20 2020 14:50:00 GMT+0800 (GMT+08:00) -- login refresh error -- reason:Error: No location header for redirect
Thu Aug 20 2020 14:52:00 GMT+0800 (GMT+08:00) -- login refresh error -- reason:Error: No location header for redirect
Thu Aug 20 2020 14:54:00 GMT+0800 (GMT+08:00) -- login refresh error -- reason:Error: No location header for redirect
Thu Aug 20 2020 14:56:00 GMT+0800 (GMT+08:00) -- login refresh error -- reason:Error: No location header for redirect
Thu Aug 20 2020 14:58:00 GMT+0800 (GMT+08:00) -- login refresh error -- reason:Error: No location header for redirect
Thu Aug 20 2020 15:00:00 GMT+0800 (GMT+08:00) -- login refresh error -- reason:Error: No location header for redirect
Thu Aug 20 2020 15:02:00 GMT+0800 (GMT+08:00) -- login refresh error -- reason:Error: No location header for redirect
Thu Aug 20 2020 15:04:00 GMT+0800 (GMT+08:00) -- login refresh error -- reason:Error: No location header for redirect
Thu Aug 20 2020 15:06:00 GMT+0800 (GMT+08:00) -- login refresh error -- reason:Error: No location header for redirect
Thu Aug 20 2020 15:08:00 GMT+0800 (GMT+08:00) -- login refresh error -- reason:Error: No location header for redirect
Thu Aug 20 2020 15:10:00 GMT+0800 (GMT+08:00) -- login refresh error -- reason:Error: No location header for redirect
Thu Aug 20 2020 15:12:00 GMT+0800 (GMT+08:00) -- login refresh error -- reason:Error: No location header for redirect
Thu Aug 20 2020 15:14:00 GMT+0800 (GMT+08:00) -- login refresh error -- reason:Error: No location header for redirect
Thu Aug 20 2020 15:16:00 GMT+0800 (GMT+08:00) -- login refresh error -- reason:Error: No location header for redirect
Thu Aug 20 2020 15:18:00 GMT+0800 (GMT+08:00) -- login refresh error -- reason:Error: No location header for redirect
Thu Aug 20 2020 15:20:00 GMT+0800 (GMT+08:00) -- login refresh error -- reason:Error: No location header for redirect
Thu Aug 20 2020 15:22:00 GMT+0800 (GMT+08:00) -- login refresh error -- reason:Error: No location header for redirect
Thu Aug 20 2020 15:24:00 GMT+0800 (GMT+08:00) -- login refresh error -- reason:Error: No location header for redirect
Thu Aug 20 2020 15:26:00 GMT+0800 (GMT+08:00) -- login refresh error -- reason:Error: No location header for redirect
Thu Aug 20 2020 15:28:00 GMT+0800 (GMT+08:00) -- login refresh error -- reason:Error: No location header for redirect
Thu Aug 20 2020 15:30:00 GMT+0800 (GMT+08:00) -- login refresh error -- reason:Error: No location header for redirect
Thu Aug 20 2020 15:32:00 GMT+0800 (GMT+08:00) -- login refresh error -- reason:Error: No location header for redirect
Thu Aug 20 2020 15:34:00 GMT+0800 (GMT+08:00) -- login refresh error -- reason:Error: No location header for redirect
Thu Aug 20 2020 15:36:00 GMT+0800 (GMT+08:00) -- login refresh error -- reason:Error: No location header for redirect
Thu Aug 20 2020 15:38:00 GMT+0800 (GMT+08:00) -- login refresh error -- reason:Error: No location header for redirect
Thu Aug 20 2020 15:40:00 GMT+0800 (GMT+08:00) -- login refresh error -- reason:Error: No location header for redirect
Thu Aug 20 2020 15:42:00 GMT+0800 (GMT+08:00) -- login refresh error -- reason:Error: No location header for redirect
Thu Aug 20 2020 15:44:00 GMT+0800 (GMT+08:00) -- login refresh error -- reason:Error: No location header for redirect
Thu Aug 20 2020 15:46:00 GMT+0800 (GMT+08:00) -- login refresh error -- reason:Error: No location header for redirect
Thu Aug 20 2020 15:48:00 GMT+0800 (GMT+08:00) -- login refresh error -- reason:Error: No location header for redirect
Thu Aug 20 2020 15:50:00 GMT+0800 (GMT+08:00) -- login refresh error -- reason:Error: No location header for redirect
Thu Aug 20 2020 15:52:00 GMT+0800 (GMT+08:00) -- login refresh error -- reason:Error: No location header for redirect
Thu Aug 20 2020 15:54:00 GMT+0800 (GMT+08:00) -- login refresh error -- reason:Error: No location header for redirect
Thu Aug 20 2020 15:56:00 GMT+0800 (GMT+08:00) -- login refresh error -- reason:Error: No location header for redirect
Thu Aug 20 2020 15:58:00 GMT+0800 (GMT+08:00) -- login refresh error -- reason:Error: No location header for redirect
Thu Aug 20 2020 16:00:00 GMT+0800 (GMT+08:00) -- login refresh error -- reason:Error: No location header for redirect
Thu Aug 20 2020 16:02:00 GMT+0800 (GMT+08:00) -- login refresh error -- reason:Error: No location header for redirect
Thu Aug 20 2020 16:04:00 GMT+0800 (GMT+08:00) -- login refresh error -- reason:Error: No location header for redirect
Thu Aug 20 2020 16:06:00 GMT+0800 (GMT+08:00) -- login refresh error -- reason:Error: No location header for redirect
Thu Aug 20 2020 16:08:00 GMT+0800 (GMT+08:00) -- login refresh error -- reason:Error: No location header for redirect
Thu Aug 20 2020 16:10:00 GMT+0800 (GMT+08:00) -- login refresh error -- reason:Error: No location header for redirect
Thu Aug 20 2020 16:12:00 GMT+0800 (GMT+08:00) -- login refresh error -- reason:Error: No location header for redirect
Thu Aug 20 2020 16:14:00 GMT+0800 (GMT+08:00) -- login refresh error -- reason:Error: No location header for redirect
Thu Aug 20 2020 16:16:00 GMT+0800 (GMT+08:00) -- login refresh error -- reason:Error: No location header for redirect
Thu Aug 20 2020 16:18:00 GMT+0800 (GMT+08:00) -- login refresh error -- reason:Error: No location header for redirect
Thu Aug 20 2020 16:20:00 GMT+0800 (GMT+08:00) -- login refresh error -- reason:Error: No location header for redirect
Thu Aug 20 2020 16:22:00 GMT+0800 (GMT+08:00) -- login refresh error -- reason:Error: No location header for redirect
Thu Aug 20 2020 16:24:00 GMT+0800 (GMT+08:00) -- login refresh error -- reason:Error: No location header for redirect
Thu Aug 20 2020 16:26:00 GMT+0800 (GMT+08:00) -- login refresh error -- reason:Error: No location header for redirect
Thu Aug 20 2020 16:28:00 GMT+0800 (GMT+08:00) -- login refresh error -- reason:Error: No location header for redirect
Thu Aug 20 2020 16:30:00 GMT+0800 (GMT+08:00) -- login refresh error -- reason:Error: No location header for redirect
Thu Aug 20 2020 16:32:00 GMT+0800 (GMT+08:00) -- login refresh error -- reason:Error: No location header for redirect
Thu Aug 20 2020 16:34:00 GMT+0800 (GMT+08:00) -- login refresh error -- reason:Error: No location header for redirect
Thu Aug 20 2020 16:36:00 GMT+0800 (GMT+08:00) -- login refresh error -- reason:Error: No location header for redirect
Thu Aug 20 2020 16:38:00 GMT+0800 (GMT+08:00) -- login refresh error -- reason:Error: No location header for redirect
Thu Aug 20 2020 16:40:00 GMT+0800 (GMT+08:00) -- login refresh error -- reason:Error: No location header for redirect
Thu Aug 20 2020 16:42:00 GMT+0800 (GMT+08:00) -- login refresh error -- reason:Error: No location header for redirect
Thu Aug 20 2020 16:44:00 GMT+0800 (GMT+08:00) -- login refresh error -- reason:Error: No location header for redirect
Thu Aug 20 2020 16:46:00 GMT+0800 (GMT+08:00) -- login refresh error -- reason:Error: No location header for redirect
Thu Aug 20 2020 16:48:00 GMT+0800 (GMT+08:00) -- login refresh error -- reason:Error: No location header for redirect
Thu Aug 20 2020 16:50:00 GMT+0800 (GMT+08:00) -- login refresh error -- reason:Error: No location header for redirect
Thu Aug 20 2020 16:52:00 GMT+0800 (GMT+08:00) -- login refresh error -- reason:Error: No location header for redirect
Thu Aug 20 2020 16:54:00 GMT+0800 (GMT+08:00) -- login refresh error -- reason:Error: No location header for redirect
Thu Aug 20 2020 16:56:00 GMT+0800 (GMT+08:00) -- login refresh error -- reason:Error: No location header for redirect
Thu Aug 20 2020 16:58:00 GMT+0800 (GMT+08:00) -- login refresh error -- reason:Error: No location header for redirect
Thu Aug 20 2020 17:00:00 GMT+0800 (GMT+08:00) -- login refresh error -- reason:Error: No location header for redirect
Thu Aug 20 2020 17:02:00 GMT+0800 (GMT+08:00) -- login refresh error -- reason:Error: No location header for redirect
Thu Aug 20 2020 17:04:00 GMT+0800 (GMT+08:00) -- login refresh error -- reason:Error: No location header for redirect
Thu Aug 20 2020 17:06:00 GMT+0800 (GMT+08:00) -- login refresh error -- reason:Error: No location header for redirect
Thu Aug 20 2020 17:08:00 GMT+0800 (GMT+08:00) -- login refresh error -- reason:Error: No location header for redirect
Thu Aug 20 2020 17:10:00 GMT+0800 (GMT+08:00) -- login refresh error -- reason:Error: No location header for redirect
Thu Aug 20 2020 17:12:00 GMT+0800 (GMT+08:00) -- login refresh error -- reason:Error: No location header for redirect
Thu Aug 20 2020 17:14:00 GMT+0800 (GMT+08:00) -- login refresh error -- reason:Error: No location header for redirect
Thu Aug 20 2020 17:16:00 GMT+0800 (GMT+08:00) -- login refresh error -- reason:Error: No location header for redirect
Thu Aug 20 2020 17:18:00 GMT+0800 (GMT+08:00) -- login refresh error -- reason:Error: No location header for redirect
Thu Aug 20 2020 17:20:00 GMT+0800 (GMT+08:00) -- login refresh error -- reason:Error: No location header for redirect
Thu Aug 20 2020 17:22:00 GMT+0800 (GMT+08:00) -- login refresh error -- reason:Error: No location header for redirect
Thu Aug 20 2020 17:24:00 GMT+0800 (GMT+08:00) -- login refresh error -- reason:Error: No location header for redirect
Thu Aug 20 2020 17:26:00 GMT+0800 (GMT+08:00) -- login refresh error -- reason:Error: No location header for redirect
Thu Aug 20 2020 17:28:00 GMT+0800 (GMT+08:00) -- login refresh error -- reason:Error: No location header for redirect
Thu Aug 20 2020 17:30:00 GMT+0800 (GMT+08:00) -- login refresh error -- reason:Error: No location header for redirect
Thu Aug 20 2020 17:32:00 GMT+0800 (GMT+08:00) -- login refresh error -- reason:Error: No location header for redirect
Thu Aug 20 2020 17:34:00 GMT+0800 (GMT+08:00) -- login refresh error -- reason:Error: No location header for redirect
Thu Aug 20 2020 17:36:00 GMT+0800 (GMT+08:00) -- login refresh error -- reason:Error: No location header for redirect
Thu Aug 20 2020 17:38:00 GMT+0800 (GMT+08:00) -- login refresh error -- reason:Error: No location header for redirect
Thu Aug 20 2020 17:40:00 GMT+0800 (GMT+08:00) -- login refresh error -- reason:Error: No location header for redirect
Thu Aug 20 2020 17:42:00 GMT+0800 (GMT+08:00) -- login refresh error -- reason:Error: No location header for redirect
Thu Aug 20 2020 17:44:00 GMT+0800 (GMT+08:00) -- login refresh error -- reason:Error: No location header for redirect
Thu Aug 20 2020 17:46:00 GMT+0800 (GMT+08:00) -- login refresh error -- reason:Error: No location header for redirect
Thu Aug 20 2020 17:48:00 GMT+0800 (GMT+08:00) -- login refresh error -- reason:Error: No location header for redirect
Thu Aug 20 2020 17:50:00 GMT+0800 (GMT+08:00) -- login refresh error -- reason:Error: No location header for redirect
Thu Aug 20 2020 17:52:00 GMT+0800 (GMT+08:00) -- login refresh error -- reason:Error: No location header for redirect
Thu Aug 20 2020 17:54:00 GMT+0800 (GMT+08:00) -- login refresh error -- reason:Error: No location header for redirect
Thu Aug 20 2020 17:56:00 GMT+0800 (GMT+08:00) -- login refresh error -- reason:Error: No location header for redirect
Thu Aug 20 2020 17:58:00 GMT+0800 (GMT+08:00) -- login refresh error -- reason:Error: No location header for redirect
Thu Aug 20 2020 18:00:00 GMT+0800 (GMT+08:00) -- login refresh error -- reason:Error: No location header for redirect
Thu Aug 20 2020 18:02:00 GMT+0800 (GMT+08:00) -- login refresh error -- reason:Error: No location header for redirect
Thu Aug 20 2020 18:04:00 GMT+0800 (GMT+08:00) -- login refresh error -- reason:Error: No location header for redirect
Thu Aug 20 2020 18:06:00 GMT+0800 (GMT+08:00) -- login refresh error -- reason:Error: No location header for redirect
Thu Aug 20 2020 18:08:00 GMT+0800 (GMT+08:00) -- login refresh error -- reason:Error: No location header for redirect
Thu Aug 20 2020 18:10:04 GMT+0800 (GMT+08:00) -- login refresh error -- reason:Error: No location header for redirect
Thu Aug 20 2020 18:12:00 GMT+0800 (GMT+08:00) -- login refresh error -- reason:Error: No location header for redirect
Thu Aug 20 2020 18:14:00 GMT+0800 (GMT+08:00) -- login refresh error -- reason:Error: No location header for redirect
Thu Aug 20 2020 18:16:00 GMT+0800 (GMT+08:00) -- login refresh error -- reason:Error: No location header for redirect
Thu Aug 20 2020 18:18:00 GMT+0800 (GMT+08:00) -- login refresh error -- reason:Error: No location header for redirect
Thu Aug 20 2020 18:20:00 GMT+0800 (GMT+08:00) -- login refresh error -- reason:Error: No location header for redirect
Thu Aug 20 2020 18:22:00 GMT+0800 (GMT+08:00) -- login refresh error -- reason:Error: No location header for redirect
Thu Aug 20 2020 18:24:00 GMT+0800 (GMT+08:00) -- login refresh error -- reason:Error: No location header for redirect
Thu Aug 20 2020 18:26:00 GMT+0800 (GMT+08:00) -- login refresh error -- reason:Error: No location header for redirect
Thu Aug 20 2020 18:28:00 GMT+0800 (GMT+08:00) -- login refresh error -- reason:Error: No location header for redirect
Thu Aug 20 2020 18:30:00 GMT+0800 (GMT+08:00) -- login refresh error -- reason:Error: No location header for redirect
Thu Aug 20 2020 18:32:00 GMT+0800 (GMT+08:00) -- login refresh error -- reason:Error: No location header for redirect
Thu Aug 20 2020 18:34:00 GMT+0800 (GMT+08:00) -- login refresh error -- reason:Error: No location header for redirect
Thu Aug 20 2020 18:36:00 GMT+0800 (GMT+08:00) -- login refresh error -- reason:Error: No location header for redirect
Thu Aug 20 2020 18:38:00 GMT+0800 (GMT+08:00) -- login refresh error -- reason:Error: No location header for redirect
Thu Aug 20 2020 18:40:00 GMT+0800 (GMT+08:00) -- login refresh error -- reason:Error: No location header for redirect
Thu Aug 20 2020 18:42:00 GMT+0800 (GMT+08:00) -- login refresh error -- reason:Error: No location header for redirect
Thu Aug 20 2020 18:44:00 GMT+0800 (GMT+08:00) -- login refresh error -- reason:Error: No location header for redirect
Thu Aug 20 2020 18:46:00 GMT+0800 (GMT+08:00) -- login refresh error -- reason:Error: No location header for redirect
Thu Aug 20 2020 18:48:00 GMT+0800 (GMT+08:00) -- login refresh error -- reason:Error: No location header for redirect
Thu Aug 20 2020 18:50:00 GMT+0800 (GMT+08:00) -- login refresh error -- reason:Error: No location header for redirect
Thu Aug 20 2020 18:52:00 GMT+0800 (GMT+08:00) -- login refresh error -- reason:Error: No location header for redirect
Thu Aug 20 2020 18:54:00 GMT+0800 (GMT+08:00) -- login refresh error -- reason:Error: No location header for redirect
Thu Aug 20 2020 18:56:00 GMT+0800 (GMT+08:00) -- login refresh error -- reason:Error: No location header for redirect
Thu Aug 20 2020 18:58:00 GMT+0800 (GMT+08:00) -- login refresh error -- reason:Error: No location header for redirect
Thu Aug 20 2020 19:00:00 GMT+0800 (GMT+08:00) -- login refresh error -- reason:Error: No location header for redirect
Thu Aug 20 2020 19:02:00 GMT+0800 (GMT+08:00) -- login refresh error -- reason:Error: No location header for redirect
Thu Aug 20 2020 19:04:00 GMT+0800 (GMT+08:00) -- login refresh error -- reason:Error: No location header for redirect
Thu Aug 20 2020 19:06:00 GMT+0800 (GMT+08:00) -- login refresh error -- reason:Error: No location header for redirect
Thu Aug 20 2020 19:08:00 GMT+0800 (GMT+08:00) -- login refresh error -- reason:Error: No location header for redirect
Thu Aug 20 2020 19:10:00 GMT+0800 (GMT+08:00) -- login refresh error -- reason:Error: No location header for redirect
Thu Aug 20 2020 19:12:00 GMT+0800 (GMT+08:00) -- login refresh error -- reason:Error: No location header for redirect
Thu Aug 20 2020 19:14:00 GMT+0800 (GMT+08:00) -- login refresh error -- reason:Error: No location header for redirect
Thu Aug 20 2020 19:16:00 GMT+0800 (GMT+08:00) -- login refresh error -- reason:Error: No location header for redirect
Thu Aug 20 2020 19:18:00 GMT+0800 (GMT+08:00) -- login refresh error -- reason:Error: No location header for redirect
Thu Aug 20 2020 19:20:00 GMT+0800 (GMT+08:00) -- login refresh error -- reason:Error: No location header for redirect
Thu Aug 20 2020 19:22:00 GMT+0800 (GMT+08:00) -- login refresh error -- reason:Error: No location header for redirect
Thu Aug 20 2020 19:24:00 GMT+0800 (GMT+08:00) -- login refresh error -- reason:Error: No location header for redirect
Thu Aug 20 2020 19:26:00 GMT+0800 (GMT+08:00) -- login refresh error -- reason:Error: No location header for redirect
Thu Aug 20 2020 19:28:00 GMT+0800 (GMT+08:00) -- login refresh error -- reason:Error: No location header for redirect
Thu Aug 20 2020 19:30:00 GMT+0800 (GMT+08:00) -- login refresh error -- reason:Error: No location header for redirect
Thu Aug 20 2020 19:32:00 GMT+0800 (GMT+08:00) -- login refresh error -- reason:Error: No location header for redirect
Thu Aug 20 2020 19:34:00 GMT+0800 (GMT+08:00) -- login refresh error -- reason:Error: No location header for redirect
Thu Aug 20 2020 19:36:00 GMT+0800 (GMT+08:00) -- login refresh error -- reason:Error: No location header for redirect
Thu Aug 20 2020 19:38:00 GMT+0800 (GMT+08:00) -- login refresh error -- reason:Error: No location header for redirect
Thu Aug 20 2020 19:40:00 GMT+0800 (GMT+08:00) -- login refresh error -- reason:Error: No location header for redirect
Thu Aug 20 2020 19:42:00 GMT+0800 (GMT+08:00) -- login refresh error -- reason:Error: No location header for redirect
Thu Aug 20 2020 19:44:00 GMT+0800 (GMT+08:00) -- login refresh error -- reason:Error: No location header for redirect
Thu Aug 20 2020 19:46:00 GMT+0800 (GMT+08:00) -- login refresh error -- reason:Error: No location header for redirect
Thu Aug 20 2020 19:48:00 GMT+0800 (GMT+08:00) -- login refresh error -- reason:Error: No location header for redirect
Thu Aug 20 2020 19:50:00 GMT+0800 (GMT+08:00) -- login refresh error -- reason:Error: No location header for redirect
Thu Aug 20 2020 19:52:00 GMT+0800 (GMT+08:00) -- login refresh error -- reason:Error: No location header for redirect
Thu Aug 20 2020 19:54:00 GMT+0800 (GMT+08:00) -- login refresh error -- reason:Error: No location header for redirect
Thu Aug 20 2020 19:56:00 GMT+0800 (GMT+08:00) -- login refresh error -- reason:Error: No location header for redirect
Thu Aug 20 2020 19:58:00 GMT+0800 (GMT+08:00) -- login refresh error -- reason:Error: No location header for redirect
Thu Aug 20 2020 20:00:00 GMT+0800 (GMT+08:00) -- login refresh error -- reason:Error: No location header for redirect
Thu Aug 20 2020 20:02:00 GMT+0800 (GMT+08:00) -- login refresh error -- reason:Error: No location header for redirect
Thu Aug 20 2020 20:04:00 GMT+0800 (GMT+08:00) -- login refresh error -- reason:Error: No location header for redirect
Thu Aug 20 2020 20:06:00 GMT+0800 (GMT+08:00) -- login refresh error -- reason:Error: No location header for redirect
Thu Aug 20 2020 20:08:00 GMT+0800 (GMT+08:00) -- login refresh error -- reason:Error: No location header for redirect
Thu Aug 20 2020 20:10:00 GMT+0800 (GMT+08:00) -- login refresh error -- reason:Error: No location header for redirect
Thu Aug 20 2020 20:12:00 GMT+0800 (GMT+08:00) -- login refresh error -- reason:Error: No location header for redirect
Thu Aug 20 2020 20:14:00 GMT+0800 (GMT+08:00) -- login refresh error -- reason:Error: No location header for redirect
Thu Aug 20 2020 20:16:01 GMT+0800 (GMT+08:00) -- login refresh error -- reason:Error: No location header for redirect
Thu Aug 20 2020 20:18:00 GMT+0800 (GMT+08:00) -- login refresh error -- reason:Error: No location header for redirect
Thu Aug 20 2020 20:20:00 GMT+0800 (GMT+08:00) -- login refresh error -- reason:Error: No location header for redirect
Thu Aug 20 2020 20:22:00 GMT+0800 (GMT+08:00) -- login refresh error -- reason:Error: No location header for redirect
Thu Aug 20 2020 20:24:00 GMT+0800 (GMT+08:00) -- login refresh error -- reason:Error: No location header for redirect
Thu Aug 20 2020 20:26:00 GMT+0800 (GMT+08:00) -- login refresh error -- reason:Error: No location header for redirect
Thu Aug 20 2020 20:28:00 GMT+0800 (GMT+08:00) -- login refresh error -- reason:Error: No location header for redirect
Thu Aug 20 2020 20:30:00 GMT+0800 (GMT+08:00) -- login refresh error -- reason:Error: No location header for redirect
Thu Aug 20 2020 20:32:00 GMT+0800 (GMT+08:00) -- login refresh error -- reason:Error: No location header for redirect
Thu Aug 20 2020 20:34:00 GMT+0800 (GMT+08:00) -- login refresh error -- reason:Error: No location header for redirect
Thu Aug 20 2020 20:36:00 GMT+0800 (GMT+08:00) -- login refresh error -- reason:Error: No location header for redirect
Thu Aug 20 2020 20:38:00 GMT+0800 (GMT+08:00) -- login refresh error -- reason:Error: No location header for redirect
Thu Aug 20 2020 20:40:00 GMT+0800 (GMT+08:00) -- login refresh error -- reason:Error: No location header for redirect
Thu Aug 20 2020 20:42:00 GMT+0800 (GMT+08:00) -- login refresh error -- reason:Error: No location header for redirect
Thu Aug 20 2020 20:44:00 GMT+0800 (GMT+08:00) -- login refresh error -- reason:Error: No location header for redirect
Thu Aug 20 2020 20:46:00 GMT+0800 (GMT+08:00) -- login refresh error -- reason:Error: No location header for redirect
Thu Aug 20 2020 20:48:00 GMT+0800 (GMT+08:00) -- login refresh error -- reason:Error: No location header for redirect
Thu Aug 20 2020 20:50:00 GMT+0800 (GMT+08:00) -- login refresh error -- reason:Error: No location header for redirect
Thu Aug 20 2020 20:52:00 GMT+0800 (GMT+08:00) -- login refresh error -- reason:Error: No location header for redirect
Thu Aug 20 2020 20:54:00 GMT+0800 (GMT+08:00) -- login refresh error -- reason:Error: No location header for redirect
Thu Aug 20 2020 20:56:00 GMT+0800 (GMT+08:00) -- login refresh error -- reason:Error: No location header for redirect
Thu Aug 20 2020 20:58:00 GMT+0800 (GMT+08:00) -- login refresh error -- reason:Error: No location header for redirect
Thu Aug 20 2020 21:00:00 GMT+0800 (GMT+08:00) -- login refresh error -- reason:Error: No location header for redirect
Thu Aug 20 2020 21:02:00 GMT+0800 (GMT+08:00) -- login refresh error -- reason:Error: No location header for redirect
Thu Aug 20 2020 21:04:00 GMT+0800 (GMT+08:00) -- login refresh error -- reason:Error: No location header for redirect
Thu Aug 20 2020 21:06:00 GMT+0800 (GMT+08:00) -- login refresh error -- reason:Error: No location header for redirect
Thu Aug 20 2020 21:08:00 GMT+0800 (GMT+08:00) -- login refresh error -- reason:Error: No location header for redirect
Thu Aug 20 2020 21:10:00 GMT+0800 (GMT+08:00) -- login refresh error -- reason:Error: No location header for redirect
Thu Aug 20 2020 21:12:00 GMT+0800 (GMT+08:00) -- login refresh error -- reason:Error: No location header for redirect
Thu Aug 20 2020 21:14:00 GMT+0800 (GMT+08:00) -- login refresh error -- reason:Error: No location header for redirect
Thu Aug 20 2020 21:16:00 GMT+0800 (GMT+08:00) -- login refresh error -- reason:Error: No location header for redirect
Thu Aug 20 2020 21:18:00 GMT+0800 (GMT+08:00) -- login refresh error -- reason:Error: No location header for redirect
Thu Aug 20 2020 21:20:00 GMT+0800 (GMT+08:00) -- login refresh error -- reason:Error: No location header for redirect
Thu Aug 20 2020 21:22:00 GMT+0800 (GMT+08:00) -- login refresh error -- reason:Error: No location header for redirect
Thu Aug 20 2020 21:24:00 GMT+0800 (GMT+08:00) -- login refresh error -- reason:Error: No location header for redirect
Thu Aug 20 2020 21:26:00 GMT+0800 (GMT+08:00) -- login refresh error -- reason:Error: No location header for redirect
Thu Aug 20 2020 21:28:00 GMT+0800 (GMT+08:00) -- login refresh error -- reason:Error: No location header for redirect
Thu Aug 20 2020 21:30:00 GMT+0800 (GMT+08:00) -- login refresh error -- reason:Error: No location header for redirect
Thu Aug 20 2020 21:32:00 GMT+0800 (GMT+08:00) -- login refresh error -- reason:Error: No location header for redirect
Thu Aug 20 2020 21:34:00 GMT+0800 (GMT+08:00) -- login refresh error -- reason:Error: No location header for redirect
Thu Aug 20 2020 21:36:00 GMT+0800 (GMT+08:00) -- login refresh error -- reason:Error: No location header for redirect
Thu Aug 20 2020 21:38:00 GMT+0800 (GMT+08:00) -- login refresh error -- reason:Error: No location header for redirect
Thu Aug 20 2020 21:40:00 GMT+0800 (GMT+08:00) -- login refresh error -- reason:Error: No location header for redirect
Thu Aug 20 2020 21:42:00 GMT+0800 (GMT+08:00) -- login refresh error -- reason:Error: No location header for redirect
Thu Aug 20 2020 21:44:00 GMT+0800 (GMT+08:00) -- login refresh error -- reason:Error: No location header for redirect
Thu Aug 20 2020 21:46:00 GMT+0800 (GMT+08:00) -- login refresh error -- reason:Error: No location header for redirect
Thu Aug 20 2020 21:48:00 GMT+0800 (GMT+08:00) -- login refresh error -- reason:Error: No location header for redirect
Thu Aug 20 2020 21:50:00 GMT+0800 (GMT+08:00) -- login refresh error -- reason:Error: No location header for redirect
Thu Aug 20 2020 21:52:00 GMT+0800 (GMT+08:00) -- login refresh error -- reason:Error: No location header for redirect
Thu Aug 20 2020 21:54:00 GMT+0800 (GMT+08:00) -- login refresh error -- reason:Error: No location header for redirect
Thu Aug 20 2020 21:56:00 GMT+0800 (GMT+08:00) -- login refresh error -- reason:Error: No location header for redirect
Thu Aug 20 2020 21:58:00 GMT+0800 (GMT+08:00) -- login refresh error -- reason:Error: No location header for redirect
Thu Aug 20 2020 22:00:00 GMT+0800 (GMT+08:00) -- login refresh error -- reason:Error: No location header for redirect
Thu Aug 20 2020 22:02:00 GMT+0800 (GMT+08:00) -- login refresh error -- reason:Error: No location header for redirect
Thu Aug 20 2020 22:04:00 GMT+0800 (GMT+08:00) -- login refresh error -- reason:Error: No location header for redirect
Thu Aug 20 2020 22:06:00 GMT+0800 (GMT+08:00) -- login refresh error -- reason:Error: No location header for redirect
Thu Aug 20 2020 22:08:00 GMT+0800 (GMT+08:00) -- login refresh error -- reason:Error: No location header for redirect
Thu Aug 20 2020 22:10:00 GMT+0800 (GMT+08:00) -- login refresh error -- reason:Error: No location header for redirect
Thu Aug 20 2020 22:12:00 GMT+0800 (GMT+08:00) -- login refresh error -- reason:Error: No location header for redirect
Thu Aug 20 2020 22:14:00 GMT+0800 (GMT+08:00) -- login refresh error -- reason:Error: No location header for redirect
Thu Aug 20 2020 22:16:00 GMT+0800 (GMT+08:00) -- login refresh error -- reason:Error: No location header for redirect
Thu Aug 20 2020 22:18:00 GMT+0800 (GMT+08:00) -- login refresh error -- reason:Error: No location header for redirect
Thu Aug 20 2020 22:20:00 GMT+0800 (GMT+08:00) -- login refresh error -- reason:Error: No location header for redirect
Thu Aug 20 2020 22:22:00 GMT+0800 (GMT+08:00) -- login refresh error -- reason:Error: No location header for redirect
Thu Aug 20 2020 22:24:00 GMT+0800 (GMT+08:00) -- login refresh error -- reason:Error: No location header for redirect
Thu Aug 20 2020 22:26:00 GMT+0800 (GMT+08:00) -- login refresh error -- reason:Error: No location header for redirect
Thu Aug 20 2020 22:28:00 GMT+0800 (GMT+08:00) -- login refresh error -- reason:Error: No location header for redirect
Thu Aug 20 2020 22:30:00 GMT+0800 (GMT+08:00) -- login refresh error -- reason:Error: No location header for redirect
Thu Aug 20 2020 22:32:00 GMT+0800 (GMT+08:00) -- login refresh error -- reason:Error: No location header for redirect
Thu Aug 20 2020 22:34:00 GMT+0800 (GMT+08:00) -- login refresh error -- reason:Error: No location header for redirect
Thu Aug 20 2020 22:36:00 GMT+0800 (GMT+08:00) -- login refresh error -- reason:Error: No location header for redirect
Thu Aug 20 2020 22:38:00 GMT+0800 (GMT+08:00) -- login refresh error -- reason:Error: No location header for redirect
Thu Aug 20 2020 22:40:00 GMT+0800 (GMT+08:00) -- login refresh error -- reason:Error: No location header for redirect
Thu Aug 20 2020 22:42:00 GMT+0800 (GMT+08:00) -- login refresh error -- reason:Error: No location header for redirect
Thu Aug 20 2020 22:44:00 GMT+0800 (GMT+08:00) -- login refresh error -- reason:Error: No location header for redirect
Thu Aug 20 2020 22:46:00 GMT+0800 (GMT+08:00) -- login refresh error -- reason:Error: No location header for redirect
Thu Aug 20 2020 22:48:00 GMT+0800 (GMT+08:00) -- login refresh error -- reason:Error: No location header for redirect
Thu Aug 20 2020 22:50:00 GMT+0800 (GMT+08:00) -- login refresh error -- reason:Error: No location header for redirect
Thu Aug 20 2020 22:52:00 GMT+0800 (GMT+08:00) -- login refresh error -- reason:Error: No location header for redirect
Thu Aug 20 2020 22:54:00 GMT+0800 (GMT+08:00) -- login refresh error -- reason:Error: No location header for redirect
Thu Aug 20 2020 22:56:00 GMT+0800 (GMT+08:00) -- login refresh error -- reason:Error: No location header for redirect
Thu Aug 20 2020 22:58:00 GMT+0800 (GMT+08:00) -- login refresh error -- reason:Error: No location header for redirect
Thu Aug 20 2020 23:00:00 GMT+0800 (GMT+08:00) -- login refresh error -- reason:Error: No location header for redirect
Thu Aug 20 2020 23:02:00 GMT+0800 (GMT+08:00) -- login refresh error -- reason:Error: No location header for redirect
Thu Aug 20 2020 23:04:00 GMT+0800 (GMT+08:00) -- login refresh error -- reason:Error: No location header for redirect
Thu Aug 20 2020 23:06:00 GMT+0800 (GMT+08:00) -- login refresh error -- reason:Error: No location header for redirect
Thu Aug 20 2020 23:08:00 GMT+0800 (GMT+08:00) -- login refresh error -- reason:Error: No location header for redirect
Thu Aug 20 2020 23:10:00 GMT+0800 (GMT+08:00) -- login refresh error -- reason:Error: No location header for redirect
Thu Aug 20 2020 23:12:00 GMT+0800 (GMT+08:00) -- login refresh error -- reason:Error: No location header for redirect
Thu Aug 20 2020 23:14:00 GMT+0800 (GMT+08:00) -- login refresh error -- reason:Error: No location header for redirect
Thu Aug 20 2020 23:16:00 GMT+0800 (GMT+08:00) -- login refresh error -- reason:Error: No location header for redirect
Thu Aug 20 2020 23:18:00 GMT+0800 (GMT+08:00) -- login refresh error -- reason:Error: No location header for redirect
Thu Aug 20 2020 23:20:00 GMT+0800 (GMT+08:00) -- login refresh error -- reason:Error: No location header for redirect
Thu Aug 20 2020 23:22:00 GMT+0800 (GMT+08:00) -- login refresh error -- reason:Error: No location header for redirect
Thu Aug 20 2020 23:24:00 GMT+0800 (GMT+08:00) -- login refresh error -- reason:Error: No location header for redirect
Thu Aug 20 2020 23:26:00 GMT+0800 (GMT+08:00) -- login refresh error -- reason:Error: No location header for redirect
Thu Aug 20 2020 23:28:00 GMT+0800 (GMT+08:00) -- login refresh error -- reason:Error: No location header for redirect
Thu Aug 20 2020 23:30:00 GMT+0800 (GMT+08:00) -- login refresh error -- reason:Error: No location header for redirect
Thu Aug 20 2020 23:32:00 GMT+0800 (GMT+08:00) -- login refresh error -- reason:Error: No location header for redirect
Thu Aug 20 2020 23:34:00 GMT+0800 (GMT+08:00) -- login refresh error -- reason:Error: No location header for redirect
Thu Aug 20 2020 23:36:00 GMT+0800 (GMT+08:00) -- login refresh error -- reason:Error: No location header for redirect
Thu Aug 20 2020 23:38:00 GMT+0800 (GMT+08:00) -- login refresh error -- reason:Error: No location header for redirect
Thu Aug 20 2020 23:40:00 GMT+0800 (GMT+08:00) -- login refresh error -- reason:Error: No location header for redirect
Thu Aug 20 2020 23:42:00 GMT+0800 (GMT+08:00) -- login refresh error -- reason:Error: No location header for redirect
Thu Aug 20 2020 23:44:00 GMT+0800 (GMT+08:00) -- login refresh error -- reason:Error: No location header for redirect
Thu Aug 20 2020 23:46:00 GMT+0800 (GMT+08:00) -- login refresh error -- reason:Error: No location header for redirect
Thu Aug 20 2020 23:48:00 GMT+0800 (GMT+08:00) -- login refresh error -- reason:Error: No location header for redirect
Thu Aug 20 2020 23:50:00 GMT+0800 (GMT+08:00) -- login refresh error -- reason:Error: No location header for redirect
Thu Aug 20 2020 23:52:00 GMT+0800 (GMT+08:00) -- login refresh error -- reason:Error: No location header for redirect
Thu Aug 20 2020 23:54:00 GMT+0800 (GMT+08:00) -- login refresh error -- reason:Error: No location header for redirect
Thu Aug 20 2020 23:56:00 GMT+0800 (GMT+08:00) -- login refresh error -- reason:Error: No location header for redirect
Thu Aug 20 2020 23:58:00 GMT+0800 (GMT+08:00) -- login refresh error -- reason:Error: No location header for redirect
Fri Aug 21 2020 00:00:00 GMT+0800 (GMT+08:00) -- login refresh error -- reason:Error: No location header for redirect
Fri Aug 21 2020 00:02:00 GMT+0800 (GMT+08:00) -- login refresh error -- reason:Error: No location header for redirect
Fri Aug 21 2020 00:04:00 GMT+0800 (GMT+08:00) -- login refresh error -- reason:Error: No location header for redirect
Fri Aug 21 2020 00:06:00 GMT+0800 (GMT+08:00) -- login refresh error -- reason:Error: No location header for redirect
Fri Aug 21 2020 00:08:00 GMT+0800 (GMT+08:00) -- login refresh error -- reason:Error: No location header for redirect
Fri Aug 21 2020 00:10:00 GMT+0800 (GMT+08:00) -- login refresh error -- reason:Error: No location header for redirect
Fri Aug 21 2020 00:12:00 GMT+0800 (GMT+08:00) -- login refresh error -- reason:Error: No location header for redirect
Fri Aug 21 2020 00:14:00 GMT+0800 (GMT+08:00) -- login refresh error -- reason:Error: No location header for redirect
Fri Aug 21 2020 00:16:00 GMT+0800 (GMT+08:00) -- login refresh error -- reason:Error: No location header for redirect
Fri Aug 21 2020 00:18:00 GMT+0800 (GMT+08:00) -- login refresh error -- reason:Error: No location header for redirect
Fri Aug 21 2020 00:20:00 GMT+0800 (GMT+08:00) -- login refresh error -- reason:Error: No location header for redirect
Fri Aug 21 2020 00:22:00 GMT+0800 (GMT+08:00) -- login refresh error -- reason:Error: No location header for redirect
Fri Aug 21 2020 00:24:00 GMT+0800 (GMT+08:00) -- login refresh error -- reason:Error: No location header for redirect
Fri Aug 21 2020 00:26:00 GMT+0800 (GMT+08:00) -- login refresh error -- reason:Error: No location header for redirect
Fri Aug 21 2020 00:28:00 GMT+0800 (GMT+08:00) -- login refresh error -- reason:Error: No location header for redirect
Fri Aug 21 2020 00:30:00 GMT+0800 (GMT+08:00) -- login refresh error -- reason:Error: No location header for redirect
Fri Aug 21 2020 00:32:00 GMT+0800 (GMT+08:00) -- login refresh error -- reason:Error: No location header for redirect
Fri Aug 21 2020 00:34:00 GMT+0800 (GMT+08:00) -- login refresh error -- reason:Error: No location header for redirect
Fri Aug 21 2020 00:36:00 GMT+0800 (GMT+08:00) -- login refresh error -- reason:Error: No location header for redirect
Fri Aug 21 2020 00:38:00 GMT+0800 (GMT+08:00) -- login refresh error -- reason:Error: No location header for redirect
Fri Aug 21 2020 00:40:00 GMT+0800 (GMT+08:00) -- login refresh error -- reason:Error: No location header for redirect
Fri Aug 21 2020 00:42:00 GMT+0800 (GMT+08:00) -- login refresh error -- reason:Error: No location header for redirect
Fri Aug 21 2020 00:44:00 GMT+0800 (GMT+08:00) -- login refresh error -- reason:Error: No location header for redirect
Fri Aug 21 2020 00:46:01 GMT+0800 (GMT+08:00) -- login refresh error -- reason:Error: No location header for redirect
Fri Aug 21 2020 00:48:00 GMT+0800 (GMT+08:00) -- login refresh error -- reason:Error: No location header for redirect
Fri Aug 21 2020 00:50:00 GMT+0800 (GMT+08:00) -- login refresh error -- reason:Error: No location header for redirect
Fri Aug 21 2020 00:52:00 GMT+0800 (GMT+08:00) -- login refresh error -- reason:Error: No location header for redirect
Fri Aug 21 2020 00:54:00 GMT+0800 (GMT+08:00) -- login refresh error -- reason:Error: No location header for redirect
Fri Aug 21 2020 00:56:00 GMT+0800 (GMT+08:00) -- login refresh error -- reason:Error: No location header for redirect
Fri Aug 21 2020 00:58:00 GMT+0800 (GMT+08:00) -- login refresh error -- reason:Error: No location header for redirect
Fri Aug 21 2020 01:00:00 GMT+0800 (GMT+08:00) -- login refresh error -- reason:Error: No location header for redirect
Fri Aug 21 2020 01:02:00 GMT+0800 (GMT+08:00) -- login refresh error -- reason:Error: No location header for redirect
Fri Aug 21 2020 01:04:00 GMT+0800 (GMT+08:00) -- login refresh error -- reason:Error: No location header for redirect
Fri Aug 21 2020 01:06:00 GMT+0800 (GMT+08:00) -- login refresh error -- reason:Error: No location header for redirect
Fri Aug 21 2020 01:08:00 GMT+0800 (GMT+08:00) -- login refresh error -- reason:Error: No location header for redirect
Fri Aug 21 2020 01:10:00 GMT+0800 (GMT+08:00) -- login refresh error -- reason:Error: No location header for redirect
Fri Aug 21 2020 01:12:00 GMT+0800 (GMT+08:00) -- login refresh error -- reason:Error: No location header for redirect
Fri Aug 21 2020 01:14:00 GMT+0800 (GMT+08:00) -- login refresh error -- reason:Error: No location header for redirect
Fri Aug 21 2020 01:16:00 GMT+0800 (GMT+08:00) -- login refresh error -- reason:Error: No location header for redirect
Fri Aug 21 2020 01:18:00 GMT+0800 (GMT+08:00) -- login refresh error -- reason:Error: No location header for redirect
Fri Aug 21 2020 01:20:00 GMT+0800 (GMT+08:00) -- login refresh error -- reason:Error: No location header for redirect
Fri Aug 21 2020 01:22:00 GMT+0800 (GMT+08:00) -- login refresh error -- reason:Error: No location header for redirect
Fri Aug 21 2020 01:24:00 GMT+0800 (GMT+08:00) -- login refresh error -- reason:Error: No location header for redirect
Fri Aug 21 2020 01:26:00 GMT+0800 (GMT+08:00) -- login refresh error -- reason:Error: No location header for redirect
Fri Aug 21 2020 01:28:00 GMT+0800 (GMT+08:00) -- login refresh error -- reason:Error: No location header for redirect
Fri Aug 21 2020 01:30:00 GMT+0800 (GMT+08:00) -- login refresh error -- reason:Error: No location header for redirect
Fri Aug 21 2020 01:32:00 GMT+0800 (GMT+08:00) -- login refresh error -- reason:Error: No location header for redirect
Fri Aug 21 2020 01:34:00 GMT+0800 (GMT+08:00) -- login refresh error -- reason:Error: No location header for redirect
Fri Aug 21 2020 01:36:00 GMT+0800 (GMT+08:00) -- login refresh error -- reason:Error: No location header for redirect
Fri Aug 21 2020 01:38:00 GMT+0800 (GMT+08:00) -- login refresh error -- reason:Error: No location header for redirect
Fri Aug 21 2020 01:40:00 GMT+0800 (GMT+08:00) -- login refresh error -- reason:Error: No location header for redirect
Fri Aug 21 2020 01:42:00 GMT+0800 (GMT+08:00) -- login refresh error -- reason:Error: No location header for redirect
Fri Aug 21 2020 01:44:00 GMT+0800 (GMT+08:00) -- login refresh error -- reason:Error: No location header for redirect
Fri Aug 21 2020 01:46:00 GMT+0800 (GMT+08:00) -- login refresh error -- reason:Error: No location header for redirect
Fri Aug 21 2020 01:48:00 GMT+0800 (GMT+08:00) -- login refresh error -- reason:Error: No location header for redirect
Fri Aug 21 2020 01:50:00 GMT+0800 (GMT+08:00) -- login refresh error -- reason:Error: No location header for redirect
Fri Aug 21 2020 01:52:00 GMT+0800 (GMT+08:00) -- login refresh error -- reason:Error: No location header for redirect
Fri Aug 21 2020 01:54:00 GMT+0800 (GMT+08:00) -- login refresh error -- reason:Error: No location header for redirect
Fri Aug 21 2020 01:56:00 GMT+0800 (GMT+08:00) -- login refresh error -- reason:Error: No location header for redirect
Fri Aug 21 2020 01:58:00 GMT+0800 (GMT+08:00) -- login refresh error -- reason:Error: No location header for redirect
Fri Aug 21 2020 02:00:00 GMT+0800 (GMT+08:00) -- login refresh error -- reason:Error: No location header for redirect
Fri Aug 21 2020 02:02:00 GMT+0800 (GMT+08:00) -- login refresh error -- reason:Error: No location header for redirect
Fri Aug 21 2020 02:04:00 GMT+0800 (GMT+08:00) -- login refresh error -- reason:Error: No location header for redirect
Fri Aug 21 2020 02:06:00 GMT+0800 (GMT+08:00) -- login refresh error -- reason:Error: No location header for redirect
Fri Aug 21 2020 02:08:00 GMT+0800 (GMT+08:00) -- login refresh error -- reason:Error: No location header for redirect
Fri Aug 21 2020 02:10:00 GMT+0800 (GMT+08:00) -- login refresh error -- reason:Error: No location header for redirect
Fri Aug 21 2020 02:12:00 GMT+0800 (GMT+08:00) -- login refresh error -- reason:Error: No location header for redirect
Fri Aug 21 2020 02:14:00 GMT+0800 (GMT+08:00) -- login refresh error -- reason:Error: No location header for redirect
Fri Aug 21 2020 02:16:00 GMT+0800 (GMT+08:00) -- login refresh error -- reason:Error: No location header for redirect
Fri Aug 21 2020 02:18:00 GMT+0800 (GMT+08:00) -- login refresh error -- reason:Error: No location header for redirect
Fri Aug 21 2020 02:20:00 GMT+0800 (GMT+08:00) -- login refresh error -- reason:Error: No location header for redirect
Fri Aug 21 2020 02:22:00 GMT+0800 (GMT+08:00) -- login refresh error -- reason:Error: No location header for redirect
Fri Aug 21 2020 02:24:00 GMT+0800 (GMT+08:00) -- login refresh error -- reason:Error: No location header for redirect
Fri Aug 21 2020 02:26:00 GMT+0800 (GMT+08:00) -- login refresh error -- reason:Error: No location header for redirect
Fri Aug 21 2020 02:28:00 GMT+0800 (GMT+08:00) -- login refresh error -- reason:Error: No location header for redirect
Fri Aug 21 2020 02:30:00 GMT+0800 (GMT+08:00) -- login refresh error -- reason:Error: No location header for redirect
Fri Aug 21 2020 02:32:00 GMT+0800 (GMT+08:00) -- login refresh error -- reason:Error: No location header for redirect
Fri Aug 21 2020 02:34:00 GMT+0800 (GMT+08:00) -- login refresh error -- reason:Error: No location header for redirect
Fri Aug 21 2020 02:36:00 GMT+0800 (GMT+08:00) -- login refresh error -- reason:Error: No location header for redirect
Fri Aug 21 2020 02:38:00 GMT+0800 (GMT+08:00) -- login refresh error -- reason:Error: No location header for redirect
Fri Aug 21 2020 02:40:00 GMT+0800 (GMT+08:00) -- login refresh error -- reason:Error: No location header for redirect
Fri Aug 21 2020 02:42:00 GMT+0800 (GMT+08:00) -- login refresh error -- reason:Error: No location header for redirect
Fri Aug 21 2020 02:44:00 GMT+0800 (GMT+08:00) -- login refresh error -- reason:Error: No location header for redirect
Fri Aug 21 2020 02:46:00 GMT+0800 (GMT+08:00) -- login refresh error -- reason:Error: No location header for redirect
Fri Aug 21 2020 02:48:00 GMT+0800 (GMT+08:00) -- login refresh error -- reason:Error: No location header for redirect
Fri Aug 21 2020 02:50:00 GMT+0800 (GMT+08:00) -- login refresh error -- reason:Error: No location header for redirect
Fri Aug 21 2020 02:52:00 GMT+0800 (GMT+08:00) -- login refresh error -- reason:Error: No location header for redirect
Fri Aug 21 2020 02:54:00 GMT+0800 (GMT+08:00) -- login refresh error -- reason:Error: No location header for redirect
Fri Aug 21 2020 02:56:00 GMT+0800 (GMT+08:00) -- login refresh error -- reason:Error: No location header for redirect
Fri Aug 21 2020 02:58:00 GMT+0800 (GMT+08:00) -- login refresh error -- reason:Error: No location header for redirect
Fri Aug 21 2020 03:00:00 GMT+0800 (GMT+08:00) -- login refresh error -- reason:Error: No location header for redirect
Fri Aug 21 2020 03:02:00 GMT+0800 (GMT+08:00) -- login refresh error -- reason:Error: No location header for redirect
Fri Aug 21 2020 03:04:00 GMT+0800 (GMT+08:00) -- login refresh error -- reason:Error: No location header for redirect
Fri Aug 21 2020 03:06:00 GMT+0800 (GMT+08:00) -- login refresh error -- reason:Error: No location header for redirect
Fri Aug 21 2020 03:08:00 GMT+0800 (GMT+08:00) -- login refresh error -- reason:Error: No location header for redirect
Fri Aug 21 2020 03:10:00 GMT+0800 (GMT+08:00) -- login refresh error -- reason:Error: No location header for redirect
Fri Aug 21 2020 03:12:00 GMT+0800 (GMT+08:00) -- login refresh error -- reason:Error: No location header for redirect
Fri Aug 21 2020 03:14:00 GMT+0800 (GMT+08:00) -- login refresh error -- reason:Error: No location header for redirect
Fri Aug 21 2020 03:16:00 GMT+0800 (GMT+08:00) -- login refresh error -- reason:Error: No location header for redirect
Fri Aug 21 2020 03:18:00 GMT+0800 (GMT+08:00) -- login refresh error -- reason:Error: No location header for redirect
Fri Aug 21 2020 03:20:00 GMT+0800 (GMT+08:00) -- login refresh error -- reason:Error: No location header for redirect
Fri Aug 21 2020 03:22:00 GMT+0800 (GMT+08:00) -- login refresh error -- reason:Error: No location header for redirect
Fri Aug 21 2020 03:24:00 GMT+0800 (GMT+08:00) -- login refresh error -- reason:Error: No location header for redirect
Fri Aug 21 2020 03:26:00 GMT+0800 (GMT+08:00) -- login refresh error -- reason:Error: No location header for redirect
Fri Aug 21 2020 03:28:00 GMT+0800 (GMT+08:00) -- login refresh error -- reason:Error: No location header for redirect
Fri Aug 21 2020 03:30:00 GMT+0800 (GMT+08:00) -- login refresh error -- reason:Error: No location header for redirect
Fri Aug 21 2020 03:32:00 GMT+0800 (GMT+08:00) -- login refresh error -- reason:Error: No location header for redirect
Fri Aug 21 2020 03:34:00 GMT+0800 (GMT+08:00) -- login refresh error -- reason:Error: No location header for redirect
Fri Aug 21 2020 03:36:00 GMT+0800 (GMT+08:00) -- login refresh error -- reason:Error: No location header for redirect
Fri Aug 21 2020 03:38:00 GMT+0800 (GMT+08:00) -- login refresh error -- reason:Error: No location header for redirect
Fri Aug 21 2020 03:40:00 GMT+0800 (GMT+08:00) -- login refresh error -- reason:Error: No location header for redirect
Fri Aug 21 2020 03:42:00 GMT+0800 (GMT+08:00) -- login refresh error -- reason:Error: No location header for redirect
Fri Aug 21 2020 03:44:00 GMT+0800 (GMT+08:00) -- login refresh error -- reason:Error: No location header for redirect
Fri Aug 21 2020 03:46:00 GMT+0800 (GMT+08:00) -- login refresh error -- reason:Error: No location header for redirect
Fri Aug 21 2020 03:48:00 GMT+0800 (GMT+08:00) -- login refresh error -- reason:Error: No location header for redirect
Fri Aug 21 2020 03:50:00 GMT+0800 (GMT+08:00) -- login refresh error -- reason:Error: No location header for redirect
Fri Aug 21 2020 03:52:00 GMT+0800 (GMT+08:00) -- login refresh error -- reason:Error: No location header for redirect
Fri Aug 21 2020 03:54:00 GMT+0800 (GMT+08:00) -- login refresh error -- reason:Error: No location header for redirect
Fri Aug 21 2020 03:56:00 GMT+0800 (GMT+08:00) -- login refresh error -- reason:Error: No location header for redirect
Fri Aug 21 2020 03:58:00 GMT+0800 (GMT+08:00) -- login refresh error -- reason:Error: No location header for redirect
Fri Aug 21 2020 04:00:00 GMT+0800 (GMT+08:00) -- login refresh error -- reason:Error: No location header for redirect
Fri Aug 21 2020 04:02:00 GMT+0800 (GMT+08:00) -- login refresh error -- reason:Error: No location header for redirect
Fri Aug 21 2020 04:04:00 GMT+0800 (GMT+08:00) -- login refresh error -- reason:Error: No location header for redirect
Fri Aug 21 2020 04:06:00 GMT+0800 (GMT+08:00) -- login refresh error -- reason:Error: No location header for redirect
Fri Aug 21 2020 04:08:00 GMT+0800 (GMT+08:00) -- login refresh error -- reason:Error: No location header for redirect
Fri Aug 21 2020 04:10:00 GMT+0800 (GMT+08:00) -- login refresh error -- reason:Error: No location header for redirect
Fri Aug 21 2020 04:12:00 GMT+0800 (GMT+08:00) -- login refresh error -- reason:Error: No location header for redirect
Fri Aug 21 2020 04:14:00 GMT+0800 (GMT+08:00) -- login refresh error -- reason:Error: No location header for redirect
Fri Aug 21 2020 04:16:00 GMT+0800 (GMT+08:00) -- login refresh error -- reason:Error: No location header for redirect
Fri Aug 21 2020 04:18:00 GMT+0800 (GMT+08:00) -- login refresh error -- reason:Error: No location header for redirect
Fri Aug 21 2020 04:18:01 GMT+0800 (GMT+08:00) -- login refresh error -- reason:Error: No location header for redirect
Fri Aug 21 2020 04:20:00 GMT+0800 (GMT+08:00) -- login refresh error -- reason:Error: No location header for redirect
Fri Aug 21 2020 04:22:00 GMT+0800 (GMT+08:00) -- login refresh error -- reason:Error: No location header for redirect
Fri Aug 21 2020 04:24:00 GMT+0800 (GMT+08:00) -- login refresh error -- reason:Error: No location header for redirect
Fri Aug 21 2020 04:26:00 GMT+0800 (GMT+08:00) -- login refresh error -- reason:Error: No location header for redirect
Fri Aug 21 2020 04:28:00 GMT+0800 (GMT+08:00) -- login refresh error -- reason:Error: No location header for redirect
Fri Aug 21 2020 04:30:00 GMT+0800 (GMT+08:00) -- login refresh error -- reason:Error: No location header for redirect
Fri Aug 21 2020 04:32:00 GMT+0800 (GMT+08:00) -- login refresh error -- reason:Error: No location header for redirect
Fri Aug 21 2020 04:34:00 GMT+0800 (GMT+08:00) -- login refresh error -- reason:Error: No location header for redirect
Fri Aug 21 2020 04:36:00 GMT+0800 (GMT+08:00) -- login refresh error -- reason:Error: No location header for redirect
Fri Aug 21 2020 04:38:00 GMT+0800 (GMT+08:00) -- login refresh error -- reason:Error: No location header for redirect
Fri Aug 21 2020 04:40:00 GMT+0800 (GMT+08:00) -- login refresh error -- reason:Error: No location header for redirect
Fri Aug 21 2020 04:42:00 GMT+0800 (GMT+08:00) -- login refresh error -- reason:Error: No location header for redirect
Fri Aug 21 2020 04:44:00 GMT+0800 (GMT+08:00) -- login refresh error -- reason:Error: No location header for redirect
Fri Aug 21 2020 04:46:00 GMT+0800 (GMT+08:00) -- login refresh error -- reason:Error: No location header for redirect
Fri Aug 21 2020 04:48:00 GMT+0800 (GMT+08:00) -- login refresh error -- reason:Error: No location header for redirect
Fri Aug 21 2020 04:50:00 GMT+0800 (GMT+08:00) -- login refresh error -- reason:Error: No location header for redirect
Fri Aug 21 2020 04:52:00 GMT+0800 (GMT+08:00) -- login refresh error -- reason:Error: No location header for redirect
Fri Aug 21 2020 04:54:00 GMT+0800 (GMT+08:00) -- login refresh error -- reason:Error: No location header for redirect
Fri Aug 21 2020 04:56:00 GMT+0800 (GMT+08:00) -- login refresh error -- reason:Error: No location header for redirect
Fri Aug 21 2020 04:58:00 GMT+0800 (GMT+08:00) -- login refresh error -- reason:Error: No location header for redirect
Fri Aug 21 2020 05:00:00 GMT+0800 (GMT+08:00) -- login refresh error -- reason:Error: No location header for redirect
Fri Aug 21 2020 05:02:00 GMT+0800 (GMT+08:00) -- login refresh error -- reason:Error: No location header for redirect
Fri Aug 21 2020 05:04:00 GMT+0800 (GMT+08:00) -- login refresh error -- reason:Error: No location header for redirect
Fri Aug 21 2020 05:06:00 GMT+0800 (GMT+08:00) -- login refresh error -- reason:Error: No location header for redirect
Fri Aug 21 2020 05:08:00 GMT+0800 (GMT+08:00) -- login refresh error -- reason:Error: No location header for redirect
Fri Aug 21 2020 05:10:00 GMT+0800 (GMT+08:00) -- login refresh error -- reason:Error: No location header for redirect
Fri Aug 21 2020 05:12:00 GMT+0800 (GMT+08:00) -- login refresh error -- reason:Error: No location header for redirect
Fri Aug 21 2020 05:14:00 GMT+0800 (GMT+08:00) -- login refresh error -- reason:Error: No location header for redirect
Fri Aug 21 2020 05:16:00 GMT+0800 (GMT+08:00) -- login refresh error -- reason:Error: No location header for redirect
Fri Aug 21 2020 05:18:00 GMT+0800 (GMT+08:00) -- login refresh error -- reason:Error: No location header for redirect
Fri Aug 21 2020 05:20:00 GMT+0800 (GMT+08:00) -- login refresh error -- reason:Error: No location header for redirect
Fri Aug 21 2020 05:22:00 GMT+0800 (GMT+08:00) -- login refresh error -- reason:Error: No location header for redirect
Fri Aug 21 2020 05:24:00 GMT+0800 (GMT+08:00) -- login refresh error -- reason:Error: No location header for redirect
Fri Aug 21 2020 05:26:00 GMT+0800 (GMT+08:00) -- login refresh error -- reason:Error: No location header for redirect
Fri Aug 21 2020 05:28:00 GMT+0800 (GMT+08:00) -- login refresh error -- reason:Error: No location header for redirect
Fri Aug 21 2020 05:30:00 GMT+0800 (GMT+08:00) -- login refresh error -- reason:Error: No location header for redirect
Fri Aug 21 2020 05:32:00 GMT+0800 (GMT+08:00) -- login refresh error -- reason:Error: No location header for redirect
Fri Aug 21 2020 05:34:00 GMT+0800 (GMT+08:00) -- login refresh error -- reason:Error: No location header for redirect
Fri Aug 21 2020 05:36:00 GMT+0800 (GMT+08:00) -- login refresh error -- reason:Error: No location header for redirect
Fri Aug 21 2020 05:38:00 GMT+0800 (GMT+08:00) -- login refresh error -- reason:Error: No location header for redirect
Fri Aug 21 2020 05:40:00 GMT+0800 (GMT+08:00) -- login refresh error -- reason:Error: No location header for redirect
Fri Aug 21 2020 05:42:00 GMT+0800 (GMT+08:00) -- login refresh error -- reason:Error: No location header for redirect
Fri Aug 21 2020 05:44:00 GMT+0800 (GMT+08:00) -- login refresh error -- reason:Error: No location header for redirect
Fri Aug 21 2020 05:46:00 GMT+0800 (GMT+08:00) -- login refresh error -- reason:Error: No location header for redirect
Fri Aug 21 2020 05:48:00 GMT+0800 (GMT+08:00) -- login refresh error -- reason:Error: No location header for redirect
Fri Aug 21 2020 05:50:00 GMT+0800 (GMT+08:00) -- login refresh error -- reason:Error: No location header for redirect
Fri Aug 21 2020 05:52:00 GMT+0800 (GMT+08:00) -- login refresh error -- reason:Error: No location header for redirect
Fri Aug 21 2020 05:54:00 GMT+0800 (GMT+08:00) -- login refresh error -- reason:Error: No location header for redirect
Fri Aug 21 2020 05:56:00 GMT+0800 (GMT+08:00) -- login refresh error -- reason:Error: No location header for redirect
Fri Aug 21 2020 05:58:00 GMT+0800 (GMT+08:00) -- login refresh error -- reason:Error: No location header for redirect
Fri Aug 21 2020 06:00:00 GMT+0800 (GMT+08:00) -- login refresh error -- reason:Error: No location header for redirect
Fri Aug 21 2020 06:02:00 GMT+0800 (GMT+08:00) -- login refresh error -- reason:Error: No location header for redirect
Fri Aug 21 2020 06:04:00 GMT+0800 (GMT+08:00) -- login refresh error -- reason:Error: No location header for redirect
Fri Aug 21 2020 06:06:00 GMT+0800 (GMT+08:00) -- login refresh error -- reason:Error: No location header for redirect
Fri Aug 21 2020 06:08:00 GMT+0800 (GMT+08:00) -- login refresh error -- reason:Error: No location header for redirect
Fri Aug 21 2020 06:10:00 GMT+0800 (GMT+08:00) -- login refresh error -- reason:Error: No location header for redirect
Fri Aug 21 2020 06:12:00 GMT+0800 (GMT+08:00) -- login refresh error -- reason:Error: No location header for redirect
Fri Aug 21 2020 06:12:01 GMT+0800 (GMT+08:00) -- login refresh error -- reason:Error: No location header for redirect
Fri Aug 21 2020 06:14:00 GMT+0800 (GMT+08:00) -- login refresh error -- reason:Error: No location header for redirect
Fri Aug 21 2020 06:16:00 GMT+0800 (GMT+08:00) -- login refresh error -- reason:Error: No location header for redirect
Fri Aug 21 2020 06:18:00 GMT+0800 (GMT+08:00) -- login refresh error -- reason:Error: No location header for redirect
Fri Aug 21 2020 06:20:00 GMT+0800 (GMT+08:00) -- login refresh error -- reason:Error: No location header for redirect
Fri Aug 21 2020 06:22:00 GMT+0800 (GMT+08:00) -- login refresh error -- reason:Error: No location header for redirect
Fri Aug 21 2020 06:24:00 GMT+0800 (GMT+08:00) -- login refresh error -- reason:Error: No location header for redirect
Fri Aug 21 2020 06:26:00 GMT+0800 (GMT+08:00) -- login refresh error -- reason:Error: No location header for redirect
Fri Aug 21 2020 06:28:00 GMT+0800 (GMT+08:00) -- login refresh error -- reason:Error: No location header for redirect
Fri Aug 21 2020 06:30:00 GMT+0800 (GMT+08:00) -- login refresh error -- reason:Error: No location header for redirect
Fri Aug 21 2020 06:32:00 GMT+0800 (GMT+08:00) -- login refresh error -- reason:Error: No location header for redirect
Fri Aug 21 2020 06:34:00 GMT+0800 (GMT+08:00) -- login refresh error -- reason:Error: No location header for redirect
Fri Aug 21 2020 06:36:00 GMT+0800 (GMT+08:00) -- login refresh error -- reason:Error: No location header for redirect
Fri Aug 21 2020 06:38:00 GMT+0800 (GMT+08:00) -- login refresh error -- reason:Error: No location header for redirect
Fri Aug 21 2020 06:40:00 GMT+0800 (GMT+08:00) -- login refresh error -- reason:Error: No location header for redirect
Fri Aug 21 2020 06:42:00 GMT+0800 (GMT+08:00) -- login refresh error -- reason:Error: No location header for redirect
Fri Aug 21 2020 06:44:00 GMT+0800 (GMT+08:00) -- login refresh error -- reason:Error: No location header for redirect
Fri Aug 21 2020 06:46:00 GMT+0800 (GMT+08:00) -- login refresh error -- reason:Error: No location header for redirect
Fri Aug 21 2020 06:48:00 GMT+0800 (GMT+08:00) -- login refresh error -- reason:Error: No location header for redirect
Fri Aug 21 2020 06:50:00 GMT+0800 (GMT+08:00) -- login refresh error -- reason:Error: No location header for redirect
Fri Aug 21 2020 06:52:00 GMT+0800 (GMT+08:00) -- login refresh error -- reason:Error: No location header for redirect
Fri Aug 21 2020 06:54:00 GMT+0800 (GMT+08:00) -- login refresh error -- reason:Error: No location header for redirect
Fri Aug 21 2020 06:56:00 GMT+0800 (GMT+08:00) -- login refresh error -- reason:Error: No location header for redirect
Fri Aug 21 2020 06:58:00 GMT+0800 (GMT+08:00) -- login refresh error -- reason:Error: No location header for redirect
Fri Aug 21 2020 07:00:00 GMT+0800 (GMT+08:00) -- login refresh error -- reason:Error: No location header for redirect
Fri Aug 21 2020 07:02:00 GMT+0800 (GMT+08:00) -- login refresh error -- reason:Error: No location header for redirect
Fri Aug 21 2020 07:04:00 GMT+0800 (GMT+08:00) -- login refresh error -- reason:Error: No location header for redirect
Fri Aug 21 2020 07:06:00 GMT+0800 (GMT+08:00) -- login refresh error -- reason:Error: No location header for redirect
Fri Aug 21 2020 07:08:00 GMT+0800 (GMT+08:00) -- login refresh error -- reason:Error: No location header for redirect
Fri Aug 21 2020 07:10:00 GMT+0800 (GMT+08:00) -- login refresh error -- reason:Error: No location header for redirect
Fri Aug 21 2020 07:12:00 GMT+0800 (GMT+08:00) -- login refresh error -- reason:Error: No location header for redirect
Fri Aug 21 2020 07:14:00 GMT+0800 (GMT+08:00) -- login refresh error -- reason:Error: No location header for redirect
Fri Aug 21 2020 07:16:00 GMT+0800 (GMT+08:00) -- login refresh error -- reason:Error: No location header for redirect
Fri Aug 21 2020 07:18:00 GMT+0800 (GMT+08:00) -- login refresh error -- reason:Error: No location header for redirect
Fri Aug 21 2020 07:20:00 GMT+0800 (GMT+08:00) -- login refresh error -- reason:Error: No location header for redirect
Fri Aug 21 2020 07:22:00 GMT+0800 (GMT+08:00) -- login refresh error -- reason:Error: No location header for redirect
Fri Aug 21 2020 07:24:00 GMT+0800 (GMT+08:00) -- login refresh error -- reason:Error: No location header for redirect
Fri Aug 21 2020 07:26:00 GMT+0800 (GMT+08:00) -- login refresh error -- reason:Error: No location header for redirect
Fri Aug 21 2020 07:28:00 GMT+0800 (GMT+08:00) -- login refresh error -- reason:Error: No location header for redirect
Fri Aug 21 2020 07:30:00 GMT+0800 (GMT+08:00) -- login refresh error -- reason:Error: No location header for redirect
Fri Aug 21 2020 07:32:00 GMT+0800 (GMT+08:00) -- login refresh error -- reason:Error: No location header for redirect
Fri Aug 21 2020 07:34:00 GMT+0800 (GMT+08:00) -- login refresh error -- reason:Error: No location header for redirect
Fri Aug 21 2020 07:36:00 GMT+0800 (GMT+08:00) -- login refresh error -- reason:Error: No location header for redirect
Fri Aug 21 2020 07:38:00 GMT+0800 (GMT+08:00) -- login refresh error -- reason:Error: No location header for redirect
Fri Aug 21 2020 07:40:00 GMT+0800 (GMT+08:00) -- login refresh error -- reason:Error: No location header for redirect
Fri Aug 21 2020 07:42:00 GMT+0800 (GMT+08:00) -- login refresh error -- reason:Error: No location header for redirect
Fri Aug 21 2020 07:44:00 GMT+0800 (GMT+08:00) -- login refresh error -- reason:Error: No location header for redirect
Fri Aug 21 2020 07:46:00 GMT+0800 (GMT+08:00) -- login refresh error -- reason:Error: No location header for redirect
Fri Aug 21 2020 07:48:00 GMT+0800 (GMT+08:00) -- login refresh error -- reason:Error: No location header for redirect
Fri Aug 21 2020 07:50:00 GMT+0800 (GMT+08:00) -- login refresh error -- reason:Error: No location header for redirect
Fri Aug 21 2020 07:52:00 GMT+0800 (GMT+08:00) -- login refresh error -- reason:Error: No location header for redirect
Fri Aug 21 2020 07:54:00 GMT+0800 (GMT+08:00) -- login refresh error -- reason:Error: No location header for redirect
Fri Aug 21 2020 07:54:01 GMT+0800 (GMT+08:00) -- login refresh error -- reason:Error: No location header for redirect
Fri Aug 21 2020 07:56:00 GMT+0800 (GMT+08:00) -- login refresh error -- reason:Error: No location header for redirect
Fri Aug 21 2020 07:58:00 GMT+0800 (GMT+08:00) -- login refresh error -- reason:Error: No location header for redirect
Fri Aug 21 2020 08:00:00 GMT+0800 (GMT+08:00) -- login refresh error -- reason:Error: No location header for redirect
Fri Aug 21 2020 08:02:00 GMT+0800 (GMT+08:00) -- login refresh error -- reason:Error: No location header for redirect
Fri Aug 21 2020 08:04:00 GMT+0800 (GMT+08:00) -- login refresh error -- reason:Error: No location header for redirect
Fri Aug 21 2020 08:06:00 GMT+0800 (GMT+08:00) -- login refresh error -- reason:Error: No location header for redirect
Fri Aug 21 2020 08:08:00 GMT+0800 (GMT+08:00) -- login refresh error -- reason:Error: No location header for redirect
Fri Aug 21 2020 08:10:00 GMT+0800 (GMT+08:00) -- login refresh error -- reason:Error: No location header for redirect
Fri Aug 21 2020 08:12:00 GMT+0800 (GMT+08:00) -- login refresh error -- reason:Error: No location header for redirect
Fri Aug 21 2020 08:14:00 GMT+0800 (GMT+08:00) -- login refresh error -- reason:Error: No location header for redirect
Fri Aug 21 2020 08:16:00 GMT+0800 (GMT+08:00) -- login refresh error -- reason:Error: No location header for redirect
Fri Aug 21 2020 08:18:00 GMT+0800 (GMT+08:00) -- login refresh error -- reason:Error: No location header for redirect
Fri Aug 21 2020 08:20:00 GMT+0800 (GMT+08:00) -- login refresh error -- reason:Error: No location header for redirect
Fri Aug 21 2020 08:22:00 GMT+0800 (GMT+08:00) -- login refresh error -- reason:Error: No location header for redirect
Fri Aug 21 2020 08:24:00 GMT+0800 (GMT+08:00) -- login refresh error -- reason:Error: No location header for redirect
Fri Aug 21 2020 08:26:00 GMT+0800 (GMT+08:00) -- login refresh error -- reason:Error: No location header for redirect
Fri Aug 21 2020 08:28:00 GMT+0800 (GMT+08:00) -- login refresh error -- reason:Error: No location header for redirect
Fri Aug 21 2020 08:30:00 GMT+0800 (GMT+08:00) -- login refresh error -- reason:Error: No location header for redirect
Fri Aug 21 2020 08:32:00 GMT+0800 (GMT+08:00) -- login refresh error -- reason:Error: No location header for redirect
Fri Aug 21 2020 08:34:00 GMT+0800 (GMT+08:00) -- login refresh error -- reason:Error: No location header for redirect
Fri Aug 21 2020 08:36:00 GMT+0800 (GMT+08:00) -- login refresh error -- reason:Error: No location header for redirect
Fri Aug 21 2020 08:38:00 GMT+0800 (GMT+08:00) -- login refresh error -- reason:Error: No location header for redirect
Fri Aug 21 2020 08:40:00 GMT+0800 (GMT+08:00) -- login refresh error -- reason:Error: No location header for redirect
Fri Aug 21 2020 08:42:00 GMT+0800 (GMT+08:00) -- login refresh error -- reason:Error: No location header for redirect
Fri Aug 21 2020 08:44:00 GMT+0800 (GMT+08:00) -- login refresh error -- reason:Error: No location header for redirect
Fri Aug 21 2020 08:46:00 GMT+0800 (GMT+08:00) -- login refresh error -- reason:Error: No location header for redirect
Fri Aug 21 2020 08:48:00 GMT+0800 (GMT+08:00) -- login refresh error -- reason:Error: No location header for redirect
Fri Aug 21 2020 08:50:00 GMT+0800 (GMT+08:00) -- login refresh error -- reason:Error: No location header for redirect
Fri Aug 21 2020 08:52:00 GMT+0800 (GMT+08:00) -- login refresh error -- reason:Error: No location header for redirect
Fri Aug 21 2020 08:54:00 GMT+0800 (GMT+08:00) -- login refresh error -- reason:Error: No location header for redirect
Fri Aug 21 2020 08:56:00 GMT+0800 (GMT+08:00) -- login refresh error -- reason:Error: No location header for redirect
Fri Aug 21 2020 08:58:00 GMT+0800 (GMT+08:00) -- login refresh error -- reason:Error: No location header for redirect
Fri Aug 21 2020 09:00:00 GMT+0800 (GMT+08:00) -- login refresh error -- reason:Error: No location header for redirect
Fri Aug 21 2020 09:02:00 GMT+0800 (GMT+08:00) -- login refresh error -- reason:Error: No location header for redirect
Fri Aug 21 2020 09:04:00 GMT+0800 (GMT+08:00) -- login refresh error -- reason:Error: No location header for redirect
Fri Aug 21 2020 09:06:00 GMT+0800 (GMT+08:00) -- login refresh error -- reason:Error: No location header for redirect
Fri Aug 21 2020 09:08:00 GMT+0800 (GMT+08:00) -- login refresh error -- reason:Error: No location header for redirect
Fri Aug 21 2020 09:10:00 GMT+0800 (GMT+08:00) -- login refresh error -- reason:Error: No location header for redirect
Fri Aug 21 2020 09:12:00 GMT+0800 (GMT+08:00) -- login refresh error -- reason:Error: No location header for redirect
Fri Aug 21 2020 09:14:00 GMT+0800 (GMT+08:00) -- login refresh error -- reason:Error: No location header for redirect
Fri Aug 21 2020 09:16:00 GMT+0800 (GMT+08:00) -- login refresh error -- reason:Error: No location header for redirect
Fri Aug 21 2020 09:18:00 GMT+0800 (GMT+08:00) -- login refresh error -- reason:Error: No location header for redirect
Fri Aug 21 2020 09:20:00 GMT+0800 (GMT+08:00) -- login refresh error -- reason:Error: No location header for redirect
Fri Aug 21 2020 09:22:00 GMT+0800 (GMT+08:00) -- login refresh error -- reason:Error: No location header for redirect
Fri Aug 21 2020 09:24:00 GMT+0800 (GMT+08:00) -- login refresh error -- reason:Error: No location header for redirect
Fri Aug 21 2020 09:26:00 GMT+0800 (GMT+08:00) -- login refresh error -- reason:Error: No location header for redirect
Fri Aug 21 2020 09:28:00 GMT+0800 (GMT+08:00) -- login refresh error -- reason:Error: No location header for redirect
Fri Aug 21 2020 09:30:00 GMT+0800 (GMT+08:00) -- login refresh error -- reason:Error: No location header for redirect
Fri Aug 21 2020 09:32:00 GMT+0800 (GMT+08:00) -- login refresh error -- reason:Error: No location header for redirect
Fri Aug 21 2020 09:34:00 GMT+0800 (GMT+08:00) -- login refresh error -- reason:Error: No location header for redirect
Fri Aug 21 2020 09:36:00 GMT+0800 (GMT+08:00) -- login refresh error -- reason:Error: No location header for redirect
Fri Aug 21 2020 09:38:00 GMT+0800 (GMT+08:00) -- login refresh error -- reason:Error: No location header for redirect
Fri Aug 21 2020 09:38:01 GMT+0800 (GMT+08:00) -- login refresh error -- reason:Error: No location header for redirect
Fri Aug 21 2020 09:40:00 GMT+0800 (GMT+08:00) -- login refresh error -- reason:Error: No location header for redirect
Fri Aug 21 2020 09:42:00 GMT+0800 (GMT+08:00) -- login refresh error -- reason:Error: No location header for redirect
Fri Aug 21 2020 09:44:00 GMT+0800 (GMT+08:00) -- login refresh error -- reason:Error: No location header for redirect
Fri Aug 21 2020 09:46:00 GMT+0800 (GMT+08:00) -- login refresh error -- reason:Error: No location header for redirect
Fri Aug 21 2020 09:48:00 GMT+0800 (GMT+08:00) -- login refresh error -- reason:Error: No location header for redirect
Fri Aug 21 2020 09:50:00 GMT+0800 (GMT+08:00) -- login refresh error -- reason:Error: No location header for redirect
Fri Aug 21 2020 09:52:00 GMT+0800 (GMT+08:00) -- login refresh error -- reason:Error: No location header for redirect
Fri Aug 21 2020 09:54:00 GMT+0800 (GMT+08:00) -- login refresh error -- reason:Error: No location header for redirect
Fri Aug 21 2020 09:56:00 GMT+0800 (GMT+08:00) -- login refresh error -- reason:Error: No location header for redirect
Fri Aug 21 2020 09:58:00 GMT+0800 (GMT+08:00) -- login refresh error -- reason:Error: No location header for redirect
Fri Aug 21 2020 10:00:00 GMT+0800 (GMT+08:00) -- login refresh error -- reason:Error: No location header for redirect
Fri Aug 21 2020 10:02:00 GMT+0800 (GMT+08:00) -- login refresh error -- reason:Error: No location header for redirect
Fri Aug 21 2020 10:04:00 GMT+0800 (GMT+08:00) -- login refresh error -- reason:Error: No location header for redirect
Fri Aug 21 2020 10:06:00 GMT+0800 (GMT+08:00) -- login refresh error -- reason:Error: No location header for redirect
Fri Aug 21 2020 10:08:00 GMT+0800 (GMT+08:00) -- login refresh error -- reason:Error: No location header for redirect
Fri Aug 21 2020 10:10:00 GMT+0800 (GMT+08:00) -- login refresh error -- reason:Error: No location header for redirect
Fri Aug 21 2020 10:12:00 GMT+0800 (GMT+08:00) -- login refresh error -- reason:Error: No location header for redirect
Fri Aug 21 2020 10:14:00 GMT+0800 (GMT+08:00) -- login refresh error -- reason:Error: No location header for redirect
Fri Aug 21 2020 10:16:00 GMT+0800 (GMT+08:00) -- login refresh error -- reason:Error: No location header for redirect
Fri Aug 21 2020 10:18:00 GMT+0800 (GMT+08:00) -- login refresh error -- reason:Error: No location header for redirect
Fri Aug 21 2020 10:20:00 GMT+0800 (GMT+08:00) -- login refresh error -- reason:Error: No location header for redirect
Fri Aug 21 2020 10:22:00 GMT+0800 (GMT+08:00) -- login refresh error -- reason:Error: No location header for redirect
Fri Aug 21 2020 10:24:00 GMT+0800 (GMT+08:00) -- login refresh error -- reason:Error: No location header for redirect
Fri Aug 21 2020 10:26:00 GMT+0800 (GMT+08:00) -- login refresh error -- reason:Error: No location header for redirect
Fri Aug 21 2020 10:28:00 GMT+0800 (GMT+08:00) -- login refresh error -- reason:Error: No location header for redirect
Fri Aug 21 2020 10:30:00 GMT+0800 (GMT+08:00) -- login refresh error -- reason:Error: No location header for redirect
Fri Aug 21 2020 10:32:00 GMT+0800 (GMT+08:00) -- login refresh error -- reason:Error: No location header for redirect
Fri Aug 21 2020 10:34:00 GMT+0800 (GMT+08:00) -- login refresh error -- reason:Error: No location header for redirect
Fri Aug 21 2020 10:36:00 GMT+0800 (GMT+08:00) -- login refresh error -- reason:Error: No location header for redirect
Fri Aug 21 2020 10:38:00 GMT+0800 (GMT+08:00) -- login refresh error -- reason:Error: No location header for redirect
Fri Aug 21 2020 10:40:00 GMT+0800 (GMT+08:00) -- login refresh error -- reason:Error: No location header for redirect
Fri Aug 21 2020 10:42:00 GMT+0800 (GMT+08:00) -- login refresh error -- reason:Error: No location header for redirect
Fri Aug 21 2020 10:44:00 GMT+0800 (GMT+08:00) -- login refresh error -- reason:Error: No location header for redirect
Fri Aug 21 2020 10:46:00 GMT+0800 (GMT+08:00) -- login refresh error -- reason:Error: No location header for redirect
Fri Aug 21 2020 10:48:00 GMT+0800 (GMT+08:00) -- login refresh error -- reason:Error: No location header for redirect
Fri Aug 21 2020 10:50:00 GMT+0800 (GMT+08:00) -- login refresh error -- reason:Error: No location header for redirect
Fri Aug 21 2020 10:52:00 GMT+0800 (GMT+08:00) -- login refresh error -- reason:Error: No location header for redirect
Fri Aug 21 2020 10:54:00 GMT+0800 (GMT+08:00) -- login refresh error -- reason:Error: No location header for redirect
Fri Aug 21 2020 10:56:00 GMT+0800 (GMT+08:00) -- login refresh error -- reason:Error: No location header for redirect
Fri Aug 21 2020 10:58:00 GMT+0800 (GMT+08:00) -- login refresh error -- reason:Error: No location header for redirect
Fri Aug 21 2020 11:00:00 GMT+0800 (GMT+08:00) -- login refresh error -- reason:Error: No location header for redirect
Fri Aug 21 2020 11:02:00 GMT+0800 (GMT+08:00) -- login refresh error -- reason:Error: No location header for redirect
Fri Aug 21 2020 11:04:00 GMT+0800 (GMT+08:00) -- login refresh error -- reason:Error: No location header for redirect
Fri Aug 21 2020 11:06:00 GMT+0800 (GMT+08:00) -- login refresh error -- reason:Error: No location header for redirect
Fri Aug 21 2020 11:08:00 GMT+0800 (GMT+08:00) -- login refresh error -- reason:Error: No location header for redirect
Fri Aug 21 2020 11:10:00 GMT+0800 (GMT+08:00) -- login refresh error -- reason:Error: No location header for redirect
Fri Aug 21 2020 11:12:00 GMT+0800 (GMT+08:00) -- login refresh error -- reason:Error: No location header for redirect
Fri Aug 21 2020 11:14:00 GMT+0800 (GMT+08:00) -- login refresh error -- reason:Error: No location header for redirect
Fri Aug 21 2020 11:16:00 GMT+0800 (GMT+08:00) -- login refresh error -- reason:Error: No location header for redirect
Fri Aug 21 2020 11:18:00 GMT+0800 (GMT+08:00) -- login refresh error -- reason:Error: No location header for redirect
Fri Aug 21 2020 11:20:00 GMT+0800 (GMT+08:00) -- login refresh error -- reason:Error: No location header for redirect
Fri Aug 21 2020 11:22:00 GMT+0800 (GMT+08:00) -- login refresh error -- reason:Error: No location header for redirect
Fri Aug 21 2020 11:24:00 GMT+0800 (GMT+08:00) -- login refresh error -- reason:Error: No location header for redirect
Fri Aug 21 2020 11:26:00 GMT+0800 (GMT+08:00) -- login refresh error -- reason:Error: No location header for redirect
Fri Aug 21 2020 11:28:00 GMT+0800 (GMT+08:00) -- login refresh error -- reason:Error: No location header for redirect
Fri Aug 21 2020 11:30:00 GMT+0800 (GMT+08:00) -- login refresh error -- reason:Error: No location header for redirect
Fri Aug 21 2020 11:32:00 GMT+0800 (GMT+08:00) -- login refresh error -- reason:Error: No location header for redirect
Fri Aug 21 2020 11:34:00 GMT+0800 (GMT+08:00) -- login refresh error -- reason:Error: No location header for redirect
Fri Aug 21 2020 11:36:00 GMT+0800 (GMT+08:00) -- login refresh error -- reason:Error: No location header for redirect
Fri Aug 21 2020 11:38:00 GMT+0800 (GMT+08:00) -- login refresh error -- reason:Error: No location header for redirect
Fri Aug 21 2020 11:40:00 GMT+0800 (GMT+08:00) -- login refresh error -- reason:Error: No location header for redirect
Fri Aug 21 2020 11:42:00 GMT+0800 (GMT+08:00) -- login refresh error -- reason:Error: No location header for redirect
Fri Aug 21 2020 11:44:00 GMT+0800 (GMT+08:00) -- login refresh error -- reason:Error: No location header for redirect
Fri Aug 21 2020 11:46:00 GMT+0800 (GMT+08:00) -- login refresh error -- reason:Error: No location header for redirect
Fri Aug 21 2020 11:48:00 GMT+0800 (GMT+08:00) -- login refresh error -- reason:Error: No location header for redirect
Fri Aug 21 2020 11:50:00 GMT+0800 (GMT+08:00) -- login refresh error -- reason:Error: No location header for redirect
Fri Aug 21 2020 11:52:00 GMT+0800 (GMT+08:00) -- login refresh error -- reason:Error: No location header for redirect
Fri Aug 21 2020 11:54:00 GMT+0800 (GMT+08:00) -- login refresh error -- reason:Error: No location header for redirect
Fri Aug 21 2020 11:56:00 GMT+0800 (GMT+08:00) -- login refresh error -- reason:Error: No location header for redirect
Fri Aug 21 2020 11:58:00 GMT+0800 (GMT+08:00) -- login refresh error -- reason:Error: No location header for redirect
Fri Aug 21 2020 12:00:00 GMT+0800 (GMT+08:00) -- login refresh error -- reason:Error: No location header for redirect
Fri Aug 21 2020 12:02:00 GMT+0800 (GMT+08:00) -- login refresh error -- reason:Error: No location header for redirect
Fri Aug 21 2020 12:04:00 GMT+0800 (GMT+08:00) -- login refresh error -- reason:Error: No location header for redirect
Fri Aug 21 2020 12:06:00 GMT+0800 (GMT+08:00) -- login refresh error -- reason:Error: No location header for redirect
Fri Aug 21 2020 12:08:00 GMT+0800 (GMT+08:00) -- login refresh error -- reason:Error: No location header for redirect
Fri Aug 21 2020 12:10:00 GMT+0800 (GMT+08:00) -- login refresh error -- reason:Error: No location header for redirect
Fri Aug 21 2020 12:12:00 GMT+0800 (GMT+08:00) -- login refresh error -- reason:Error: No location header for redirect
Fri Aug 21 2020 12:14:00 GMT+0800 (GMT+08:00) -- login refresh error -- reason:Error: No location header for redirect
Fri Aug 21 2020 12:16:00 GMT+0800 (GMT+08:00) -- login refresh error -- reason:Error: No location header for redirect
Fri Aug 21 2020 12:18:00 GMT+0800 (GMT+08:00) -- login refresh error -- reason:Error: No location header for redirect
Fri Aug 21 2020 12:20:00 GMT+0800 (GMT+08:00) -- login refresh error -- reason:Error: No location header for redirect
Fri Aug 21 2020 12:22:00 GMT+0800 (GMT+08:00) -- login refresh error -- reason:Error: No location header for redirect
Fri Aug 21 2020 12:24:00 GMT+0800 (GMT+08:00) -- login refresh error -- reason:Error: No location header for redirect
Fri Aug 21 2020 12:26:00 GMT+0800 (GMT+08:00) -- login refresh error -- reason:Error: No location header for redirect
Fri Aug 21 2020 12:28:00 GMT+0800 (GMT+08:00) -- login refresh error -- reason:Error: No location header for redirect
Fri Aug 21 2020 12:30:00 GMT+0800 (GMT+08:00) -- login refresh error -- reason:Error: No location header for redirect
Fri Aug 21 2020 12:32:00 GMT+0800 (GMT+08:00) -- login refresh error -- reason:Error: No location header for redirect
Fri Aug 21 2020 12:34:00 GMT+0800 (GMT+08:00) -- login refresh error -- reason:Error: No location header for redirect
Fri Aug 21 2020 12:36:00 GMT+0800 (GMT+08:00) -- login refresh error -- reason:Error: No location header for redirect
Fri Aug 21 2020 12:38:00 GMT+0800 (GMT+08:00) -- login refresh error -- reason:Error: No location header for redirect
Fri Aug 21 2020 12:40:00 GMT+0800 (GMT+08:00) -- login refresh error -- reason:Error: No location header for redirect
Fri Aug 21 2020 12:42:00 GMT+0800 (GMT+08:00) -- login refresh error -- reason:Error: No location header for redirect
Fri Aug 21 2020 12:44:00 GMT+0800 (GMT+08:00) -- login refresh error -- reason:Error: No location header for redirect
Fri Aug 21 2020 12:46:00 GMT+0800 (GMT+08:00) -- login refresh error -- reason:Error: No location header for redirect
Fri Aug 21 2020 12:48:00 GMT+0800 (GMT+08:00) -- login refresh error -- reason:Error: No location header for redirect
Fri Aug 21 2020 12:50:00 GMT+0800 (GMT+08:00) -- login refresh error -- reason:Error: No location header for redirect
Fri Aug 21 2020 12:52:00 GMT+0800 (GMT+08:00) -- login refresh error -- reason:Error: No location header for redirect
Fri Aug 21 2020 12:54:00 GMT+0800 (GMT+08:00) -- login refresh error -- reason:Error: No location header for redirect
Fri Aug 21 2020 12:56:00 GMT+0800 (GMT+08:00) -- login refresh error -- reason:Error: No location header for redirect
Fri Aug 21 2020 12:58:00 GMT+0800 (GMT+08:00) -- login refresh error -- reason:Error: No location header for redirect
Fri Aug 21 2020 13:00:00 GMT+0800 (GMT+08:00) -- login refresh error -- reason:Error: No location header for redirect
Fri Aug 21 2020 13:02:00 GMT+0800 (GMT+08:00) -- login refresh error -- reason:Error: No location header for redirect
Fri Aug 21 2020 13:04:00 GMT+0800 (GMT+08:00) -- login refresh error -- reason:Error: No location header for redirect
Fri Aug 21 2020 13:06:00 GMT+0800 (GMT+08:00) -- login refresh error -- reason:Error: No location header for redirect
Fri Aug 21 2020 13:08:00 GMT+0800 (GMT+08:00) -- login refresh error -- reason:Error: No location header for redirect
Fri Aug 21 2020 13:10:00 GMT+0800 (GMT+08:00) -- login refresh error -- reason:Error: No location header for redirect
Fri Aug 21 2020 13:12:00 GMT+0800 (GMT+08:00) -- login refresh error -- reason:Error: No location header for redirect
Fri Aug 21 2020 13:14:00 GMT+0800 (GMT+08:00) -- login refresh error -- reason:Error: No location header for redirect
Fri Aug 21 2020 13:16:00 GMT+0800 (GMT+08:00) -- login refresh error -- reason:Error: No location header for redirect
Fri Aug 21 2020 13:18:00 GMT+0800 (GMT+08:00) -- login refresh error -- reason:Error: No location header for redirect
Fri Aug 21 2020 13:20:00 GMT+0800 (GMT+08:00) -- login refresh error -- reason:Error: No location header for redirect
Fri Aug 21 2020 13:22:00 GMT+0800 (GMT+08:00) -- login refresh error -- reason:Error: No location header for redirect
Fri Aug 21 2020 13:24:00 GMT+0800 (GMT+08:00) -- login refresh error -- reason:Error: No location header for redirect
Fri Aug 21 2020 13:26:00 GMT+0800 (GMT+08:00) -- login refresh error -- reason:Error: No location header for redirect
Fri Aug 21 2020 13:28:00 GMT+0800 (GMT+08:00) -- login refresh error -- reason:Error: No location header for redirect
Fri Aug 21 2020 13:30:00 GMT+0800 (GMT+08:00) -- login refresh error -- reason:Error: No location header for redirect
Fri Aug 21 2020 13:32:00 GMT+0800 (GMT+08:00) -- login refresh error -- reason:Error: No location header for redirect
Fri Aug 21 2020 13:34:00 GMT+0800 (GMT+08:00) -- login refresh error -- reason:Error: No location header for redirect
Fri Aug 21 2020 13:36:00 GMT+0800 (GMT+08:00) -- login refresh error -- reason:Error: No location header for redirect
Fri Aug 21 2020 13:38:00 GMT+0800 (GMT+08:00) -- login refresh error -- reason:Error: No location header for redirect
Fri Aug 21 2020 13:40:00 GMT+0800 (GMT+08:00) -- login refresh error -- reason:Error: No location header for redirect
Fri Aug 21 2020 13:42:00 GMT+0800 (GMT+08:00) -- login refresh error -- reason:Error: No location header for redirect
Fri Aug 21 2020 13:44:00 GMT+0800 (GMT+08:00) -- login refresh error -- reason:Error: No location header for redirect
Fri Aug 21 2020 13:46:00 GMT+0800 (GMT+08:00) -- login refresh error -- reason:Error: No location header for redirect
Fri Aug 21 2020 13:48:00 GMT+0800 (GMT+08:00) -- login refresh error -- reason:Error: No location header for redirect
Fri Aug 21 2020 13:50:00 GMT+0800 (GMT+08:00) -- login refresh error -- reason:Error: No location header for redirect
Fri Aug 21 2020 13:52:00 GMT+0800 (GMT+08:00) -- login refresh error -- reason:Error: No location header for redirect
Fri Aug 21 2020 13:54:00 GMT+0800 (GMT+08:00) -- login refresh error -- reason:Error: No location header for redirect
Fri Aug 21 2020 13:56:00 GMT+0800 (GMT+08:00) -- login refresh error -- reason:Error: No location header for redirect
Fri Aug 21 2020 13:58:00 GMT+0800 (GMT+08:00) -- login refresh error -- reason:Error: No location header for redirect
Fri Aug 21 2020 14:00:00 GMT+0800 (GMT+08:00) -- login refresh error -- reason:Error: No location header for redirect
Fri Aug 21 2020 14:02:00 GMT+0800 (GMT+08:00) -- login refresh error -- reason:Error: No location header for redirect
Fri Aug 21 2020 14:04:00 GMT+0800 (GMT+08:00) -- login refresh error -- reason:Error: No location header for redirect
Fri Aug 21 2020 14:06:00 GMT+0800 (GMT+08:00) -- login refresh error -- reason:Error: No location header for redirect
Fri Aug 21 2020 14:08:00 GMT+0800 (GMT+08:00) -- login refresh error -- reason:Error: No location header for redirect
Fri Aug 21 2020 14:10:00 GMT+0800 (GMT+08:00) -- login refresh error -- reason:Error: No location header for redirect
Fri Aug 21 2020 14:12:00 GMT+0800 (GMT+08:00) -- login refresh error -- reason:Error: No location header for redirect
Fri Aug 21 2020 14:14:00 GMT+0800 (GMT+08:00) -- login refresh error -- reason:Error: No location header for redirect
Fri Aug 21 2020 14:16:00 GMT+0800 (GMT+08:00) -- login refresh error -- reason:Error: No location header for redirect
Fri Aug 21 2020 14:18:00 GMT+0800 (GMT+08:00) -- login refresh error -- reason:Error: No location header for redirect
Fri Aug 21 2020 14:20:00 GMT+0800 (GMT+08:00) -- login refresh error -- reason:Error: No location header for redirect
Fri Aug 21 2020 14:22:00 GMT+0800 (GMT+08:00) -- login refresh error -- reason:Error: No location header for redirect
Fri Aug 21 2020 14:24:00 GMT+0800 (GMT+08:00) -- login refresh error -- reason:Error: No location header for redirect
Fri Aug 21 2020 14:26:00 GMT+0800 (GMT+08:00) -- login refresh error -- reason:Error: No location header for redirect
Fri Aug 21 2020 14:28:00 GMT+0800 (GMT+08:00) -- login refresh error -- reason:Error: No location header for redirect
Fri Aug 21 2020 14:30:00 GMT+0800 (GMT+08:00) -- login refresh error -- reason:Error: No location header for redirect
Fri Aug 21 2020 14:32:00 GMT+0800 (GMT+08:00) -- login refresh error -- reason:Error: No location header for redirect
Fri Aug 21 2020 14:34:00 GMT+0800 (GMT+08:00) -- login refresh error -- reason:Error: No location header for redirect
Fri Aug 21 2020 14:36:00 GMT+0800 (GMT+08:00) -- login refresh error -- reason:Error: No location header for redirect
Fri Aug 21 2020 14:38:00 GMT+0800 (GMT+08:00) -- login refresh error -- reason:Error: No location header for redirect
Fri Aug 21 2020 14:40:00 GMT+0800 (GMT+08:00) -- login refresh error -- reason:Error: No location header for redirect
Fri Aug 21 2020 14:42:00 GMT+0800 (GMT+08:00) -- login refresh error -- reason:Error: No location header for redirect
Fri Aug 21 2020 14:44:00 GMT+0800 (GMT+08:00) -- login refresh error -- reason:Error: No location header for redirect
Fri Aug 21 2020 14:46:00 GMT+0800 (GMT+08:00) -- login refresh error -- reason:Error: No location header for redirect
Fri Aug 21 2020 14:48:00 GMT+0800 (GMT+08:00) -- login refresh error -- reason:Error: No location header for redirect
Fri Aug 21 2020 14:50:00 GMT+0800 (GMT+08:00) -- login refresh error -- reason:Error: No location header for redirect
Fri Aug 21 2020 14:52:00 GMT+0800 (GMT+08:00) -- login refresh error -- reason:Error: No location header for redirect
Fri Aug 21 2020 14:54:00 GMT+0800 (GMT+08:00) -- login refresh error -- reason:Error: No location header for redirect
Fri Aug 21 2020 14:56:00 GMT+0800 (GMT+08:00) -- login refresh error -- reason:Error: No location header for redirect
Fri Aug 21 2020 14:58:00 GMT+0800 (GMT+08:00) -- login refresh error -- reason:Error: No location header for redirect
Fri Aug 21 2020 15:00:00 GMT+0800 (GMT+08:00) -- login refresh error -- reason:Error: No location header for redirect
Fri Aug 21 2020 15:02:00 GMT+0800 (GMT+08:00) -- login refresh error -- reason:Error: No location header for redirect
Fri Aug 21 2020 15:04:00 GMT+0800 (GMT+08:00) -- login refresh error -- reason:Error: No location header for redirect
Fri Aug 21 2020 15:06:00 GMT+0800 (GMT+08:00) -- login refresh error -- reason:Error: No location header for redirect
Fri Aug 21 2020 15:08:00 GMT+0800 (GMT+08:00) -- login refresh error -- reason:Error: No location header for redirect
Fri Aug 21 2020 15:10:00 GMT+0800 (GMT+08:00) -- login refresh error -- reason:Error: No location header for redirect
Fri Aug 21 2020 15:12:00 GMT+0800 (GMT+08:00) -- login refresh error -- reason:Error: No location header for redirect
Fri Aug 21 2020 15:14:00 GMT+0800 (GMT+08:00) -- login refresh error -- reason:Error: No location header for redirect
Fri Aug 21 2020 15:16:00 GMT+0800 (GMT+08:00) -- login refresh error -- reason:Error: No location header for redirect
Fri Aug 21 2020 15:18:00 GMT+0800 (GMT+08:00) -- login refresh error -- reason:Error: No location header for redirect
Fri Aug 21 2020 15:20:00 GMT+0800 (GMT+08:00) -- login refresh error -- reason:Error: No location header for redirect
Fri Aug 21 2020 15:22:00 GMT+0800 (GMT+08:00) -- login refresh error -- reason:Error: No location header for redirect
Fri Aug 21 2020 15:24:00 GMT+0800 (GMT+08:00) -- login refresh error -- reason:Error: No location header for redirect
Fri Aug 21 2020 15:26:00 GMT+0800 (GMT+08:00) -- login refresh error -- reason:Error: No location header for redirect
Fri Aug 21 2020 15:28:00 GMT+0800 (GMT+08:00) -- login refresh error -- reason:Error: No location header for redirect
Fri Aug 21 2020 15:30:00 GMT+0800 (GMT+08:00) -- login refresh error -- reason:Error: No location header for redirect
Fri Aug 21 2020 15:32:00 GMT+0800 (GMT+08:00) -- login refresh error -- reason:Error: No location header for redirect
Fri Aug 21 2020 15:34:00 GMT+0800 (GMT+08:00) -- login refresh error -- reason:Error: No location header for redirect
Fri Aug 21 2020 15:36:00 GMT+0800 (GMT+08:00) -- login refresh error -- reason:Error: No location header for redirect
Fri Aug 21 2020 15:38:00 GMT+0800 (GMT+08:00) -- login refresh error -- reason:Error: No location header for redirect
Fri Aug 21 2020 15:40:00 GMT+0800 (GMT+08:00) -- login refresh error -- reason:Error: No location header for redirect
Fri Aug 21 2020 15:42:00 GMT+0800 (GMT+08:00) -- login refresh error -- reason:Error: No location header for redirect
Fri Aug 21 2020 15:44:00 GMT+0800 (GMT+08:00) -- login refresh error -- reason:Error: No location header for redirect
Fri Aug 21 2020 15:46:00 GMT+0800 (GMT+08:00) -- login refresh error -- reason:Error: No location header for redirect
Fri Aug 21 2020 15:48:00 GMT+0800 (GMT+08:00) -- login refresh error -- reason:Error: No location header for redirect
Fri Aug 21 2020 15:50:00 GMT+0800 (GMT+08:00) -- login refresh error -- reason:Error: No location header for redirect
Fri Aug 21 2020 15:52:00 GMT+0800 (GMT+08:00) -- login refresh error -- reason:Error: No location header for redirect
Fri Aug 21 2020 15:54:00 GMT+0800 (GMT+08:00) -- login refresh error -- reason:Error: No location header for redirect
Fri Aug 21 2020 15:56:00 GMT+0800 (GMT+08:00) -- login refresh error -- reason:Error: No location header for redirect
Fri Aug 21 2020 15:58:00 GMT+0800 (GMT+08:00) -- login refresh error -- reason:Error: No location header for redirect
Fri Aug 21 2020 16:00:00 GMT+0800 (GMT+08:00) -- login refresh error -- reason:Error: No location header for redirect
Fri Aug 21 2020 16:02:00 GMT+0800 (GMT+08:00) -- login refresh error -- reason:Error: No location header for redirect
Fri Aug 21 2020 16:04:00 GMT+0800 (GMT+08:00) -- login refresh error -- reason:Error: No location header for redirect
Fri Aug 21 2020 16:06:00 GMT+0800 (GMT+08:00) -- login refresh error -- reason:Error: No location header for redirect
Fri Aug 21 2020 16:08:00 GMT+0800 (GMT+08:00) -- login refresh error -- reason:Error: No location header for redirect
Fri Aug 21 2020 16:10:00 GMT+0800 (GMT+08:00) -- login refresh error -- reason:Error: No location header for redirect
Fri Aug 21 2020 16:12:00 GMT+0800 (GMT+08:00) -- login refresh error -- reason:Error: No location header for redirect
Fri Aug 21 2020 16:14:00 GMT+0800 (GMT+08:00) -- login refresh error -- reason:Error: No location header for redirect
Fri Aug 21 2020 16:16:00 GMT+0800 (GMT+08:00) -- login refresh error -- reason:Error: No location header for redirect
Fri Aug 21 2020 16:18:00 GMT+0800 (GMT+08:00) -- login refresh error -- reason:Error: No location header for redirect
Fri Aug 21 2020 16:20:00 GMT+0800 (GMT+08:00) -- login refresh error -- reason:Error: No location header for redirect
Fri Aug 21 2020 16:22:00 GMT+0800 (GMT+08:00) -- login refresh error -- reason:Error: No location header for redirect
Fri Aug 21 2020 16:24:00 GMT+0800 (GMT+08:00) -- login refresh error -- reason:Error: No location header for redirect
Fri Aug 21 2020 16:26:00 GMT+0800 (GMT+08:00) -- login refresh error -- reason:Error: No location header for redirect
Fri Aug 21 2020 16:28:00 GMT+0800 (GMT+08:00) -- login refresh error -- reason:Error: No location header for redirect
Fri Aug 21 2020 16:30:00 GMT+0800 (GMT+08:00) -- login refresh error -- reason:Error: No location header for redirect
Fri Aug 21 2020 16:32:00 GMT+0800 (GMT+08:00) -- login refresh error -- reason:Error: No location header for redirect
Fri Aug 21 2020 16:34:00 GMT+0800 (GMT+08:00) -- login refresh error -- reason:Error: No location header for redirect
Fri Aug 21 2020 16:36:00 GMT+0800 (GMT+08:00) -- login refresh error -- reason:Error: No location header for redirect
Fri Aug 21 2020 16:38:00 GMT+0800 (GMT+08:00) -- login refresh error -- reason:Error: No location header for redirect
Fri Aug 21 2020 16:40:00 GMT+0800 (GMT+08:00) -- login refresh error -- reason:Error: No location header for redirect
Fri Aug 21 2020 16:42:00 GMT+0800 (GMT+08:00) -- login refresh error -- reason:Error: No location header for redirect
Fri Aug 21 2020 16:44:00 GMT+0800 (GMT+08:00) -- login refresh error -- reason:Error: No location header for redirect
Fri Aug 21 2020 16:46:00 GMT+0800 (GMT+08:00) -- login refresh error -- reason:Error: No location header for redirect
Fri Aug 21 2020 16:48:00 GMT+0800 (GMT+08:00) -- login refresh error -- reason:Error: No location header for redirect
Fri Aug 21 2020 16:50:00 GMT+0800 (GMT+08:00) -- login refresh error -- reason:Error: No location header for redirect
Fri Aug 21 2020 16:52:00 GMT+0800 (GMT+08:00) -- login refresh error -- reason:Error: No location header for redirect
Fri Aug 21 2020 16:54:00 GMT+0800 (GMT+08:00) -- login refresh error -- reason:Error: No location header for redirect
Fri Aug 21 2020 16:56:00 GMT+0800 (GMT+08:00) -- login refresh error -- reason:Error: No location header for redirect
Fri Aug 21 2020 16:58:00 GMT+0800 (GMT+08:00) -- login refresh error -- reason:Error: No location header for redirect
Fri Aug 21 2020 17:00:00 GMT+0800 (GMT+08:00) -- login refresh error -- reason:Error: No location header for redirect
Fri Aug 21 2020 17:02:00 GMT+0800 (GMT+08:00) -- login refresh error -- reason:Error: No location header for redirect
Fri Aug 21 2020 17:04:00 GMT+0800 (GMT+08:00) -- login refresh error -- reason:Error: No location header for redirect
Fri Aug 21 2020 17:06:00 GMT+0800 (GMT+08:00) -- login refresh error -- reason:Error: No location header for redirect
Fri Aug 21 2020 17:08:00 GMT+0800 (GMT+08:00) -- login refresh error -- reason:Error: No location header for redirect
Fri Aug 21 2020 17:10:00 GMT+0800 (GMT+08:00) -- login refresh error -- reason:Error: No location header for redirect
Fri Aug 21 2020 17:12:00 GMT+0800 (GMT+08:00) -- login refresh error -- reason:Error: No location header for redirect
Fri Aug 21 2020 17:14:00 GMT+0800 (GMT+08:00) -- login refresh error -- reason:Error: No location header for redirect
Fri Aug 21 2020 17:16:00 GMT+0800 (GMT+08:00) -- login refresh error -- reason:Error: No location header for redirect
Fri Aug 21 2020 17:18:00 GMT+0800 (GMT+08:00) -- login refresh error -- reason:Error: No location header for redirect
Fri Aug 21 2020 17:20:00 GMT+0800 (GMT+08:00) -- login refresh error -- reason:Error: No location header for redirect
Fri Aug 21 2020 17:22:00 GMT+0800 (GMT+08:00) -- login refresh error -- reason:Error: No location header for redirect
Fri Aug 21 2020 17:24:00 GMT+0800 (GMT+08:00) -- login refresh error -- reason:Error: No location header for redirect
Fri Aug 21 2020 17:26:00 GMT+0800 (GMT+08:00) -- login refresh error -- reason:Error: No location header for redirect
Fri Aug 21 2020 17:28:00 GMT+0800 (GMT+08:00) -- login refresh error -- reason:Error: No location header for redirect
Fri Aug 21 2020 17:30:00 GMT+0800 (GMT+08:00) -- login refresh error -- reason:Error: No location header for redirect
Fri Aug 21 2020 17:32:00 GMT+0800 (GMT+08:00) -- login refresh error -- reason:Error: No location header for redirect
Fri Aug 21 2020 17:34:00 GMT+0800 (GMT+08:00) -- login refresh error -- reason:Error: No location header for redirect
Fri Aug 21 2020 17:36:00 GMT+0800 (GMT+08:00) -- login refresh error -- reason:Error: No location header for redirect
Fri Aug 21 2020 17:38:00 GMT+0800 (GMT+08:00) -- login refresh error -- reason:Error: No location header for redirect
Fri Aug 21 2020 17:40:00 GMT+0800 (GMT+08:00) -- login refresh error -- reason:Error: No location header for redirect
Fri Aug 21 2020 17:42:00 GMT+0800 (GMT+08:00) -- login refresh error -- reason:Error: No location header for redirect
Fri Aug 21 2020 17:44:00 GMT+0800 (GMT+08:00) -- login refresh error -- reason:Error: No location header for redirect
Fri Aug 21 2020 17:46:00 GMT+0800 (GMT+08:00) -- login refresh error -- reason:Error: No location header for redirect
Fri Aug 21 2020 17:48:00 GMT+0800 (GMT+08:00) -- login refresh error -- reason:Error: No location header for redirect
Fri Aug 21 2020 17:50:00 GMT+0800 (GMT+08:00) -- login refresh error -- reason:Error: No location header for redirect
Fri Aug 21 2020 17:52:00 GMT+0800 (GMT+08:00) -- login refresh error -- reason:Error: No location header for redirect
Fri Aug 21 2020 17:54:00 GMT+0800 (GMT+08:00) -- login refresh error -- reason:Error: No location header for redirect
Fri Aug 21 2020 17:56:00 GMT+0800 (GMT+08:00) -- login refresh error -- reason:Error: No location header for redirect
Fri Aug 21 2020 17:58:00 GMT+0800 (GMT+08:00) -- login refresh error -- reason:Error: No location header for redirect
Fri Aug 21 2020 18:00:00 GMT+0800 (GMT+08:00) -- login refresh error -- reason:Error: No location header for redirect
Fri Aug 21 2020 18:02:00 GMT+0800 (GMT+08:00) -- login refresh error -- reason:Error: No location header for redirect
Fri Aug 21 2020 18:04:00 GMT+0800 (GMT+08:00) -- login refresh error -- reason:Error: No location header for redirect
Fri Aug 21 2020 18:06:00 GMT+0800 (GMT+08:00) -- login refresh error -- reason:Error: No location header for redirect
Fri Aug 21 2020 18:08:00 GMT+0800 (GMT+08:00) -- login refresh error -- reason:Error: No location header for redirect
Fri Aug 21 2020 18:10:00 GMT+0800 (GMT+08:00) -- login refresh error -- reason:Error: No location header for redirect
Fri Aug 21 2020 18:12:00 GMT+0800 (GMT+08:00) -- login refresh error -- reason:Error: No location header for redirect
Fri Aug 21 2020 18:14:00 GMT+0800 (GMT+08:00) -- login refresh error -- reason:Error: No location header for redirect
Fri Aug 21 2020 18:16:00 GMT+0800 (GMT+08:00) -- login refresh error -- reason:Error: No location header for redirect
Fri Aug 21 2020 18:18:00 GMT+0800 (GMT+08:00) -- login refresh error -- reason:Error: No location header for redirect
Fri Aug 21 2020 18:20:00 GMT+0800 (GMT+08:00) -- login refresh error -- reason:Error: No location header for redirect
Fri Aug 21 2020 18:22:00 GMT+0800 (GMT+08:00) -- login refresh error -- reason:Error: No location header for redirect
Fri Aug 21 2020 18:24:00 GMT+0800 (GMT+08:00) -- login refresh error -- reason:Error: No location header for redirect
Fri Aug 21 2020 18:26:00 GMT+0800 (GMT+08:00) -- login refresh error -- reason:Error: No location header for redirect
Fri Aug 21 2020 18:28:00 GMT+0800 (GMT+08:00) -- login refresh error -- reason:Error: No location header for redirect
Fri Aug 21 2020 18:30:00 GMT+0800 (GMT+08:00) -- login refresh error -- reason:Error: No location header for redirect
Fri Aug 21 2020 18:32:00 GMT+0800 (GMT+08:00) -- login refresh error -- reason:Error: No location header for redirect
Fri Aug 21 2020 18:34:00 GMT+0800 (GMT+08:00) -- login refresh error -- reason:Error: No location header for redirect
Fri Aug 21 2020 18:36:00 GMT+0800 (GMT+08:00) -- login refresh error -- reason:Error: No location header for redirect
Fri Aug 21 2020 18:38:00 GMT+0800 (GMT+08:00) -- login refresh error -- reason:Error: No location header for redirect
Fri Aug 21 2020 18:40:00 GMT+0800 (GMT+08:00) -- login refresh error -- reason:Error: No location header for redirect
Fri Aug 21 2020 18:42:00 GMT+0800 (GMT+08:00) -- login refresh error -- reason:Error: No location header for redirect
Fri Aug 21 2020 18:44:00 GMT+0800 (GMT+08:00) -- login refresh error -- reason:Error: No location header for redirect
Fri Aug 21 2020 18:46:00 GMT+0800 (GMT+08:00) -- login refresh error -- reason:Error: No location header for redirect
Fri Aug 21 2020 18:48:00 GMT+0800 (GMT+08:00) -- login refresh error -- reason:Error: No location header for redirect
Fri Aug 21 2020 18:50:00 GMT+0800 (GMT+08:00) -- login refresh error -- reason:Error: No location header for redirect
Fri Aug 21 2020 18:52:00 GMT+0800 (GMT+08:00) -- login refresh error -- reason:Error: No location header for redirect
Fri Aug 21 2020 18:54:00 GMT+0800 (GMT+08:00) -- login refresh error -- reason:Error: No location header for redirect
Fri Aug 21 2020 18:56:00 GMT+0800 (GMT+08:00) -- login refresh error -- reason:Error: No location header for redirect
Fri Aug 21 2020 18:58:00 GMT+0800 (GMT+08:00) -- login refresh error -- reason:Error: No location header for redirect
Fri Aug 21 2020 19:00:00 GMT+0800 (GMT+08:00) -- login refresh error -- reason:Error: No location header for redirect
Fri Aug 21 2020 19:02:00 GMT+0800 (GMT+08:00) -- login refresh error -- reason:Error: No location header for redirect
Fri Aug 21 2020 19:04:00 GMT+0800 (GMT+08:00) -- login refresh error -- reason:Error: No location header for redirect
Fri Aug 21 2020 19:06:00 GMT+0800 (GMT+08:00) -- login refresh error -- reason:Error: No location header for redirect
Fri Aug 21 2020 19:08:00 GMT+0800 (GMT+08:00) -- login refresh error -- reason:Error: No location header for redirect
Fri Aug 21 2020 19:10:00 GMT+0800 (GMT+08:00) -- login refresh error -- reason:Error: No location header for redirect
Fri Aug 21 2020 19:12:00 GMT+0800 (GMT+08:00) -- login refresh error -- reason:Error: No location header for redirect
Fri Aug 21 2020 19:14:00 GMT+0800 (GMT+08:00) -- login refresh error -- reason:Error: No location header for redirect
Fri Aug 21 2020 19:16:00 GMT+0800 (GMT+08:00) -- login refresh error -- reason:Error: No location header for redirect
Fri Aug 21 2020 19:18:00 GMT+0800 (GMT+08:00) -- login refresh error -- reason:Error: No location header for redirect
Fri Aug 21 2020 19:20:00 GMT+0800 (GMT+08:00) -- login refresh error -- reason:Error: No location header for redirect
Fri Aug 21 2020 19:22:00 GMT+0800 (GMT+08:00) -- login refresh error -- reason:Error: No location header for redirect
Fri Aug 21 2020 19:24:00 GMT+0800 (GMT+08:00) -- login refresh error -- reason:Error: No location header for redirect
Fri Aug 21 2020 19:26:00 GMT+0800 (GMT+08:00) -- login refresh error -- reason:Error: No location header for redirect
Fri Aug 21 2020 19:28:00 GMT+0800 (GMT+08:00) -- login refresh error -- reason:Error: No location header for redirect
Fri Aug 21 2020 19:30:00 GMT+0800 (GMT+08:00) -- login refresh error -- reason:Error: No location header for redirect
Fri Aug 21 2020 19:32:00 GMT+0800 (GMT+08:00) -- login refresh error -- reason:Error: No location header for redirect
Fri Aug 21 2020 19:34:00 GMT+0800 (GMT+08:00) -- login refresh error -- reason:Error: No location header for redirect
Fri Aug 21 2020 19:36:00 GMT+0800 (GMT+08:00) -- login refresh error -- reason:Error: No location header for redirect
Fri Aug 21 2020 19:38:00 GMT+0800 (GMT+08:00) -- login refresh error -- reason:Error: No location header for redirect
Fri Aug 21 2020 19:40:00 GMT+0800 (GMT+08:00) -- login refresh error -- reason:Error: No location header for redirect
Fri Aug 21 2020 19:42:00 GMT+0800 (GMT+08:00) -- login refresh error -- reason:Error: No location header for redirect
Fri Aug 21 2020 19:44:00 GMT+0800 (GMT+08:00) -- login refresh error -- reason:Error: No location header for redirect
Fri Aug 21 2020 19:46:00 GMT+0800 (GMT+08:00) -- login refresh error -- reason:Error: No location header for redirect
Fri Aug 21 2020 19:48:00 GMT+0800 (GMT+08:00) -- login refresh error -- reason:Error: No location header for redirect
Fri Aug 21 2020 19:50:00 GMT+0800 (GMT+08:00) -- login refresh error -- reason:Error: No location header for redirect
Fri Aug 21 2020 19:52:00 GMT+0800 (GMT+08:00) -- login refresh error -- reason:Error: No location header for redirect
Fri Aug 21 2020 19:54:00 GMT+0800 (GMT+08:00) -- login refresh error -- reason:Error: No location header for redirect
Fri Aug 21 2020 19:56:00 GMT+0800 (GMT+08:00) -- login refresh error -- reason:Error: No location header for redirect
Fri Aug 21 2020 19:58:00 GMT+0800 (GMT+08:00) -- login refresh error -- reason:Error: No location header for redirect
Fri Aug 21 2020 20:00:00 GMT+0800 (GMT+08:00) -- login refresh error -- reason:Error: No location header for redirect
Fri Aug 21 2020 20:02:00 GMT+0800 (GMT+08:00) -- login refresh error -- reason:Error: No location header for redirect
Fri Aug 21 2020 20:04:00 GMT+0800 (GMT+08:00) -- login refresh error -- reason:Error: No location header for redirect
Fri Aug 21 2020 20:06:00 GMT+0800 (GMT+08:00) -- login refresh error -- reason:Error: No location header for redirect
Fri Aug 21 2020 20:08:00 GMT+0800 (GMT+08:00) -- login refresh error -- reason:Error: No location header for redirect
Fri Aug 21 2020 20:10:00 GMT+0800 (GMT+08:00) -- login refresh error -- reason:Error: No location header for redirect
Fri Aug 21 2020 20:12:00 GMT+0800 (GMT+08:00) -- login refresh error -- reason:Error: No location header for redirect
Fri Aug 21 2020 20:14:00 GMT+0800 (GMT+08:00) -- login refresh error -- reason:Error: No location header for redirect
Fri Aug 21 2020 20:16:00 GMT+0800 (GMT+08:00) -- login refresh error -- reason:Error: No location header for redirect
Fri Aug 21 2020 20:18:00 GMT+0800 (GMT+08:00) -- login refresh error -- reason:Error: No location header for redirect
Fri Aug 21 2020 20:20:00 GMT+0800 (GMT+08:00) -- login refresh error -- reason:Error: No location header for redirect
Fri Aug 21 2020 20:22:00 GMT+0800 (GMT+08:00) -- login refresh error -- reason:Error: No location header for redirect
Fri Aug 21 2020 20:24:00 GMT+0800 (GMT+08:00) -- login refresh error -- reason:Error: No location header for redirect
Fri Aug 21 2020 20:26:00 GMT+0800 (GMT+08:00) -- login refresh error -- reason:Error: No location header for redirect
Fri Aug 21 2020 20:28:00 GMT+0800 (GMT+08:00) -- login refresh error -- reason:Error: No location header for redirect
Fri Aug 21 2020 20:30:00 GMT+0800 (GMT+08:00) -- login refresh error -- reason:Error: No location header for redirect
Fri Aug 21 2020 20:32:00 GMT+0800 (GMT+08:00) -- login refresh error -- reason:Error: No location header for redirect
Fri Aug 21 2020 20:34:00 GMT+0800 (GMT+08:00) -- login refresh error -- reason:Error: No location header for redirect
Fri Aug 21 2020 20:36:00 GMT+0800 (GMT+08:00) -- login refresh error -- reason:Error: No location header for redirect
Fri Aug 21 2020 20:38:00 GMT+0800 (GMT+08:00) -- login refresh error -- reason:Error: No location header for redirect
Fri Aug 21 2020 20:40:00 GMT+0800 (GMT+08:00) -- login refresh error -- reason:Error: No location header for redirect
Fri Aug 21 2020 20:42:00 GMT+0800 (GMT+08:00) -- login refresh error -- reason:Error: No location header for redirect
Fri Aug 21 2020 20:44:00 GMT+0800 (GMT+08:00) -- login refresh error -- reason:Error: No location header for redirect
Fri Aug 21 2020 20:46:00 GMT+0800 (GMT+08:00) -- login refresh error -- reason:Error: No location header for redirect
Fri Aug 21 2020 20:48:00 GMT+0800 (GMT+08:00) -- login refresh error -- reason:Error: No location header for redirect
Fri Aug 21 2020 20:50:00 GMT+0800 (GMT+08:00) -- login refresh error -- reason:Error: No location header for redirect
Fri Aug 21 2020 20:52:00 GMT+0800 (GMT+08:00) -- login refresh error -- reason:Error: No location header for redirect
Fri Aug 21 2020 20:54:00 GMT+0800 (GMT+08:00) -- login refresh error -- reason:Error: No location header for redirect
Fri Aug 21 2020 20:56:00 GMT+0800 (GMT+08:00) -- login refresh error -- reason:Error: No location header for redirect
Fri Aug 21 2020 20:58:00 GMT+0800 (GMT+08:00) -- login refresh error -- reason:Error: No location header for redirect
Fri Aug 21 2020 21:00:00 GMT+0800 (GMT+08:00) -- login refresh error -- reason:Error: No location header for redirect
Fri Aug 21 2020 21:02:00 GMT+0800 (GMT+08:00) -- login refresh error -- reason:Error: No location header for redirect
Fri Aug 21 2020 21:04:00 GMT+0800 (GMT+08:00) -- login refresh error -- reason:Error: No location header for redirect
Fri Aug 21 2020 21:06:00 GMT+0800 (GMT+08:00) -- login refresh error -- reason:Error: No location header for redirect
Fri Aug 21 2020 21:08:00 GMT+0800 (GMT+08:00) -- login refresh error -- reason:Error: No location header for redirect
Fri Aug 21 2020 21:10:00 GMT+0800 (GMT+08:00) -- login refresh error -- reason:Error: No location header for redirect
Fri Aug 21 2020 21:12:00 GMT+0800 (GMT+08:00) -- login refresh error -- reason:Error: No location header for redirect
Fri Aug 21 2020 21:14:00 GMT+0800 (GMT+08:00) -- login refresh error -- reason:Error: No location header for redirect
Fri Aug 21 2020 21:16:00 GMT+0800 (GMT+08:00) -- login refresh error -- reason:Error: No location header for redirect
Fri Aug 21 2020 21:18:00 GMT+0800 (GMT+08:00) -- login refresh error -- reason:Error: No location header for redirect
Fri Aug 21 2020 21:20:00 GMT+0800 (GMT+08:00) -- login refresh error -- reason:Error: No location header for redirect
Fri Aug 21 2020 21:22:00 GMT+0800 (GMT+08:00) -- login refresh error -- reason:Error: No location header for redirect
Fri Aug 21 2020 21:24:00 GMT+0800 (GMT+08:00) -- login refresh error -- reason:Error: No location header for redirect
Fri Aug 21 2020 21:26:00 GMT+0800 (GMT+08:00) -- login refresh error -- reason:Error: No location header for redirect
Fri Aug 21 2020 21:28:00 GMT+0800 (GMT+08:00) -- login refresh error -- reason:Error: No location header for redirect
Fri Aug 21 2020 21:32:00 GMT+0800 (GMT+08:00) -- login refresh error -- reason:Error: socket hang up
Fri Aug 21 2020 22:46:00 GMT+0800 (GMT+08:00) -- login refresh error -- reason:Error: socket hang up
Sat Aug 22 2020 13:42:21 GMT+0800 (GMT+08:00) -- login refresh error -- reason:Error: Bad Gateway
Sat Aug 22 2020 21:38:00 GMT+0800 (GMT+08:00) -- login refresh error -- reason:Error: socket hang up
Sun Aug 23 2020 21:30:21 GMT+0800 (GMT+08:00) -- login refresh error -- reason:Error: Bad Gateway
Sun Aug 23 2020 21:44:11 GMT+0800 (GMT+08:00) -- login refresh error -- reason:Error: Bad Gateway
Sun Aug 23 2020 22:56:50 GMT+0800 (GMT+08:00) -- login success
Sun Aug 23 2020 22:56:55 GMT+0800 (GMT+08:00) -- login success
